OrderLineID,DateKey,ProductKey,CustomerKey,StoreKey,Quantity,UnitPrice,UnitCost,Discount
100001,20240101,1028,59,7,2,34,14,0
100002,20240101,1024,206,2,3,45,19,0
100003,20240101,1026,87,2,3,169,71,0
100004,20240101,1034,76,4,4,24,9,0
100005,20240101,1007,39,3,1,27,11,0.05
100006,20240101,1032,290,6,2,18,7,0.05
100007,20240101,1021,156,5,1,16,6,0
100008,20240101,1029,47,7,1,99,44,0
100009,20240101,1031,176,2,4,52,22,0
100010,20240101,1003,268,3,2,55,22,0
100011,20240101,1024,174,1,1,45,19,0
100012,20240101,1022,146,5,1,21,8,0.1
100013,20240102,1026,287,7,2,169,71,0
100014,20240102,1034,10,6,2,24,9,0.05
100015,20240102,1020,249,4,1,199,88,0.2
100016,20240102,1010,277,1,3,99,41,0
100017,20240102,1010,85,8,3,99,41,0.15
100018,20240102,1029,241,4,1,99,44,0.2
100019,20240102,1024,145,7,2,45,19,0
100020,20240103,1024,64,5,1,45,19,0.15
100021,20240103,1033,114,8,2,15,6,0.2
100022,20240103,1023,192,4,1,75,31,0
100023,20240103,1024,172,3,1,45,19,0
100024,20240103,1009,72,8,4,159,64,0
100025,20240103,1006,271,7,1,9,3,0
100026,20240103,1004,33,2,2,49,18,0.05
100027,20240103,1023,44,6,1,75,31,0.1
100028,20240103,1035,200,8,4,13,5,0.05
100029,20240103,1024,177,4,1,45,19,0.15
100030,20240104,1022,90,8,1,21,8,0
100031,20240104,1009,151,4,3,159,64,0
100032,20240104,1035,147,6,1,13,5,0.1
100033,20240104,1022,205,8,3,21,8,0
100034,20240104,1025,189,5,1,22,8,0.1
100035,20240104,1021,229,7,1,16,6,0
100036,20240104,1023,223,5,3,75,31,0.2
100037,20240104,1004,82,1,2,49,18,0
100038,20240104,1029,188,6,1,99,44,0.15
100039,20240105,1024,188,7,1,45,19,0
100040,20240105,1032,134,8,4,18,7,0
100041,20240105,1032,89,8,1,18,7,0
100042,20240105,1033,122,8,4,15,6,0.15
100043,20240106,1024,45,2,4,45,19,0
100044,20240106,1020,211,7,3,199,88,0
100045,20240106,1005,239,6,1,19,7,0
100046,20240106,1034,116,6,1,24,9,0
100047,20240106,1006,65,5,2,9,3,0.05
100048,20240106,1035,298,3,2,13,5,0.05
100049,20240106,1002,136,4,4,24,9,0.15
100050,20240106,1027,280,5,1,49,21,0.2
100051,20240106,1026,226,7,1,169,71,0
100052,20240106,1031,164,6,1,52,22,0
100053,20240106,1026,164,4,1,169,71,0.05
100054,20240106,1030,26,5,2,69,29,0
100055,20240106,1025,82,6,1,22,8,0.2
100056,20240107,1030,202,8,1,69,29,0
100057,20240107,1023,241,5,1,75,31,0.05
100058,20240107,1035,136,6,1,13,5,0
100059,20240107,1026,100,6,1,169,71,0.05
100060,20240107,1036,282,5,1,11,4,0
100061,20240107,1008,174,6,1,8,2,0
100062,20240107,1010,24,1,2,99,41,0.05
100063,20240107,1031,72,6,1,52,22,0.2
100064,20240107,1021,154,6,4,16,6,0.1
100065,20240107,1035,9,6,2,13,5,0
100066,20240107,1027,14,8,3,49,21,0.1
100067,20240107,1031,195,3,2,52,22,0.05
100068,20240107,1016,10,8,4,22,9,0
100069,20240107,1021,257,8,1,16,6,0
100070,20240107,1034,270,7,1,24,9,0.1
100071,20240107,1032,141,5,1,18,7,0.2
100072,20240108,1035,75,5,4,13,5,0.15
100073,20240108,1031,288,5,3,52,22,0
100074,20240108,1009,26,4,3,159,64,0
100075,20240108,1015,52,3,1,55,23,0.1
100076,20240108,1031,165,5,1,52,22,0.2
100077,20240109,1022,253,3,4,21,8,0.05
100078,20240109,1033,84,8,1,15,6,0
100079,20240109,1013,219,6,3,14,5,0.2
100080,20240109,1007,128,1,1,27,11,0
100081,20240109,1017,169,5,2,120,52,0
100082,20240109,1001,61,8,1,79,29,0
100083,20240109,1020,160,2,2,199,88,0.2
100084,20240109,1019,245,3,1,79,34,0.2
100085,20240109,1024,276,4,2,45,19,0
100086,20240110,1008,294,3,2,8,2,0.05
100087,20240110,1034,251,2,2,24,9,0.1
100088,20240110,1033,213,8,1,15,6,0
100089,20240110,1026,38,1,1,169,71,0
100090,20240110,1028,36,8,1,34,14,0.2
100091,20240110,1027,194,7,4,49,21,0
100092,20240110,1035,276,7,4,13,5,0
100093,20240110,1034,12,5,4,24,9,0.15
100094,20240110,1035,236,6,1,13,5,0
100095,20240110,1008,9,4,2,8,2,0.05
100096,20240111,1004,277,4,1,49,18,0
100097,20240111,1004,295,6,4,49,18,0
100098,20240111,1021,267,4,4,16,6,0.2
100099,20240111,1027,90,7,1,49,21,0.2
100100,20240111,1036,196,6,4,11,4,0.2
100101,20240111,1027,276,8,1,49,21,0
100102,20240111,1027,105,6,1,49,21,0
100103,20240111,1024,138,7,3,45,19,0
100104,20240111,1036,156,1,1,11,4,0.2
100105,20240112,1019,134,6,2,79,34,0
100106,20240112,1030,164,4,4,69,29,0
100107,20240112,1024,75,1,1,45,19,0.15
100108,20240112,1027,292,4,1,49,21,0
100109,20240112,1022,252,8,3,21,8,0.2
100110,20240112,1023,278,1,3,75,31,0
100111,20240112,1034,25,1,3,24,9,0.2
100112,20240112,1027,78,1,2,49,21,0
100113,20240112,1024,248,8,2,45,19,0.2
100114,20240112,1002,272,5,2,24,9,0
100115,20240112,1028,50,3,4,34,14,0
100116,20240112,1016,137,7,2,22,9,0.15
100117,20240113,1003,29,1,1,55,22,0.05
100118,20240113,1011,170,2,3,69,28,0.1
100119,20240113,1031,144,1,4,52,22,0.1
100120,20240113,1021,204,2,1,16,6,0
100121,20240113,1020,200,6,1,199,88,0.15
100122,20240113,1025,41,6,1,22,8,0.2
100123,20240113,1004,204,6,1,49,18,0
100124,20240113,1029,222,3,1,99,44,0.2
100125,20240113,1025,38,2,2,22,8,0.15
100126,20240113,1018,200,6,2,32,13,0.1
100127,20240113,1024,185,5,1,45,19,0
100128,20240113,1007,285,7,1,27,11,0
100129,20240113,1007,167,7,1,27,11,0
100130,20240113,1025,125,3,3,22,8,0.05
100131,20240113,1025,75,2,1,22,8,0
100132,20240113,1027,127,8,3,49,21,0
100133,20240113,1026,169,8,2,169,71,0.15
100134,20240113,1021,295,4,2,16,6,0
100135,20240113,1021,59,4,3,16,6,0
100136,20240113,1035,237,4,3,13,5,0
100137,20240114,1027,130,3,1,49,21,0
100138,20240114,1028,246,7,1,34,14,0.2
100139,20240114,1035,279,1,4,13,5,0.1
100140,20240114,1024,44,2,3,45,19,0.05
100141,20240114,1023,205,6,2,75,31,0.05
100142,20240114,1028,266,4,1,34,14,0
100143,20240114,1029,257,3,2,99,44,0.1
100144,20240114,1031,60,3,1,52,22,0.2
100145,20240114,1023,248,6,2,75,31,0
100146,20240114,1031,35,5,3,52,22,0
100147,20240114,1008,85,4,1,8,2,0
100148,20240114,1034,237,4,1,24,9,0.05
100149,20240114,1026,203,1,1,169,71,0.1
100150,20240114,1028,33,2,2,34,14,0
100151,20240114,1035,135,8,1,13,5,0
100152,20240114,1026,89,5,1,169,71,0.15
100153,20240114,1021,73,7,1,16,6,0
100154,20240114,1027,250,3,2,49,21,0
100155,20240114,1036,231,1,1,11,4,0
100156,20240114,1032,259,8,3,18,7,0.2
100157,20240114,1027,251,3,1,49,21,0.15
100158,20240114,1018,290,8,1,32,13,0.15
100159,20240115,1024,226,4,3,45,19,0.15
100160,20240115,1028,153,1,3,34,14,0.15
100161,20240115,1029,61,4,4,99,44,0
100162,20240115,1023,72,4,2,75,31,0
100163,20240115,1023,150,5,2,75,31,0
100164,20240115,1007,31,5,3,27,11,0
100165,20240115,1026,213,7,2,169,71,0
100166,20240115,1029,207,5,3,99,44,0.15
100167,20240115,1024,48,8,2,45,19,0.05
100168,20240116,1023,220,4,3,75,31,0
100169,20240116,1032,296,3,3,18,7,0
100170,20240116,1004,9,2,2,49,18,0.15
100171,20240116,1028,155,3,2,34,14,0
100172,20240116,1018,85,1,1,32,13,0
100173,20240116,1026,220,2,3,169,71,0.15
100174,20240116,1007,116,8,2,27,11,0
100175,20240116,1001,217,3,1,79,29,0
100176,20240116,1031,53,2,1,52,22,0.1
100177,20240116,1021,69,3,1,16,6,0
100178,20240117,1025,127,5,2,22,8,0.15
100179,20240117,1006,146,1,2,9,3,0.1
100180,20240117,1020,201,5,2,199,88,0
100181,20240117,1008,7,6,2,8,2,0
100182,20240117,1021,188,3,4,16,6,0.05
100183,20240117,1005,21,1,1,19,7,0
100184,20240117,1026,213,7,2,169,71,0.05
100185,20240117,1026,143,2,2,169,71,0.05
100186,20240117,1020,80,6,4,199,88,0.2
100187,20240117,1026,34,5,3,169,71,0.1
100188,20240117,1028,45,7,3,34,14,0
100189,20240117,1012,84,8,2,29,12,0.1
100190,20240117,1023,86,6,3,75,31,0.1
100191,20240118,1028,296,2,1,34,14,0.1
100192,20240118,1032,291,3,1,18,7,0
100193,20240118,1024,60,4,3,45,19,0.2
100194,20240118,1033,24,8,4,15,6,0
100195,20240118,1024,19,7,1,45,19,0.2
100196,20240118,1027,293,6,1,49,21,0.15
100197,20240118,1004,206,2,3,49,18,0.2
100198,20240118,1020,103,5,2,199,88,0
100199,20240118,1016,278,6,4,22,9,0
100200,20240119,1020,252,1,2,199,88,0
100201,20240119,1006,212,6,1,9,3,0.15
100202,20240119,1033,291,1,3,15,6,0
100203,20240119,1028,162,7,1,34,14,0
100204,20240119,1021,104,3,1,16,6,0
100205,20240119,1007,209,2,1,27,11,0
100206,20240119,1035,238,5,3,13,5,0
100207,20240119,1008,21,4,3,8,2,0
100208,20240119,1021,203,1,2,16,6,0.2
100209,20240119,1020,208,8,4,199,88,0
100210,20240119,1016,63,1,1,22,9,0.15
100211,20240119,1015,44,5,3,55,23,0
100212,20240119,1005,228,3,1,19,7,0.2
100213,20240119,1022,294,7,4,21,8,0
100214,20240119,1026,182,4,1,169,71,0
100215,20240120,1032,144,7,2,18,7,0
100216,20240120,1034,10,7,4,24,9,0.05
100217,20240120,1023,290,6,3,75,31,0
100218,20240120,1025,16,5,1,22,8,0.05
100219,20240120,1007,29,4,1,27,11,0.05
100220,20240120,1025,91,4,3,22,8,0.15
100221,20240120,1023,291,3,1,75,31,0.1
100222,20240120,1006,245,1,2,9,3,0
100223,20240120,1021,73,2,1,16,6,0.1
100224,20240120,1026,81,7,1,169,71,0
100225,20240120,1023,158,5,2,75,31,0
100226,20240120,1009,294,7,1,159,64,0.1
100227,20240120,1003,114,2,1,55,22,0.15
100228,20240121,1005,46,6,4,19,7,0
100229,20240121,1029,180,5,1,99,44,0.1
100230,20240121,1027,52,8,1,49,21,0.05
100231,20240121,1015,151,1,1,55,23,0.15
100232,20240121,1021,193,3,1,16,6,0
100233,20240121,1028,81,1,1,34,14,0.2
100234,20240121,1035,26,7,1,13,5,0
100235,20240121,1010,246,4,1,99,41,0
100236,20240121,1007,42,8,1,27,11,0
100237,20240121,1026,279,7,4,169,71,0
100238,20240121,1025,239,5,2,22,8,0
100239,20240121,1004,177,7,2,49,18,0
100240,20240121,1025,244,4,1,22,8,0.05
100241,20240121,1031,18,3,1,52,22,0.15
100242,20240121,1029,99,3,4,99,44,0.2
100243,20240122,1028,133,6,3,34,14,0
100244,20240122,1005,142,8,2,19,7,0.05
100245,20240122,1027,243,1,2,49,21,0.05
100246,20240122,1026,122,1,4,169,71,0
100247,20240122,1024,144,8,3,45,19,0
100248,20240122,1015,165,5,4,55,23,0
100249,20240122,1027,209,8,1,49,21,0
100250,20240123,1011,269,1,2,69,28,0
100251,20240123,1012,128,1,3,29,12,0.15
100252,20240123,1030,189,8,1,69,29,0
100253,20240123,1033,124,6,4,15,6,0.1
100254,20240123,1023,47,5,3,75,31,0
100255,20240123,1033,5,8,3,15,6,0.15
100256,20240123,1001,141,7,2,79,29,0.2
100257,20240123,1025,155,7,2,22,8,0
100258,20240123,1007,192,5,4,27,11,0.2
100259,20240123,1031,142,5,4,52,22,0.1
100260,20240123,1020,30,7,2,199,88,0
100261,20240124,1019,19,4,1,79,34,0
100262,20240124,1023,286,3,3,75,31,0.15
100263,20240124,1019,287,3,1,79,34,0
100264,20240124,1020,300,5,4,199,88,0
100265,20240124,1031,37,8,2,52,22,0.05
100266,20240124,1025,78,3,1,22,8,0.15
100267,20240125,1030,42,8,4,69,29,0
100268,20240125,1004,87,3,1,49,18,0.15
100269,20240125,1006,220,8,2,9,3,0
100270,20240125,1025,8,6,2,22,8,0.1
100271,20240125,1034,128,4,2,24,9,0.1
100272,20240125,1023,157,3,1,75,31,0.05
100273,20240125,1034,176,8,4,24,9,0.2
100274,20240125,1023,207,1,1,75,31,0.2
100275,20240125,1011,193,5,2,69,28,0.15
100276,20240125,1002,64,5,1,24,9,0
100277,20240126,1023,255,4,1,75,31,0
100278,20240126,1031,57,8,1,52,22,0.1
100279,20240126,1033,119,8,3,15,6,0.2
100280,20240126,1019,21,5,1,79,34,0.15
100281,20240126,1024,49,1,1,45,19,0.1
100282,20240126,1022,140,7,1,21,8,0.2
100283,20240127,1008,82,2,3,8,2,0.2
100284,20240127,1027,225,3,2,49,21,0.05
100285,20240127,1025,67,8,2,22,8,0.15
100286,20240127,1032,134,6,1,18,7,0
100287,20240127,1025,28,1,3,22,8,0.2
100288,20240127,1011,143,1,2,69,28,0
100289,20240127,1033,121,2,2,15,6,0
100290,20240127,1030,256,8,2,69,29,0
100291,20240127,1021,53,7,2,16,6,0.1
100292,20240127,1027,156,4,2,49,21,0.15
100293,20240127,1024,170,8,3,45,19,0.15
100294,20240127,1024,114,1,1,45,19,0.15
100295,20240127,1022,281,6,2,21,8,0.15
100296,20240127,1007,210,2,1,27,11,0
100297,20240127,1013,98,6,3,14,5,0
100298,20240128,1029,256,1,2,99,44,0.05
100299,20240128,1009,165,7,2,159,64,0.05
100300,20240128,1033,284,4,2,15,6,0.15
100301,20240128,1013,68,3,3,14,5,0.1
100302,20240128,1023,214,5,2,75,31,0.2
100303,20240128,1028,75,1,2,34,14,0
100304,20240128,1004,147,5,3,49,18,0
100305,20240128,1019,232,2,2,79,34,0
100306,20240128,1036,148,1,2,11,4,0.15
100307,20240129,1004,227,4,1,49,18,0.05
100308,20240129,1024,100,5,2,45,19,0.05
100309,20240129,1029,89,2,2,99,44,0
100310,20240129,1025,83,5,1,22,8,0
100311,20240129,1010,155,8,4,99,41,0.05
100312,20240129,1036,113,3,3,11,4,0
100313,20240129,1034,275,7,2,24,9,0
100314,20240129,1022,272,8,1,21,8,0.15
100315,20240129,1001,125,1,1,79,29,0
100316,20240129,1021,132,5,3,16,6,0
100317,20240129,1024,152,4,2,45,19,0
100318,20240129,1007,4,2,4,27,11,0.05
100319,20240129,1028,223,2,1,34,14,0.15
100320,20240130,1010,38,1,3,99,41,0
100321,20240130,1036,209,7,3,11,4,0.2
100322,20240130,1028,4,2,1,34,14,0
100323,20240130,1033,45,5,3,15,6,0
100324,20240130,1029,81,4,3,99,44,0
100325,20240130,1035,192,1,2,13,5,0
100326,20240130,1010,276,2,1,99,41,0.05
100327,20240130,1020,109,7,3,199,88,0.1
100328,20240130,1033,130,4,1,15,6,0.05
100329,20240130,1008,282,8,3,8,2,0.15
100330,20240130,1036,102,8,2,11,4,0
100331,20240130,1022,146,2,2,21,8,0
100332,20240131,1029,79,6,2,99,44,0.1
100333,20240131,1011,224,5,1,69,28,0
100334,20240131,1024,237,8,3,45,19,0.2
100335,20240131,1023,42,5,2,75,31,0
100336,20240131,1026,134,8,1,169,71,0
100337,20240131,1019,187,1,2,79,34,0
100338,20240131,1003,190,4,2,55,22,0
100339,20240201,1024,21,6,4,45,19,0.2
100340,20240201,1025,265,5,2,22,8,0.15
100341,20240201,1023,4,3,1,75,31,0.15
100342,20240201,1029,109,3,1,99,44,0.1
100343,20240201,1012,118,7,2,29,12,0.15
100344,20240201,1031,12,4,1,52,22,0.15
100345,20240201,1003,263,1,2,55,22,0
100346,20240201,1010,208,1,1,99,41,0
100347,20240202,1027,94,5,3,49,21,0.15
100348,20240202,1005,104,7,1,19,7,0
100349,20240202,1035,67,1,1,13,5,0
100350,20240202,1028,272,7,1,34,14,0
100351,20240202,1025,295,2,3,22,8,0.2
100352,20240202,1028,43,5,2,34,14,0
100353,20240202,1035,4,2,1,13,5,0.1
100354,20240202,1034,162,7,2,24,9,0.1
100355,20240202,1024,134,7,1,45,19,0.05
100356,20240202,1024,105,7,4,45,19,0
100357,20240202,1031,158,6,2,52,22,0
100358,20240203,1026,118,8,3,169,71,0.1
100359,20240203,1011,282,1,2,69,28,0.15
100360,20240203,1028,20,7,1,34,14,0
100361,20240203,1026,30,3,2,169,71,0.1
100362,20240203,1032,266,5,1,18,7,0.1
100363,20240203,1013,119,3,2,14,5,0.05
100364,20240203,1026,266,1,1,169,71,0.05
100365,20240203,1036,179,6,3,11,4,0.2
100366,20240203,1018,207,1,4,32,13,0
100367,20240203,1017,258,5,2,120,52,0.05
100368,20240203,1025,235,8,3,22,8,0.15
100369,20240203,1017,118,6,2,120,52,0.2
100370,20240204,1019,39,3,2,79,34,0.15
100371,20240204,1031,94,4,1,52,22,0.05
100372,20240204,1017,183,3,1,120,52,0
100373,20240204,1007,253,1,1,27,11,0.2
100374,20240204,1031,295,5,1,52,22,0.2
100375,20240204,1032,204,4,3,18,7,0.05
100376,20240204,1009,277,1,3,159,64,0
100377,20240204,1033,235,2,4,15,6,0.15
100378,20240204,1034,108,7,2,24,9,0
100379,20240204,1017,176,6,1,120,52,0
100380,20240204,1024,293,3,1,45,19,0
100381,20240204,1036,77,8,1,11,4,0
100382,20240204,1001,265,6,2,79,29,0.2
100383,20240204,1032,204,2,2,18,7,0.05
100384,20240204,1011,50,8,3,69,28,0
100385,20240204,1022,132,6,1,21,8,0.05
100386,20240204,1035,262,8,3,13,5,0
100387,20240205,1025,86,6,2,22,8,0.2
100388,20240205,1027,37,2,2,49,21,0.15
100389,20240205,1021,203,5,1,16,6,0
100390,20240205,1024,86,3,2,45,19,0
100391,20240205,1002,41,4,1,24,9,0
100392,20240205,1007,14,7,4,27,11,0.05
100393,20240205,1006,200,5,2,9,3,0
100394,20240205,1019,88,1,1,79,34,0.05
100395,20240206,1035,289,7,2,13,5,0.1
100396,20240206,1035,46,8,1,13,5,0.05
100397,20240206,1020,1,3,1,199,88,0
100398,20240206,1023,252,8,2,75,31,0.1
100399,20240206,1020,119,1,2,199,88,0
100400,20240206,1036,203,4,1,11,4,0.05
100401,20240206,1025,123,5,1,22,8,0
100402,20240206,1027,57,8,1,49,21,0
100403,20240206,1029,10,3,2,99,44,0
100404,20240206,1002,225,1,1,24,9,0
100405,20240206,1015,216,5,1,55,23,0
100406,20240207,1010,241,3,3,99,41,0
100407,20240207,1001,227,4,3,79,29,0
100408,20240207,1003,107,8,3,55,22,0
100409,20240207,1025,22,2,1,22,8,0
100410,20240207,1020,112,2,4,199,88,0.15
100411,20240207,1021,203,4,3,16,6,0.05
100412,20240207,1006,174,1,2,9,3,0.1
100413,20240207,1007,178,8,1,27,11,0.2
100414,20240207,1013,129,1,1,14,5,0.1
100415,20240208,1032,240,5,1,18,7,0
100416,20240208,1036,135,6,2,11,4,0
100417,20240208,1030,95,1,2,69,29,0
100418,20240208,1024,276,7,1,45,19,0.1
100419,20240208,1021,35,1,1,16,6,0
100420,20240208,1009,99,2,1,159,64,0
100421,20240208,1025,132,1,2,22,8,0.1
100422,20240208,1024,107,8,3,45,19,0
100423,20240208,1027,137,1,3,49,21,0
100424,20240209,1034,98,4,3,24,9,0.05
100425,20240209,1036,184,8,1,11,4,0.1
100426,20240209,1036,227,6,1,11,4,0
100427,20240209,1027,124,4,2,49,21,0.1
100428,20240209,1025,232,8,4,22,8,0
100429,20240209,1026,9,3,1,169,71,0
100430,20240209,1020,162,1,4,199,88,0
100431,20240209,1010,136,6,2,99,41,0
100432,20240209,1020,40,6,1,199,88,0.2
100433,20240210,1020,29,6,3,199,88,0
100434,20240210,1028,117,1,4,34,14,0.15
100435,20240210,1025,290,3,2,22,8,0
100436,20240210,1015,229,2,2,55,23,0.2
100437,20240210,1026,26,7,1,169,71,0
100438,20240210,1017,67,3,2,120,52,0.15
100439,20240210,1032,269,4,2,18,7,0.05
100440,20240210,1016,295,2,3,22,9,0
100441,20240210,1028,13,5,1,34,14,0
100442,20240210,1029,192,3,3,99,44,0
100443,20240210,1006,76,5,1,9,3,0.2
100444,20240210,1008,276,4,2,8,2,0
100445,20240210,1034,139,1,1,24,9,0
100446,20240210,1001,185,2,2,79,29,0.1
100447,20240210,1002,195,2,4,24,9,0
100448,20240211,1035,288,1,1,13,5,0.2
100449,20240211,1003,202,3,2,55,22,0
100450,20240211,1023,257,5,1,75,31,0.2
100451,20240211,1018,71,2,1,32,13,0
100452,20240211,1025,117,7,2,22,8,0.15
100453,20240211,1022,298,4,1,21,8,0.1
100454,20240211,1008,16,6,3,8,2,0
100455,20240211,1020,141,3,4,199,88,0.2
100456,20240211,1013,137,4,1,14,5,0.15
100457,20240211,1031,192,3,3,52,22,0
100458,20240211,1025,17,7,1,22,8,0
100459,20240211,1027,105,2,2,49,21,0
100460,20240212,1028,195,6,1,34,14,0.1
100461,20240212,1026,269,1,3,169,71,0.05
100462,20240212,1034,126,7,2,24,9,0.2
100463,20240212,1004,147,8,2,49,18,0.2
100464,20240212,1029,300,3,2,99,44,0
100465,20240212,1026,104,8,2,169,71,0
100466,20240212,1006,84,2,2,9,3,0.2
100467,20240212,1006,269,7,2,9,3,0
100468,20240212,1025,77,3,1,22,8,0
100469,20240212,1010,159,8,2,99,41,0
100470,20240212,1013,255,8,3,14,5,0
100471,20240213,1032,210,8,2,18,7,0
100472,20240213,1001,286,4,2,79,29,0.05
100473,20240213,1004,75,1,1,49,18,0
100474,20240213,1020,92,3,1,199,88,0
100475,20240213,1036,19,2,2,11,4,0.05
100476,20240213,1020,219,2,4,199,88,0.15
100477,20240213,1019,169,7,1,79,34,0.15
100478,20240213,1034,293,2,1,24,9,0
100479,20240213,1019,295,6,3,79,34,0
100480,20240213,1032,93,4,2,18,7,0
100481,20240213,1001,107,7,2,79,29,0.15
100482,20240213,1027,109,1,1,49,21,0.15
100483,20240213,1020,59,6,2,199,88,0.15
100484,20240213,1022,90,4,2,21,8,0.2
100485,20240213,1031,172,8,2,52,22,0.15
100486,20240214,1002,182,2,2,24,9,0.15
100487,20240214,1025,200,3,3,22,8,0.05
100488,20240214,1018,232,5,2,32,13,0
100489,20240214,1012,48,8,3,29,12,0.15
100490,20240214,1033,98,6,2,15,6,0.05
100491,20240214,1034,51,3,1,24,9,0.15
100492,20240214,1030,160,1,4,69,29,0
100493,20240214,1003,12,5,3,55,22,0.1
100494,20240215,1035,77,3,2,13,5,0
100495,20240215,1018,53,4,4,32,13,0.05
100496,20240215,1035,146,4,1,13,5,0
100497,20240215,1011,228,1,2,69,28,0
100498,20240215,1009,197,1,4,159,64,0
100499,20240215,1020,274,2,1,199,88,0.15
100500,20240215,1030,239,8,1,69,29,0.1
100501,20240216,1026,167,8,4,169,71,0
100502,20240216,1032,237,3,2,18,7,0
100503,20240216,1026,37,5,3,169,71,0
100504,20240216,1035,125,3,2,13,5,0
100505,20240216,1031,221,7,1,52,22,0.15
100506,20240216,1016,294,8,2,22,9,0.1
100507,20240216,1030,158,7,1,69,29,0
100508,20240216,1025,112,3,2,22,8,0
100509,20240217,1019,163,5,2,79,34,0
100510,20240217,1028,299,1,4,34,14,0.2
100511,20240217,1033,190,1,1,15,6,0
100512,20240217,1023,222,7,1,75,31,0
100513,20240217,1026,244,3,2,169,71,0.1
100514,20240217,1024,65,3,1,45,19,0.2
100515,20240217,1001,250,7,1,79,29,0.1
100516,20240217,1009,234,7,2,159,64,0
100517,20240217,1028,96,7,2,34,14,0
100518,20240217,1018,20,8,2,32,13,0
100519,20240217,1024,73,5,2,45,19,0.1
100520,20240217,1030,126,8,2,69,29,0.05
100521,20240218,1019,156,5,1,79,34,0.2
100522,20240218,1002,143,5,1,24,9,0.05
100523,20240218,1024,249,3,1,45,19,0.1
100524,20240218,1027,86,4,1,49,21,0
100525,20240218,1023,27,3,1,75,31,0.15
100526,20240218,1030,273,4,1,69,29,0.1
100527,20240218,1025,272,7,1,22,8,0
100528,20240218,1001,162,1,3,79,29,0
100529,20240218,1028,139,5,2,34,14,0
100530,20240218,1007,124,4,2,27,11,0
100531,20240218,1034,281,1,2,24,9,0
100532,20240219,1034,146,5,2,24,9,0
100533,20240219,1013,112,2,2,14,5,0
100534,20240219,1008,290,3,2,8,2,0
100535,20240219,1017,233,5,2,120,52,0
100536,20240219,1028,132,3,2,34,14,0.15
100537,20240219,1005,31,5,1,19,7,0
100538,20240219,1017,103,7,1,120,52,0.2
100539,20240219,1007,55,8,3,27,11,0
100540,20240219,1017,129,8,1,120,52,0.05
100541,20240219,1025,295,1,2,22,8,0.2
100542,20240219,1032,36,4,1,18,7,0.1
100543,20240220,1031,171,5,2,52,22,0.2
100544,20240220,1026,188,6,4,169,71,0.1
100545,20240220,1025,55,6,1,22,8,0
100546,20240220,1032,72,1,2,18,7,0.1
100547,20240220,1013,200,2,4,14,5,0
100548,20240220,1002,22,7,1,24,9,0.15
100549,20240220,1008,275,3,2,8,2,0.05
100550,20240220,1003,26,5,2,55,22,0
100551,20240220,1007,33,4,2,27,11,0.05
100552,20240220,1028,206,6,3,34,14,0.1
100553,20240220,1035,24,3,3,13,5,0.15
100554,20240220,1022,87,6,1,21,8,0.15
100555,20240220,1036,69,2,1,11,4,0.05
100556,20240221,1025,4,1,1,22,8,0
100557,20240221,1019,65,4,3,79,34,0.15
100558,20240221,1034,20,3,1,24,9,0
100559,20240221,1020,61,2,1,199,88,0
100560,20240221,1035,107,5,2,13,5,0.1
100561,20240221,1004,243,8,3,49,18,0.1
100562,20240221,1012,187,5,4,29,12,0
100563,20240221,1030,91,3,3,69,29,0.2
100564,20240221,1008,297,6,1,8,2,0
100565,20240221,1027,57,6,2,49,21,0
100566,20240221,1015,193,4,3,55,23,0.15
100567,20240222,1030,100,6,1,69,29,0
100568,20240222,1018,31,5,1,32,13,0.1
100569,20240222,1009,176,4,2,159,64,0
100570,20240222,1034,237,5,4,24,9,0.05
100571,20240222,1028,77,1,4,34,14,0.05
100572,20240223,1033,51,8,2,15,6,0
100573,20240223,1032,209,4,2,18,7,0
100574,20240223,1006,236,1,2,9,3,0
100575,20240223,1030,95,6,1,69,29,0.1
100576,20240223,1019,278,4,1,79,34,0.2
100577,20240223,1024,288,4,2,45,19,0.1
100578,20240224,1028,249,2,1,34,14,0
100579,20240224,1005,201,3,4,19,7,0
100580,20240224,1005,255,3,1,19,7,0.1
100581,20240224,1002,68,8,4,24,9,0.05
100582,20240224,1023,97,2,3,75,31,0
100583,20240224,1027,249,8,2,49,21,0.15
100584,20240224,1030,88,5,1,69,29,0.15
100585,20240224,1004,83,5,1,49,18,0.2
100586,20240224,1010,295,3,1,99,41,0.2
100587,20240224,1029,18,6,1,99,44,0.05
100588,20240224,1023,274,5,2,75,31,0.2
100589,20240224,1021,260,6,4,16,6,0.05
100590,20240225,1029,21,3,1,99,44,0
100591,20240225,1036,113,8,1,11,4,0.05
100592,20240225,1023,299,4,1,75,31,0.1
100593,20240225,1018,45,7,1,32,13,0.15
100594,20240225,1024,198,6,3,45,19,0
100595,20240225,1001,288,2,1,79,29,0.2
100596,20240225,1027,218,7,1,49,21,0.15
100597,20240225,1006,269,6,1,9,3,0.2
100598,20240225,1025,213,3,1,22,8,0.2
100599,20240225,1036,103,3,2,11,4,0.2
100600,20240225,1025,155,5,2,22,8,0.15
100601,20240225,1030,154,8,3,69,29,0
100602,20240225,1019,126,1,2,79,34,0.1
100603,20240225,1024,244,2,2,45,19,0.15
100604,20240225,1024,84,1,2,45,19,0.15
100605,20240226,1023,40,4,1,75,31,0.1
100606,20240226,1020,274,6,2,199,88,0
100607,20240226,1010,249,7,2,99,41,0
100608,20240226,1011,97,2,1,69,28,0
100609,20240226,1027,9,8,1,49,21,0.15
100610,20240226,1023,268,6,1,75,31,0.15
100611,20240226,1008,117,5,3,8,2,0
100612,20240226,1009,58,2,4,159,64,0
100613,20240226,1028,263,1,1,34,14,0.15
100614,20240226,1031,6,2,1,52,22,0
100615,20240226,1013,143,6,1,14,5,0
100616,20240226,1023,124,2,2,75,31,0.1
100617,20240227,1035,259,8,3,13,5,0.2
100618,20240227,1024,55,3,1,45,19,0.1
100619,20240227,1028,161,2,1,34,14,0
100620,20240227,1030,148,1,1,69,29,0.15
100621,20240227,1029,220,4,1,99,44,0.2
100622,20240227,1024,54,7,4,45,19,0
100623,20240227,1029,203,7,2,99,44,0
100624,20240227,1011,207,2,4,69,28,0
100625,20240228,1026,249,5,2,169,71,0.2
100626,20240228,1007,69,1,2,27,11,0
100627,20240228,1025,50,2,1,22,8,0
100628,20240228,1030,134,6,2,69,29,0
100629,20240228,1029,156,3,1,99,44,0.05
100630,20240228,1032,57,8,1,18,7,0
100631,20240228,1031,201,5,3,52,22,0.05
100632,20240229,1025,165,1,1,22,8,0.2
100633,20240229,1023,175,7,2,75,31,0.15
100634,20240229,1023,121,5,1,75,31,0
100635,20240229,1028,241,1,4,34,14,0
100636,20240229,1021,251,2,1,16,6,0.05
100637,20240229,1022,104,8,1,21,8,0.2
100638,20240301,1004,48,2,2,49,18,0.15
100639,20240301,1022,219,4,2,21,8,0.05
100640,20240301,1020,161,4,1,199,88,0.1
100641,20240301,1027,281,3,2,49,21,0
100642,20240301,1032,240,5,4,18,7,0.1
100643,20240301,1004,78,5,1,49,18,0
100644,20240301,1028,105,7,4,34,14,0.2
100645,20240301,1011,59,3,2,69,28,0
100646,20240301,1013,249,7,3,14,5,0
100647,20240301,1003,143,3,1,55,22,0
100648,20240302,1006,209,6,1,9,3,0
100649,20240302,1006,121,2,3,9,3,0.15
100650,20240302,1034,63,6,4,24,9,0
100651,20240302,1014,226,7,1,39,17,0.2
100652,20240302,1004,163,7,1,49,18,0.2
100653,20240302,1010,11,1,3,99,41,0.15
100654,20240302,1016,186,2,1,22,9,0.1
100655,20240302,1029,131,5,4,99,44,0
100656,20240302,1016,225,6,4,22,9,0
100657,20240302,1032,217,2,1,18,7,0.15
100658,20240302,1033,281,6,1,15,6,0.1
100659,20240303,1009,295,2,1,159,64,0
100660,20240303,1008,67,7,2,8,2,0.2
100661,20240303,1021,89,6,4,16,6,0
100662,20240303,1019,194,4,1,79,34,0
100663,20240303,1030,206,7,2,69,29,0
100664,20240303,1017,291,2,4,120,52,0
100665,20240303,1032,137,5,2,18,7,0
100666,20240303,1032,111,5,2,18,7,0
100667,20240303,1002,128,6,1,24,9,0.05
100668,20240303,1030,204,4,2,69,29,0.15
100669,20240303,1017,121,8,2,120,52,0
100670,20240303,1003,203,6,2,55,22,0
100671,20240303,1036,253,6,1,11,4,0
100672,20240303,1030,73,5,1,69,29,0.05
100673,20240303,1008,144,6,4,8,2,0
100674,20240303,1028,136,6,4,34,14,0.05
100675,20240304,1029,19,8,1,99,44,0
100676,20240304,1017,254,1,2,120,52,0
100677,20240304,1029,253,2,2,99,44,0
100678,20240304,1010,93,3,1,99,41,0.15
100679,20240304,1001,40,4,2,79,29,0
100680,20240304,1022,202,6,2,21,8,0.1
100681,20240304,1010,246,8,2,99,41,0.1
100682,20240304,1018,232,6,1,32,13,0.2
100683,20240304,1009,166,1,1,159,64,0.1
100684,20240305,1025,205,2,1,22,8,0
100685,20240305,1026,62,5,3,169,71,0.1
100686,20240305,1009,103,8,1,159,64,0
100687,20240305,1031,217,6,2,52,22,0
100688,20240305,1028,115,3,2,34,14,0.2
100689,20240305,1034,245,5,2,24,9,0
100690,20240305,1034,24,2,2,24,9,0.05
100691,20240305,1033,292,5,1,15,6,0.1
100692,20240305,1023,59,8,1,75,31,0.05
100693,20240306,1026,161,8,1,169,71,0.1
100694,20240306,1017,109,3,4,120,52,0.15
100695,20240306,1007,7,3,1,27,11,0
100696,20240306,1031,250,5,1,52,22,0.1
100697,20240306,1006,9,4,1,9,3,0
100698,20240306,1002,224,4,2,24,9,0.1
100699,20240306,1006,12,2,2,9,3,0
100700,20240306,1031,151,7,2,52,22,0
100701,20240306,1004,222,7,1,49,18,0.15
100702,20240307,1003,250,4,2,55,22,0.05
100703,20240307,1028,214,8,2,34,14,0
100704,20240307,1008,224,1,4,8,2,0
100705,20240307,1011,119,4,1,69,28,0
100706,20240307,1030,214,6,1,69,29,0.1
100707,20240307,1009,213,8,1,159,64,0
100708,20240307,1020,184,5,2,199,88,0.2
100709,20240307,1033,117,2,1,15,6,0
100710,20240307,1036,182,1,1,11,4,0
100711,20240307,1036,264,2,1,11,4,0.1
100712,20240308,1003,106,6,1,55,22,0
100713,20240308,1007,63,4,1,27,11,0.15
100714,20240308,1001,259,3,3,79,29,0
100715,20240308,1006,126,3,3,9,3,0
100716,20240308,1034,212,7,1,24,9,0.15
100717,20240308,1029,36,2,1,99,44,0.15
100718,20240308,1022,32,7,4,21,8,0
100719,20240309,1027,156,6,2,49,21,0.05
100720,20240309,1023,76,7,1,75,31,0.05
100721,20240309,1020,65,5,2,199,88,0
100722,20240309,1014,82,1,2,39,17,0.05
100723,20240309,1033,260,6,1,15,6,0
100724,20240309,1008,153,1,2,8,2,0
100725,20240309,1030,298,4,1,69,29,0.1
100726,20240309,1023,294,3,2,75,31,0.15
100727,20240309,1025,299,4,1,22,8,0
100728,20240309,1024,211,2,1,45,19,0
100729,20240309,1006,229,2,4,9,3,0
100730,20240309,1017,251,7,2,120,52,0.2
100731,20240310,1011,67,2,1,69,28,0.1
100732,20240310,1036,210,2,4,11,4,0.05
100733,20240310,1008,61,6,1,8,2,0.05
100734,20240310,1020,216,1,1,199,88,0
100735,20240310,1014,281,6,3,39,17,0
100736,20240310,1027,173,7,1,49,21,0
100737,20240310,1021,199,4,2,16,6,0.05
100738,20240310,1026,227,5,1,169,71,0.1
100739,20240310,1020,99,1,1,199,88,0.05
100740,20240310,1034,62,3,2,24,9,0.2
100741,20240310,1002,297,8,1,24,9,0.15
100742,20240311,1003,93,7,4,55,22,0
100743,20240311,1021,278,3,1,16,6,0.2
100744,20240311,1019,158,7,1,79,34,0
100745,20240311,1011,30,5,4,69,28,0
100746,20240311,1025,133,7,1,22,8,0.2
100747,20240311,1008,122,8,1,8,2,0.05
100748,20240311,1018,248,1,2,32,13,0
100749,20240311,1002,127,3,4,24,9,0.1
100750,20240311,1020,257,4,2,199,88,0.15
100751,20240311,1036,149,3,1,11,4,0
100752,20240312,1001,129,7,4,79,29,0
100753,20240312,1033,36,5,1,15,6,0.05
100754,20240312,1006,285,5,1,9,3,0
100755,20240312,1028,176,5,2,34,14,0.15
100756,20240312,1029,108,8,2,99,44,0
100757,20240312,1022,2,8,2,21,8,0.1
100758,20240312,1035,276,1,4,13,5,0.1
100759,20240312,1023,5,2,3,75,31,0.15
100760,20240312,1030,11,5,1,69,29,0
100761,20240312,1023,114,4,3,75,31,0.1
100762,20240313,1003,108,1,4,55,22,0.1
100763,20240313,1026,88,4,1,169,71,0.05
100764,20240313,1012,133,4,1,29,12,0
100765,20240313,1018,273,5,2,32,13,0.2
100766,20240313,1021,266,8,4,16,6,0
100767,20240313,1032,115,1,3,18,7,0.2
100768,20240313,1035,42,1,1,13,5,0
100769,20240313,1016,50,1,1,22,9,0
100770,20240313,1031,172,5,1,52,22,0.15
100771,20240313,1016,28,6,1,22,9,0
100772,20240313,1003,66,1,4,55,22,0.1
100773,20240313,1029,53,1,2,99,44,0
100774,20240313,1036,211,4,3,11,4,0
100775,20240313,1001,52,6,2,79,29,0
100776,20240314,1002,53,1,1,24,9,0
100777,20240314,1017,96,4,2,120,52,0.05
100778,20240314,1004,184,5,2,49,18,0.05
100779,20240314,1022,75,1,4,21,8,0.05
100780,20240314,1028,104,2,4,34,14,0.1
100781,20240314,1022,240,6,2,21,8,0.1
100782,20240314,1022,233,1,1,21,8,0
100783,20240314,1032,118,8,1,18,7,0
100784,20240314,1014,170,7,3,39,17,0.2
100785,20240314,1001,59,3,1,79,29,0
100786,20240315,1024,90,4,1,45,19,0
100787,20240315,1016,52,1,1,22,9,0.15
100788,20240315,1008,190,6,1,8,2,0
100789,20240315,1005,98,4,4,19,7,0
100790,20240315,1035,126,1,1,13,5,0.05
100791,20240315,1021,65,8,2,16,6,0
100792,20240315,1005,261,6,1,19,7,0.2
100793,20240315,1032,270,8,1,18,7,0.1
100794,20240315,1032,299,1,2,18,7,0.1
100795,20240315,1014,203,4,1,39,17,0.15
100796,20240316,1020,192,5,1,199,88,0
100797,20240316,1036,266,6,3,11,4,0
100798,20240316,1030,222,7,1,69,29,0
100799,20240316,1021,136,2,1,16,6,0
100800,20240316,1015,103,6,1,55,23,0
100801,20240316,1017,141,4,3,120,52,0.1
100802,20240316,1001,77,7,2,79,29,0.15
100803,20240316,1015,265,8,3,55,23,0
100804,20240316,1030,220,7,1,69,29,0.15
100805,20240316,1036,157,1,1,11,4,0.15
100806,20240316,1023,207,5,1,75,31,0.1
100807,20240316,1021,72,3,2,16,6,0
100808,20240316,1022,294,7,3,21,8,0.2
100809,20240316,1025,97,8,1,22,8,0.05
100810,20240316,1007,156,2,4,27,11,0.1
100811,20240316,1011,251,1,2,69,28,0
100812,20240316,1012,106,4,4,29,12,0
100813,20240317,1030,211,7,2,69,29,0
100814,20240317,1014,244,3,1,39,17,0
100815,20240317,1020,142,4,2,199,88,0.1
100816,20240317,1029,270,6,1,99,44,0.15
100817,20240317,1032,148,8,2,18,7,0.1
100818,20240317,1020,213,4,3,199,88,0.15
100819,20240317,1028,292,2,4,34,14,0
100820,20240317,1003,276,5,4,55,22,0
100821,20240317,1036,259,6,1,11,4,0.15
100822,20240317,1027,237,1,1,49,21,0.05
100823,20240317,1030,204,1,3,69,29,0.15
100824,20240317,1001,238,8,2,79,29,0
100825,20240317,1030,225,3,2,69,29,0
100826,20240317,1011,151,2,1,69,28,0
100827,20240317,1011,79,8,3,69,28,0.1
100828,20240318,1023,273,4,3,75,31,0.2
100829,20240318,1007,3,1,1,27,11,0
100830,20240318,1016,8,6,1,22,9,0
100831,20240318,1005,86,3,4,19,7,0.15
100832,20240318,1003,288,4,1,55,22,0
100833,20240318,1008,8,7,1,8,2,0
100834,20240318,1021,143,6,1,16,6,0
100835,20240318,1003,256,2,1,55,22,0
100836,20240318,1011,199,3,1,69,28,0
100837,20240318,1022,247,2,3,21,8,0.1
100838,20240318,1022,262,4,4,21,8,0
100839,20240318,1001,159,4,2,79,29,0.2
100840,20240318,1006,78,7,1,9,3,0
100841,20240319,1022,21,7,1,21,8,0.15
100842,20240319,1022,128,4,1,21,8,0
100843,20240319,1025,34,8,1,22,8,0.1
100844,20240319,1009,105,4,2,159,64,0.15
100845,20240319,1033,102,4,3,15,6,0
100846,20240319,1028,230,4,1,34,14,0
100847,20240319,1031,86,8,4,52,22,0
100848,20240319,1029,80,8,2,99,44,0
100849,20240319,1020,132,7,1,199,88,0.1
100850,20240319,1030,247,2,1,69,29,0.05
100851,20240319,1022,98,1,2,21,8,0
100852,20240320,1024,192,7,4,45,19,0.2
100853,20240320,1032,20,2,4,18,7,0
100854,20240320,1011,179,8,2,69,28,0
100855,20240320,1016,15,3,1,22,9,0.15
100856,20240320,1017,127,3,4,120,52,0
100857,20240320,1001,197,7,1,79,29,0.1
100858,20240320,1006,219,5,1,9,3,0
100859,20240320,1020,158,7,2,199,88,0.2
100860,20240320,1006,74,5,2,9,3,0.15
100861,20240320,1032,269,7,1,18,7,0.1
100862,20240320,1011,250,3,1,69,28,0
100863,20240321,1012,99,5,3,29,12,0.15
100864,20240321,1027,86,2,4,49,21,0
100865,20240321,1019,16,4,1,79,34,0
100866,20240321,1031,137,1,3,52,22,0
100867,20240321,1003,267,5,2,55,22,0
100868,20240321,1032,190,6,1,18,7,0
100869,20240321,1007,72,1,4,27,11,0
100870,20240322,1031,165,1,2,52,22,0
100871,20240322,1006,244,2,4,9,3,0.2
100872,20240322,1025,267,1,1,22,8,0
100873,20240322,1006,240,3,2,9,3,0.05
100874,20240322,1016,46,2,1,22,9,0.2
100875,20240322,1002,144,4,4,24,9,0.2
100876,20240322,1032,295,2,2,18,7,0.15
100877,20240322,1022,196,7,3,21,8,0.1
100878,20240322,1015,46,6,1,55,23,0
100879,20240323,1001,199,7,2,79,29,0
100880,20240323,1015,162,3,1,55,23,0.15
100881,20240323,1020,294,8,2,199,88,0
100882,20240323,1025,108,4,3,22,8,0
100883,20240323,1026,82,1,3,169,71,0.2
100884,20240323,1036,179,7,1,11,4,0
100885,20240323,1026,100,7,3,169,71,0
100886,20240323,1007,28,5,3,27,11,0.05
100887,20240323,1031,101,1,1,52,22,0
100888,20240323,1007,61,6,2,27,11,0.2
100889,20240323,1026,155,3,1,169,71,0
100890,20240324,1025,62,2,2,22,8,0
100891,20240324,1006,116,1,2,9,3,0.2
100892,20240324,1031,93,7,3,52,22,0.15
100893,20240324,1028,276,3,1,34,14,0
100894,20240324,1002,272,8,3,24,9,0.15
100895,20240324,1005,64,4,2,19,7,0.1
100896,20240324,1008,285,8,2,8,2,0
100897,20240324,1021,83,2,1,16,6,0
100898,20240324,1036,64,5,3,11,4,0
100899,20240324,1001,151,8,1,79,29,0.2
100900,20240324,1021,276,4,4,16,6,0
100901,20240324,1003,111,3,1,55,22,0
100902,20240324,1036,217,2,1,11,4,0
100903,20240324,1036,205,8,1,11,4,0.2
100904,20240324,1028,139,2,4,34,14,0
100905,20240324,1035,46,6,2,13,5,0
100906,20240325,1015,114,7,1,55,23,0.2
100907,20240325,1008,251,2,3,8,2,0
100908,20240325,1034,139,2,2,24,9,0
100909,20240325,1004,177,7,4,49,18,0
100910,20240325,1017,65,3,2,120,52,0
100911,20240325,1025,190,4,1,22,8,0.2
100912,20240325,1033,118,5,4,15,6,0.05
100913,20240325,1006,284,8,1,9,3,0.1
100914,20240325,1026,4,7,1,169,71,0.15
100915,20240326,1012,27,7,3,29,12,0.05
100916,20240326,1032,128,2,1,18,7,0
100917,20240326,1019,292,7,1,79,34,0
100918,20240326,1032,153,6,1,18,7,0
100919,20240326,1007,182,1,4,27,11,0
100920,20240326,1007,79,7,1,27,11,0.05
100921,20240326,1001,203,6,2,79,29,0
100922,20240327,1018,83,3,2,32,13,0.15
100923,20240327,1001,98,5,4,79,29,0
100924,20240327,1003,17,3,1,55,22,0
100925,20240327,1018,66,6,2,32,13,0
100926,20240327,1026,200,3,4,169,71,0.15
100927,20240327,1002,122,1,1,24,9,0
100928,20240327,1022,246,5,2,21,8,0
100929,20240327,1019,79,3,3,79,34,0
100930,20240327,1016,127,7,1,22,9,0
100931,20240327,1010,99,3,1,99,41,0
100932,20240327,1028,195,7,1,34,14,0.15
100933,20240328,1034,173,7,2,24,9,0
100934,20240328,1031,57,5,1,52,22,0
100935,20240328,1024,164,1,1,45,19,0
100936,20240328,1012,109,5,1,29,12,0.1
100937,20240328,1031,130,8,2,52,22,0
100938,20240328,1024,283,3,1,45,19,0.1
100939,20240328,1022,271,6,3,21,8,0.1
100940,20240328,1008,98,4,4,8,2,0.2
100941,20240328,1022,274,3,2,21,8,0.15
100942,20240328,1003,287,6,1,55,22,0.1
100943,20240328,1024,35,8,3,45,19,0.2
100944,20240328,1027,86,5,4,49,21,0.15
100945,20240328,1009,98,7,4,159,64,0
100946,20240328,1033,140,4,3,15,6,0
100947,20240329,1033,156,4,2,15,6,0.05
100948,20240329,1036,150,1,1,11,4,0.05
100949,20240329,1024,136,3,4,45,19,0.2
100950,20240329,1019,183,4,1,79,34,0.15
100951,20240329,1018,299,2,4,32,13,0.05
100952,20240329,1036,105,7,2,11,4,0
100953,20240330,1028,93,8,4,34,14,0
100954,20240330,1012,145,1,2,29,12,0.1
100955,20240330,1020,97,2,1,199,88,0
100956,20240330,1010,207,2,1,99,41,0.2
100957,20240330,1034,52,7,3,24,9,0
100958,20240330,1025,23,3,3,22,8,0.15
100959,20240330,1018,5,2,2,32,13,0
100960,20240330,1006,228,3,2,9,3,0.05
100961,20240330,1020,137,2,1,199,88,0
100962,20240330,1007,115,1,3,27,11,0
100963,20240330,1010,197,2,1,99,41,0.2
100964,20240330,1032,145,6,1,18,7,0
100965,20240330,1008,23,3,4,8,2,0
100966,20240330,1022,155,5,2,21,8,0
100967,20240330,1010,245,2,1,99,41,0.1
100968,20240330,1018,198,6,1,32,13,0
100969,20240331,1022,197,7,4,21,8,0.2
100970,20240331,1036,118,7,2,11,4,0.05
100971,20240331,1027,113,2,3,49,21,0.15
100972,20240331,1016,186,8,1,22,9,0.15
100973,20240331,1009,216,4,1,159,64,0.15
100974,20240331,1028,38,8,2,34,14,0.1
100975,20240331,1011,40,1,1,69,28,0
100976,20240331,1027,271,5,1,49,21,0.1
100977,20240331,1031,7,5,1,52,22,0.15
100978,20240331,1008,89,3,4,8,2,0
100979,20240331,1001,233,5,1,79,29,0.2
100980,20240331,1033,140,2,1,15,6,0.2
100981,20240331,1034,206,1,4,24,9,0.1
100982,20240331,1030,195,3,2,69,29,0
100983,20240401,1028,172,1,1,34,14,0
100984,20240401,1016,6,5,2,22,9,0
100985,20240401,1013,138,2,2,14,5,0
100986,20240401,1003,162,2,3,55,22,0
100987,20240401,1020,204,4,1,199,88,0
100988,20240401,1007,258,3,4,27,11,0.05
100989,20240401,1002,20,5,1,24,9,0.05
100990,20240401,1011,48,4,2,69,28,0.2
100991,20240401,1033,175,8,3,15,6,0.1
100992,20240401,1009,221,1,1,159,64,0.15
100993,20240401,1025,79,8,4,22,8,0.05
100994,20240401,1020,45,8,4,199,88,0.15
100995,20240401,1007,35,5,1,27,11,0
100996,20240401,1005,243,5,3,19,7,0
100997,20240402,1032,67,8,4,18,7,0
100998,20240402,1021,135,1,2,16,6,0.05
100999,20240402,1036,82,7,3,11,4,0
101000,20240402,1005,179,8,4,19,7,0.1
101001,20240402,1030,204,7,1,69,29,0
101002,20240402,1013,249,4,1,14,5,0
101003,20240402,1031,241,3,2,52,22,0.05
101004,20240402,1014,195,1,1,39,17,0.05
101005,20240402,1031,217,5,1,52,22,0
101006,20240402,1017,208,2,1,120,52,0
101007,20240402,1034,28,2,4,24,9,0
101008,20240403,1020,244,3,1,199,88,0
101009,20240403,1013,166,6,2,14,5,0.05
101010,20240403,1001,163,2,2,79,29,0
101011,20240403,1027,65,8,3,49,21,0.2
101012,20240403,1007,280,3,3,27,11,0
101013,20240403,1025,296,1,1,22,8,0
101014,20240403,1002,64,8,1,24,9,0.15
101015,20240403,1030,219,6,1,69,29,0.15
101016,20240403,1030,278,7,1,69,29,0.05
101017,20240403,1025,146,2,2,22,8,0.1
101018,20240404,1027,279,2,3,49,21,0.05
101019,20240404,1029,216,4,3,99,44,0.1
101020,20240404,1036,64,6,1,11,4,0
101021,20240404,1030,203,1,3,69,29,0.1
101022,20240404,1033,213,4,4,15,6,0
101023,20240404,1027,266,6,1,49,21,0.15
101024,20240404,1022,285,7,2,21,8,0
101025,20240404,1028,89,7,2,34,14,0.2
101026,20240404,1021,65,2,2,16,6,0
101027,20240404,1014,79,1,1,39,17,0
101028,20240404,1006,233,6,1,9,3,0.1
101029,20240404,1012,275,4,4,29,12,0
101030,20240404,1004,297,2,4,49,18,0.1
101031,20240405,1008,145,5,2,8,2,0
101032,20240405,1012,107,7,2,29,12,0
101033,20240405,1007,40,4,1,27,11,0
101034,20240405,1021,153,1,2,16,6,0
101035,20240405,1003,280,1,1,55,22,0
101036,20240405,1011,16,1,1,69,28,0
101037,20240405,1034,59,4,1,24,9,0.15
101038,20240405,1002,65,5,1,24,9,0.1
101039,20240405,1018,283,5,4,32,13,0
101040,20240405,1032,129,3,4,18,7,0.2
101041,20240405,1007,106,8,3,27,11,0
101042,20240405,1007,192,2,2,27,11,0.05
101043,20240405,1029,210,5,1,99,44,0.05
101044,20240405,1034,166,7,1,24,9,0
101045,20240406,1005,161,2,1,19,7,0
101046,20240406,1001,239,6,1,79,29,0
101047,20240406,1015,270,4,1,55,23,0.05
101048,20240406,1007,39,7,3,27,11,0.2
101049,20240406,1021,24,5,1,16,6,0
101050,20240406,1027,197,4,2,49,21,0.05
101051,20240406,1002,3,8,2,24,9,0.15
101052,20240406,1019,274,1,4,79,34,0
101053,20240406,1022,213,5,1,21,8,0
101054,20240406,1018,161,8,1,32,13,0
101055,20240406,1004,63,6,2,49,18,0
101056,20240406,1007,54,6,1,27,11,0
101057,20240406,1028,189,1,1,34,14,0.1
101058,20240406,1004,156,2,3,49,18,0
101059,20240406,1017,139,3,2,120,52,0.15
101060,20240406,1008,212,8,4,8,2,0.15
101061,20240406,1008,251,5,1,8,2,0
101062,20240406,1031,43,6,1,52,22,0
101063,20240406,1004,198,4,2,49,18,0
101064,20240406,1032,271,6,1,18,7,0.05
101065,20240407,1033,217,3,1,15,6,0
101066,20240407,1007,124,1,4,27,11,0.1
101067,20240407,1030,232,6,1,69,29,0.1
101068,20240407,1017,109,3,2,120,52,0
101069,20240407,1033,26,7,2,15,6,0
101070,20240407,1028,142,8,1,34,14,0
101071,20240407,1034,57,4,2,24,9,0.1
101072,20240407,1008,34,2,1,8,2,0
101073,20240407,1018,201,7,2,32,13,0.1
101074,20240407,1007,254,4,3,27,11,0.1
101075,20240407,1007,157,4,4,27,11,0.05
101076,20240407,1011,234,3,1,69,28,0
101077,20240407,1001,136,2,1,79,29,0
101078,20240407,1001,251,4,4,79,29,0.05
101079,20240407,1031,149,4,3,52,22,0.05
101080,20240407,1034,52,5,3,24,9,0.15
101081,20240407,1022,132,8,3,21,8,0.2
101082,20240407,1017,171,8,1,120,52,0
101083,20240407,1008,76,7,2,8,2,0.1
101084,20240408,1010,221,6,1,99,41,0.05
101085,20240408,1034,170,7,4,24,9,0
101086,20240408,1018,176,2,1,32,13,0.05
101087,20240408,1023,76,8,4,75,31,0
101088,20240408,1010,84,5,1,99,41,0.05
101089,20240408,1032,21,4,3,18,7,0
101090,20240408,1008,1,1,1,8,2,0
101091,20240408,1017,258,3,4,120,52,0.15
101092,20240408,1013,17,8,4,14,5,0
101093,20240408,1023,205,2,2,75,31,0
101094,20240409,1020,297,3,2,199,88,0.2
101095,20240409,1013,157,2,1,14,5,0
101096,20240409,1020,193,7,2,199,88,0.05
101097,20240409,1007,184,8,2,27,11,0
101098,20240409,1030,216,2,2,69,29,0.2
101099,20240409,1033,151,1,2,15,6,0.2
101100,20240409,1026,266,8,2,169,71,0
101101,20240409,1004,55,6,1,49,18,0.2
101102,20240409,1004,28,4,2,49,18,0.05
101103,20240409,1034,115,3,3,24,9,0
101104,20240410,1013,62,2,1,14,5,0.05
101105,20240410,1016,228,7,2,22,9,0.15
101106,20240410,1020,280,5,4,199,88,0.15
101107,20240410,1008,124,3,2,8,2,0
101108,20240410,1035,52,8,2,13,5,0
101109,20240410,1007,146,8,3,27,11,0
101110,20240410,1008,228,1,1,8,2,0
101111,20240410,1030,258,4,4,69,29,0
101112,20240410,1034,181,6,1,24,9,0.1
101113,20240411,1009,202,2,3,159,64,0
101114,20240411,1031,295,5,2,52,22,0.1
101115,20240411,1026,119,2,1,169,71,0.1
101116,20240411,1007,119,4,2,27,11,0
101117,20240411,1004,38,8,1,49,18,0.15
101118,20240411,1021,294,4,2,16,6,0
101119,20240411,1013,104,3,2,14,5,0
101120,20240411,1013,50,4,1,14,5,0.2
101121,20240411,1001,37,6,1,79,29,0.05
101122,20240411,1034,243,6,3,24,9,0.05
101123,20240412,1005,292,2,2,19,7,0.15
101124,20240412,1020,277,6,2,199,88,0
101125,20240412,1002,129,7,4,24,9,0.2
101126,20240412,1023,39,4,4,75,31,0.2
101127,20240412,1033,57,8,2,15,6,0.05
101128,20240412,1017,103,6,1,120,52,0
101129,20240412,1004,32,4,2,49,18,0.1
101130,20240412,1032,19,6,4,18,7,0.2
101131,20240412,1007,221,8,2,27,11,0.1
101132,20240412,1015,101,7,1,55,23,0.15
101133,20240412,1002,65,7,1,24,9,0.15
101134,20240413,1008,189,6,4,8,2,0.2
101135,20240413,1013,48,1,4,14,5,0
101136,20240413,1015,275,1,3,55,23,0.15
101137,20240413,1005,161,6,2,19,7,0
101138,20240413,1005,183,4,4,19,7,0
101139,20240413,1016,258,2,1,22,9,0.1
101140,20240413,1004,249,5,1,49,18,0.2
101141,20240413,1006,119,5,1,9,3,0.2
101142,20240413,1036,73,1,1,11,4,0.15
101143,20240413,1002,197,5,1,24,9,0
101144,20240413,1006,10,7,3,9,3,0
101145,20240413,1015,27,5,1,55,23,0
101146,20240413,1003,173,5,1,55,22,0
101147,20240414,1035,266,5,2,13,5,0.05
101148,20240414,1016,141,2,1,22,9,0.15
101149,20240414,1019,186,5,1,79,34,0.05
101150,20240414,1001,136,3,2,79,29,0
101151,20240414,1029,184,8,2,99,44,0
101152,20240414,1036,142,6,1,11,4,0.2
101153,20240414,1005,133,8,1,19,7,0.15
101154,20240414,1009,26,4,1,159,64,0.15
101155,20240414,1008,226,6,1,8,2,0.05
101156,20240414,1003,133,5,1,55,22,0.2
101157,20240414,1002,23,4,4,24,9,0
101158,20240414,1023,40,4,2,75,31,0
101159,20240414,1014,213,2,1,39,17,0.15
101160,20240414,1010,209,6,2,99,41,0
101161,20240414,1019,77,1,1,79,34,0
101162,20240414,1007,261,6,3,27,11,0.05
101163,20240415,1014,77,7,2,39,17,0.1
101164,20240415,1015,215,2,4,55,23,0.1
101165,20240415,1034,151,4,1,24,9,0.15
101166,20240415,1022,234,6,3,21,8,0
101167,20240415,1015,276,4,3,55,23,0
101168,20240416,1008,295,8,1,8,2,0.2
101169,20240416,1030,284,8,1,69,29,0
101170,20240416,1007,86,2,1,27,11,0
101171,20240416,1009,217,6,2,159,64,0
101172,20240416,1009,61,6,2,159,64,0.1
101173,20240416,1022,24,2,2,21,8,0.2
101174,20240416,1028,94,2,2,34,14,0
101175,20240416,1030,144,2,2,69,29,0.05
101176,20240416,1015,269,7,1,55,23,0.05
101177,20240416,1019,74,1,1,79,34,0
101178,20240416,1014,161,2,1,39,17,0.2
101179,20240416,1023,225,4,1,75,31,0
101180,20240416,1011,55,4,4,69,28,0.2
101181,20240416,1018,87,1,1,32,13,0.15
101182,20240417,1013,105,5,3,14,5,0
101183,20240417,1034,62,8,2,24,9,0.2
101184,20240417,1021,263,2,1,16,6,0
101185,20240417,1003,163,4,4,55,22,0.15
101186,20240417,1001,113,4,2,79,29,0.15
101187,20240417,1017,255,5,2,120,52,0
101188,20240418,1014,107,3,1,39,17,0.05
101189,20240418,1003,299,4,1,55,22,0
101190,20240418,1032,279,8,2,18,7,0.05
101191,20240418,1019,148,7,1,79,34,0.2
101192,20240418,1029,238,6,2,99,44,0
101193,20240418,1008,248,8,1,8,2,0
101194,20240418,1002,210,1,2,24,9,0.2
101195,20240418,1017,218,7,1,120,52,0.15
101196,20240418,1018,24,5,1,32,13,0.1
101197,20240418,1029,106,2,2,99,44,0
101198,20240418,1022,11,7,2,21,8,0.2
101199,20240418,1036,275,4,1,11,4,0
101200,20240419,1015,212,4,1,55,23,0
101201,20240419,1001,53,7,1,79,29,0.2
101202,20240419,1032,127,1,1,18,7,0
101203,20240419,1005,213,1,3,19,7,0.15
101204,20240419,1010,160,6,2,99,41,0
101205,20240419,1002,296,8,2,24,9,0
101206,20240419,1025,288,5,1,22,8,0.2
101207,20240419,1031,196,1,2,52,22,0.05
101208,20240419,1007,119,8,2,27,11,0
101209,20240419,1007,43,2,1,27,11,0.15
101210,20240419,1036,128,2,4,11,4,0
101211,20240420,1031,31,8,3,52,22,0.15
101212,20240420,1017,19,6,3,120,52,0.15
101213,20240420,1035,237,8,4,13,5,0
101214,20240420,1025,63,3,1,22,8,0.05
101215,20240420,1013,218,8,4,14,5,0
101216,20240420,1034,205,1,3,24,9,0.05
101217,20240420,1019,139,6,4,79,34,0.1
101218,20240420,1011,191,5,2,69,28,0
101219,20240420,1031,70,3,4,52,22,0.2
101220,20240420,1031,35,1,1,52,22,0
101221,20240420,1035,81,2,1,13,5,0.05
101222,20240420,1015,146,7,1,55,23,0
101223,20240420,1020,288,4,3,199,88,0.2
101224,20240420,1005,92,5,1,19,7,0
101225,20240420,1007,197,6,2,27,11,0.1
101226,20240420,1031,111,2,1,52,22,0
101227,20240420,1010,40,1,2,99,41,0
101228,20240420,1009,168,5,2,159,64,0.1
101229,20240421,1016,243,6,1,22,9,0
101230,20240421,1021,86,5,4,16,6,0.15
101231,20240421,1036,62,7,2,11,4,0
101232,20240421,1023,178,7,4,75,31,0.15
101233,20240421,1013,6,4,1,14,5,0.1
101234,20240421,1029,169,2,1,99,44,0.05
101235,20240421,1018,23,5,1,32,13,0
101236,20240421,1018,242,8,4,32,13,0.15
101237,20240421,1032,280,2,3,18,7,0.1
101238,20240421,1003,91,3,2,55,22,0.1
101239,20240421,1006,32,6,3,9,3,0
101240,20240421,1002,87,6,2,24,9,0.2
101241,20240421,1034,32,2,2,24,9,0
101242,20240421,1033,23,5,1,15,6,0
101243,20240421,1027,2,5,3,49,21,0.15
101244,20240421,1018,45,8,1,32,13,0
101245,20240421,1006,96,6,1,9,3,0.1
101246,20240421,1001,127,5,1,79,29,0
101247,20240421,1009,143,3,1,159,64,0
101248,20240421,1021,103,3,3,16,6,0
101249,20240421,1019,182,6,2,79,34,0
101250,20240422,1011,276,4,3,69,28,0
101251,20240422,1019,138,2,2,79,34,0.05
101252,20240422,1017,265,3,1,120,52,0.2
101253,20240422,1031,194,1,2,52,22,0
101254,20240422,1001,52,3,2,79,29,0
101255,20240422,1023,12,8,2,75,31,0
101256,20240422,1022,120,2,1,21,8,0
101257,20240423,1011,269,4,4,69,28,0.2
101258,20240423,1009,47,5,1,159,64,0.2
101259,20240423,1030,103,3,2,69,29,0.1
101260,20240423,1020,224,2,1,199,88,0.15
101261,20240423,1016,3,8,2,22,9,0.15
101262,20240423,1011,109,8,2,69,28,0.1
101263,20240423,1007,205,6,1,27,11,0.2
101264,20240423,1035,14,4,2,13,5,0.1
101265,20240423,1015,223,2,1,55,23,0
101266,20240423,1022,160,7,1,21,8,0
101267,20240423,1031,84,7,4,52,22,0
101268,20240424,1007,83,6,1,27,11,0.15
101269,20240424,1009,249,7,1,159,64,0
101270,20240424,1020,231,6,3,199,88,0
101271,20240424,1006,133,4,1,9,3,0.2
101272,20240424,1030,251,8,2,69,29,0
101273,20240424,1024,218,6,2,45,19,0
101274,20240424,1002,9,8,1,24,9,0
101275,20240424,1021,19,7,1,16,6,0
101276,20240424,1016,75,8,2,22,9,0
101277,20240425,1003,52,7,1,55,22,0
101278,20240425,1006,206,1,2,9,3,0
101279,20240425,1013,277,4,4,14,5,0.05
101280,20240425,1004,224,5,2,49,18,0.15
101281,20240425,1012,93,5,2,29,12,0.05
101282,20240425,1018,67,5,1,32,13,0.15
101283,20240425,1018,50,4,3,32,13,0.1
101284,20240425,1015,148,8,1,55,23,0
101285,20240425,1022,176,6,2,21,8,0.05
101286,20240425,1021,256,4,2,16,6,0
101287,20240426,1003,250,6,2,55,22,0
101288,20240426,1006,150,6,4,9,3,0
101289,20240426,1002,290,7,2,24,9,0.05
101290,20240426,1019,276,3,2,79,34,0
101291,20240426,1008,293,5,1,8,2,0.2
101292,20240426,1018,163,7,1,32,13,0
101293,20240426,1029,2,6,4,99,44,0
101294,20240427,1007,211,4,2,27,11,0.2
101295,20240427,1002,42,7,1,24,9,0.05
101296,20240427,1002,242,2,1,24,9,0.05
101297,20240427,1024,200,4,2,45,19,0.15
101298,20240427,1011,242,4,3,69,28,0
101299,20240427,1021,296,8,1,16,6,0
101300,20240427,1030,91,8,2,69,29,0.2
101301,20240427,1011,17,7,3,69,28,0
101302,20240427,1025,276,2,1,22,8,0
101303,20240427,1029,204,1,3,99,44,0
101304,20240427,1029,135,2,1,99,44,0
101305,20240427,1011,125,8,2,69,28,0
101306,20240427,1014,235,8,1,39,17,0.1
101307,20240427,1022,133,5,2,21,8,0.15
101308,20240427,1010,289,6,1,99,41,0.2
101309,20240427,1019,157,8,3,79,34,0.05
101310,20240428,1017,156,3,1,120,52,0
101311,20240428,1001,265,7,3,79,29,0.1
101312,20240428,1033,249,3,1,15,6,0.15
101313,20240428,1034,34,6,2,24,9,0
101314,20240428,1015,62,4,1,55,23,0
101315,20240428,1013,169,2,1,14,5,0.1
101316,20240428,1018,41,1,2,32,13,0.1
101317,20240428,1016,126,4,3,22,9,0
101318,20240428,1030,143,2,4,69,29,0
101319,20240428,1009,300,8,1,159,64,0
101320,20240428,1030,38,4,4,69,29,0
101321,20240428,1031,278,4,1,52,22,0
101322,20240428,1032,58,8,1,18,7,0
101323,20240428,1018,264,5,1,32,13,0.05
101324,20240428,1020,288,5,2,199,88,0
101325,20240428,1029,4,6,3,99,44,0
101326,20240429,1033,222,5,1,15,6,0
101327,20240429,1029,100,2,2,99,44,0.15
101328,20240429,1015,272,8,2,55,23,0
101329,20240429,1014,203,3,1,39,17,0
101330,20240429,1011,214,5,2,69,28,0
101331,20240429,1020,162,8,1,199,88,0.1
101332,20240429,1020,207,1,1,199,88,0
101333,20240429,1018,132,5,2,32,13,0
101334,20240429,1024,286,4,1,45,19,0
101335,20240430,1032,31,2,4,18,7,0.05
101336,20240430,1004,146,2,1,49,18,0
101337,20240430,1031,212,3,3,52,22,0
101338,20240430,1013,280,5,2,14,5,0
101339,20240430,1014,171,4,2,39,17,0
101340,20240430,1017,62,7,3,120,52,0
101341,20240430,1034,290,7,4,24,9,0
101342,20240501,1032,39,2,1,18,7,0
101343,20240501,1035,294,8,2,13,5,0.15
101344,20240501,1013,142,8,3,14,5,0
101345,20240501,1010,174,8,1,99,41,0.1
101346,20240501,1001,166,7,1,79,29,0
101347,20240501,1010,168,8,1,99,41,0.1
101348,20240501,1013,296,3,2,14,5,0
101349,20240501,1013,14,1,1,14,5,0
101350,20240501,1009,162,4,4,159,64,0
101351,20240501,1014,120,4,1,39,17,0.2
101352,20240501,1023,64,7,4,75,31,0.2
101353,20240501,1002,195,1,3,24,9,0.1
101354,20240501,1029,64,2,1,99,44,0.15
101355,20240501,1012,84,4,2,29,12,0.05
101356,20240502,1021,260,6,1,16,6,0
101357,20240502,1031,4,7,1,52,22,0
101358,20240502,1007,223,5,4,27,11,0.15
101359,20240502,1006,9,5,3,9,3,0.2
101360,20240502,1021,5,3,3,16,6,0
101361,20240502,1034,32,4,2,24,9,0.15
101362,20240502,1019,89,3,1,79,34,0
101363,20240502,1012,16,8,4,29,12,0.15
101364,20240502,1014,136,6,2,39,17,0.2
101365,20240502,1002,18,3,1,24,9,0.2
101366,20240502,1027,269,3,1,49,21,0.05
101367,20240502,1011,215,2,1,69,28,0
101368,20240502,1035,1,5,3,13,5,0.15
101369,20240502,1031,277,6,4,52,22,0
101370,20240502,1007,101,3,3,27,11,0.15
101371,20240502,1015,43,2,3,55,23,0
101372,20240503,1007,155,6,1,27,11,0.1
101373,20240503,1034,68,6,4,24,9,0
101374,20240503,1010,198,1,4,99,41,0
101375,20240503,1001,83,7,1,79,29,0.15
101376,20240503,1021,97,7,2,16,6,0.15
101377,20240503,1035,264,6,3,13,5,0.1
101378,20240503,1012,282,8,3,29,12,0
101379,20240503,1007,33,6,1,27,11,0.05
101380,20240503,1035,57,2,1,13,5,0
101381,20240503,1020,259,3,2,199,88,0.2
101382,20240503,1033,9,4,3,15,6,0
101383,20240504,1010,273,6,2,99,41,0
101384,20240504,1035,192,3,4,13,5,0.05
101385,20240504,1007,116,3,2,27,11,0.15
101386,20240504,1018,200,7,4,32,13,0
101387,20240504,1031,1,2,1,52,22,0.2
101388,20240504,1017,35,1,2,120,52,0
101389,20240504,1027,125,7,2,49,21,0
101390,20240504,1011,180,2,1,69,28,0
101391,20240504,1018,300,3,1,32,13,0.1
101392,20240504,1014,6,2,2,39,17,0.15
101393,20240504,1034,242,4,1,24,9,0.1
101394,20240504,1029,233,3,1,99,44,0.1
101395,20240504,1003,239,7,4,55,22,0
101396,20240504,1015,186,4,1,55,23,0.1
101397,20240504,1033,183,2,2,15,6,0
101398,20240504,1001,254,4,3,79,29,0
101399,20240505,1025,51,2,1,22,8,0.15
101400,20240505,1016,216,7,2,22,9,0.2
101401,20240505,1003,294,1,3,55,22,0.15
101402,20240505,1002,169,2,1,24,9,0.1
101403,20240505,1002,177,6,3,24,9,0
101404,20240505,1016,135,3,3,22,9,0
101405,20240505,1014,206,6,4,39,17,0.1
101406,20240505,1006,117,6,2,9,3,0.1
101407,20240505,1020,161,8,3,199,88,0.1
101408,20240505,1012,249,6,1,29,12,0.15
101409,20240505,1011,260,5,1,69,28,0.05
101410,20240505,1005,208,5,1,19,7,0.05
101411,20240505,1010,198,2,2,99,41,0
101412,20240505,1019,116,8,4,79,34,0
101413,20240505,1003,14,8,1,55,22,0.2
101414,20240506,1015,111,3,1,55,23,0.1
101415,20240506,1001,248,8,4,79,29,0.15
101416,20240506,1013,295,7,3,14,5,0.05
101417,20240506,1017,135,7,4,120,52,0.15
101418,20240506,1016,69,6,1,22,9,0.2
101419,20240506,1009,244,6,4,159,64,0.2
101420,20240506,1015,284,4,3,55,23,0.1
101421,20240506,1030,225,8,3,69,29,0
101422,20240506,1028,230,1,4,34,14,0
101423,20240506,1010,142,5,1,99,41,0.2
101424,20240506,1002,69,7,2,24,9,0.1
101425,20240506,1014,156,6,1,39,17,0.1
101426,20240506,1015,74,6,4,55,23,0.2
101427,20240506,1004,37,2,1,49,18,0
101428,20240507,1034,92,3,1,24,9,0
101429,20240507,1002,46,2,2,24,9,0
101430,20240507,1012,130,8,1,29,12,0.1
101431,20240507,1006,42,6,1,9,3,0
101432,20240507,1034,286,1,4,24,9,0
101433,20240507,1024,7,1,1,45,19,0.2
101434,20240507,1021,289,6,1,16,6,0.2
101435,20240507,1013,177,2,2,14,5,0.05
101436,20240507,1010,91,3,2,99,41,0.2
101437,20240507,1029,62,5,1,99,44,0.05
101438,20240507,1019,86,2,2,79,34,0.05
101439,20240507,1032,173,8,1,18,7,0.05
101440,20240507,1036,252,4,1,11,4,0
101441,20240507,1026,246,2,1,169,71,0.2
101442,20240507,1034,289,7,2,24,9,0.2
101443,20240508,1013,194,2,2,14,5,0
101444,20240508,1032,200,5,1,18,7,0.05
101445,20240508,1004,158,3,1,49,18,0.2
101446,20240508,1035,181,1,4,13,5,0
101447,20240508,1033,51,8,2,15,6,0.2
101448,20240508,1021,8,1,1,16,6,0
101449,20240508,1025,3,4,2,22,8,0.2
101450,20240508,1026,133,7,1,169,71,0
101451,20240508,1020,140,7,4,199,88,0.1
101452,20240508,1001,98,8,1,79,29,0
101453,20240509,1017,230,3,2,120,52,0
101454,20240509,1015,251,2,1,55,23,0
101455,20240509,1012,204,5,1,29,12,0.1
101456,20240509,1035,62,7,3,13,5,0
101457,20240509,1013,56,2,4,14,5,0
101458,20240509,1015,35,4,1,55,23,0
101459,20240509,1003,108,6,2,55,22,0.2
101460,20240509,1003,129,3,4,55,22,0
101461,20240509,1004,33,4,1,49,18,0
101462,20240509,1012,13,8,1,29,12,0.1
101463,20240509,1034,163,1,1,24,9,0.05
101464,20240509,1008,87,6,1,8,2,0.05
101465,20240509,1024,4,7,4,45,19,0.1
101466,20240509,1001,62,4,3,79,29,0.15
101467,20240510,1035,293,7,2,13,5,0.2
101468,20240510,1019,122,8,1,79,34,0.2
101469,20240510,1017,79,8,4,120,52,0
101470,20240510,1015,199,5,2,55,23,0
101471,20240510,1011,74,1,1,69,28,0.15
101472,20240510,1030,206,3,4,69,29,0.15
101473,20240510,1023,236,8,1,75,31,0.2
101474,20240510,1030,272,4,1,69,29,0
101475,20240510,1016,187,8,1,22,9,0
101476,20240510,1020,232,5,1,199,88,0
101477,20240510,1027,81,7,1,49,21,0.05
101478,20240510,1034,106,7,4,24,9,0
101479,20240510,1012,80,7,3,29,12,0.05
101480,20240510,1013,67,8,1,14,5,0
101481,20240510,1021,19,2,3,16,6,0.05
101482,20240510,1005,28,6,1,19,7,0.15
101483,20240511,1006,78,4,4,9,3,0
101484,20240511,1021,90,5,3,16,6,0
101485,20240511,1020,78,3,2,199,88,0.2
101486,20240511,1027,288,8,4,49,21,0
101487,20240511,1018,76,8,4,32,13,0.2
101488,20240511,1007,195,8,1,27,11,0
101489,20240511,1011,186,8,2,69,28,0.2
101490,20240511,1012,291,6,1,29,12,0
101491,20240511,1024,202,3,1,45,19,0
101492,20240511,1021,182,8,3,16,6,0.15
101493,20240511,1002,187,5,2,24,9,0.2
101494,20240511,1013,13,8,4,14,5,0.2
101495,20240511,1004,222,6,2,49,18,0
101496,20240511,1003,42,6,4,55,22,0.1
101497,20240511,1036,6,1,4,11,4,0.2
101498,20240511,1020,19,5,4,199,88,0
101499,20240511,1022,99,8,1,21,8,0
101500,20240511,1019,44,6,4,79,34,0.2
101501,20240512,1005,122,2,1,19,7,0.05
101502,20240512,1005,37,3,1,19,7,0.15
101503,20240512,1007,42,3,1,27,11,0
101504,20240512,1006,120,4,1,9,3,0
101505,20240512,1004,99,8,1,49,18,0.1
101506,20240512,1013,241,5,2,14,5,0.1
101507,20240512,1004,102,5,2,49,18,0
101508,20240512,1013,96,6,2,14,5,0
101509,20240512,1015,212,5,2,55,23,0.05
101510,20240512,1014,272,1,3,39,17,0.1
101511,20240512,1017,253,6,1,120,52,0
101512,20240512,1004,229,1,3,49,18,0
101513,20240512,1006,34,5,3,9,3,0.2
101514,20240512,1021,256,5,3,16,6,0
101515,20240512,1032,88,1,4,18,7,0
101516,20240512,1030,207,8,3,69,29,0.2
101517,20240512,1030,215,1,1,69,29,0.15
101518,20240512,1009,77,7,1,159,64,0.15
101519,20240512,1024,89,3,3,45,19,0.1
101520,20240512,1012,139,6,1,29,12,0
101521,20240512,1013,282,5,1,14,5,0
101522,20240512,1015,223,3,2,55,23,0
101523,20240512,1004,245,5,1,49,18,0.2
101524,20240512,1010,214,8,4,99,41,0.15
101525,20240513,1011,63,3,1,69,28,0.05
101526,20240513,1034,66,6,3,24,9,0.15
101527,20240513,1031,108,6,2,52,22,0
101528,20240513,1021,144,6,4,16,6,0
101529,20240513,1022,294,4,4,21,8,0.2
101530,20240513,1016,262,2,2,22,9,0
101531,20240513,1021,137,2,2,16,6,0.05
101532,20240513,1029,74,6,1,99,44,0.15
101533,20240513,1004,183,8,1,49,18,0
101534,20240513,1036,161,4,1,11,4,0
101535,20240513,1008,269,5,1,8,2,0.2
101536,20240513,1001,15,7,1,79,29,0
101537,20240514,1010,228,6,1,99,41,0
101538,20240514,1030,84,3,2,69,29,0
101539,20240514,1008,73,6,1,8,2,0
101540,20240514,1026,145,6,2,169,71,0.15
101541,20240514,1004,35,3,2,49,18,0
101542,20240514,1010,48,6,1,99,41,0.1
101543,20240514,1005,203,3,2,19,7,0.05
101544,20240514,1014,134,4,1,39,17,0.2
101545,20240514,1016,116,8,2,22,9,0
101546,20240514,1003,71,6,3,55,22,0.2
101547,20240514,1021,262,5,2,16,6,0
101548,20240514,1032,35,1,3,18,7,0
101549,20240514,1013,4,6,1,14,5,0.05
101550,20240514,1006,85,7,1,9,3,0.2
101551,20240515,1014,145,5,1,39,17,0.1
101552,20240515,1036,132,6,1,11,4,0.15
101553,20240515,1013,147,8,1,14,5,0
101554,20240515,1002,208,4,4,24,9,0.1
101555,20240515,1012,106,4,1,29,12,0
101556,20240515,1020,291,5,1,199,88,0.1
101557,20240515,1014,93,6,1,39,17,0
101558,20240515,1014,235,7,3,39,17,0.1
101559,20240515,1016,16,1,1,22,9,0
101560,20240515,1001,82,2,1,79,29,0.05
101561,20240515,1004,191,2,2,49,18,0.2
101562,20240515,1018,62,5,1,32,13,0.15
101563,20240515,1010,105,2,4,99,41,0.2
101564,20240515,1031,234,5,1,52,22,0.1
101565,20240516,1031,204,7,2,52,22,0
101566,20240516,1002,90,1,2,24,9,0
101567,20240516,1003,145,8,4,55,22,0.2
101568,20240516,1002,230,1,4,24,9,0
101569,20240516,1004,242,3,1,49,18,0
101570,20240516,1035,90,7,3,13,5,0
101571,20240516,1028,184,8,1,34,14,0
101572,20240517,1022,175,3,4,21,8,0.1
101573,20240517,1026,257,1,1,169,71,0
101574,20240517,1034,85,4,1,24,9,0.2
101575,20240517,1022,192,7,1,21,8,0.15
101576,20240517,1007,97,1,2,27,11,0
101577,20240517,1032,124,7,1,18,7,0.2
101578,20240517,1013,96,2,1,14,5,0
101579,20240517,1005,184,7,4,19,7,0
101580,20240517,1001,107,5,1,79,29,0
101581,20240517,1003,180,1,4,55,22,0
101582,20240517,1017,276,2,4,120,52,0
101583,20240518,1025,244,5,2,22,8,0.2
101584,20240518,1035,49,8,1,13,5,0.15
101585,20240518,1016,283,8,2,22,9,0
101586,20240518,1014,15,8,1,39,17,0.1
101587,20240518,1005,199,1,2,19,7,0.1
101588,20240518,1017,232,5,2,120,52,0
101589,20240518,1011,80,2,2,69,28,0
101590,20240518,1013,91,7,1,14,5,0
101591,20240518,1003,299,8,1,55,22,0.15
101592,20240518,1015,60,2,3,55,23,0.2
101593,20240518,1011,289,1,3,69,28,0.2
101594,20240518,1029,269,6,3,99,44,0
101595,20240518,1035,286,7,2,13,5,0
101596,20240518,1005,184,8,1,19,7,0.2
101597,20240518,1009,101,8,1,159,64,0.05
101598,20240518,1035,95,7,1,13,5,0
101599,20240518,1008,69,7,1,8,2,0
101600,20240518,1001,269,5,2,79,29,0
101601,20240518,1034,125,8,4,24,9,0
101602,20240518,1014,51,3,2,39,17,0
101603,20240518,1005,35,8,1,19,7,0.05
101604,20240519,1005,186,4,1,19,7,0.15
101605,20240519,1017,165,7,3,120,52,0
101606,20240519,1002,231,4,3,24,9,0
101607,20240519,1009,209,3,4,159,64,0.05
101608,20240519,1016,222,1,1,22,9,0.15
101609,20240519,1027,75,1,1,49,21,0.2
101610,20240519,1018,156,6,3,32,13,0.2
101611,20240519,1031,287,3,1,52,22,0.15
101612,20240519,1031,273,2,2,52,22,0.2
101613,20240519,1017,263,4,4,120,52,0.15
101614,20240519,1013,266,7,1,14,5,0.15
101615,20240519,1018,72,5,1,32,13,0.1
101616,20240519,1013,165,4,1,14,5,0.05
101617,20240519,1012,127,4,3,29,12,0
101618,20240519,1022,126,7,2,21,8,0
101619,20240520,1010,193,7,1,99,41,0
101620,20240520,1001,254,8,3,79,29,0
101621,20240520,1018,219,8,1,32,13,0
101622,20240520,1007,93,2,1,27,11,0
101623,20240520,1004,275,5,1,49,18,0
101624,20240520,1009,105,1,4,159,64,0.1
101625,20240520,1004,142,5,1,49,18,0.05
101626,20240520,1015,283,6,2,55,23,0
101627,20240520,1016,113,3,2,22,9,0
101628,20240520,1025,47,5,2,22,8,0.2
101629,20240520,1032,124,8,1,18,7,0
101630,20240520,1015,223,7,1,55,23,0.1
101631,20240521,1029,228,8,1,99,44,0
101632,20240521,1010,195,1,1,99,41,0.05
101633,20240521,1032,11,8,4,18,7,0
101634,20240521,1024,194,3,1,45,19,0.15
101635,20240521,1026,128,5,1,169,71,0
101636,20240521,1015,289,4,4,55,23,0.2
101637,20240521,1005,177,6,3,19,7,0
101638,20240521,1025,218,2,2,22,8,0
101639,20240521,1015,81,3,4,55,23,0
101640,20240521,1015,284,1,4,55,23,0
101641,20240521,1017,151,3,4,120,52,0
101642,20240522,1012,119,2,1,29,12,0.05
101643,20240522,1004,91,5,3,49,18,0.15
101644,20240522,1036,9,4,1,11,4,0
101645,20240522,1005,92,2,1,19,7,0.15
101646,20240522,1010,167,3,1,99,41,0.15
101647,20240522,1018,30,7,1,32,13,0.05
101648,20240522,1009,124,6,2,159,64,0.15
101649,20240522,1018,128,3,2,32,13,0.1
101650,20240522,1003,236,8,1,55,22,0
101651,20240522,1034,208,5,2,24,9,0.1
101652,20240522,1011,106,2,2,69,28,0.15
101653,20240522,1008,192,1,1,8,2,0
101654,20240522,1021,76,8,3,16,6,0
101655,20240522,1009,9,4,1,159,64,0
101656,20240523,1029,191,4,1,99,44,0.1
101657,20240523,1030,75,2,4,69,29,0
101658,20240523,1019,222,2,1,79,34,0.2
101659,20240523,1019,246,2,2,79,34,0
101660,20240523,1011,288,5,1,69,28,0.1
101661,20240523,1004,13,8,1,49,18,0.05
101662,20240523,1030,265,2,1,69,29,0
101663,20240523,1003,260,2,2,55,22,0.1
101664,20240523,1018,197,5,3,32,13,0
101665,20240524,1009,78,7,2,159,64,0
101666,20240524,1014,136,8,1,39,17,0.15
101667,20240524,1005,253,2,4,19,7,0
101668,20240524,1006,191,8,3,9,3,0
101669,20240524,1017,170,6,2,120,52,0.2
101670,20240524,1034,267,5,2,24,9,0.1
101671,20240524,1016,169,5,1,22,9,0
101672,20240524,1026,132,2,2,169,71,0.15
101673,20240524,1010,128,8,3,99,41,0
101674,20240524,1035,291,6,1,13,5,0
101675,20240524,1020,34,6,1,199,88,0
101676,20240524,1004,243,1,3,49,18,0
101677,20240524,1008,203,4,2,8,2,0.2
101678,20240524,1016,82,6,2,22,9,0
101679,20240525,1007,277,7,3,27,11,0
101680,20240525,1001,188,6,1,79,29,0
101681,20240525,1006,20,2,4,9,3,0
101682,20240525,1003,88,7,3,55,22,0
101683,20240525,1032,270,2,2,18,7,0.05
101684,20240525,1019,81,2,2,79,34,0.15
101685,20240525,1019,243,8,3,79,34,0.1
101686,20240525,1020,121,5,2,199,88,0
101687,20240525,1021,19,2,2,16,6,0.1
101688,20240525,1004,230,3,1,49,18,0
101689,20240525,1010,164,4,1,99,41,0
101690,20240525,1031,283,5,1,52,22,0.1
101691,20240525,1003,26,1,1,55,22,0
101692,20240525,1017,204,6,3,120,52,0
101693,20240525,1029,217,6,1,99,44,0.2
101694,20240525,1012,213,2,3,29,12,0.2
101695,20240525,1022,254,5,4,21,8,0
101696,20240525,1013,185,6,1,14,5,0.15
101697,20240525,1007,109,3,3,27,11,0.05
101698,20240525,1022,141,7,4,21,8,0.1
101699,20240525,1013,233,5,4,14,5,0.15
101700,20240526,1002,243,7,2,24,9,0.15
101701,20240526,1015,20,4,1,55,23,0.1
101702,20240526,1017,114,8,1,120,52,0
101703,20240526,1016,141,7,2,22,9,0.2
101704,20240526,1002,157,1,4,24,9,0.15
101705,20240526,1014,121,7,2,39,17,0.15
101706,20240526,1012,41,6,1,29,12,0.1
101707,20240526,1002,87,5,4,24,9,0.1
101708,20240526,1017,84,6,4,120,52,0
101709,20240526,1007,281,2,1,27,11,0.2
101710,20240526,1005,92,2,3,19,7,0.2
101711,20240526,1029,274,8,2,99,44,0.15
101712,20240526,1033,43,6,2,15,6,0
101713,20240526,1006,129,1,1,9,3,0
101714,20240526,1011,274,4,1,69,28,0.15
101715,20240526,1023,222,2,3,75,31,0.15
101716,20240527,1013,35,4,2,14,5,0.05
101717,20240527,1030,22,1,2,69,29,0
101718,20240527,1029,191,6,2,99,44,0
101719,20240527,1030,288,2,3,69,29,0.05
101720,20240527,1009,175,2,2,159,64,0.05
101721,20240527,1003,275,7,2,55,22,0
101722,20240527,1019,71,5,1,79,34,0.2
101723,20240527,1018,272,6,1,32,13,0
101724,20240527,1005,14,5,3,19,7,0
101725,20240527,1021,269,2,1,16,6,0
101726,20240527,1024,163,2,4,45,19,0.15
101727,20240527,1012,26,5,2,29,12,0
101728,20240528,1035,207,1,2,13,5,0
101729,20240528,1027,71,2,1,49,21,0.1
101730,20240528,1001,185,7,2,79,29,0
101731,20240528,1035,127,2,1,13,5,0.2
101732,20240528,1022,54,1,2,21,8,0.05
101733,20240528,1031,261,4,2,52,22,0
101734,20240528,1027,97,8,2,49,21,0
101735,20240528,1036,199,4,2,11,4,0.05
101736,20240528,1034,211,5,1,24,9,0.2
101737,20240528,1018,216,5,3,32,13,0
101738,20240528,1032,130,3,1,18,7,0.05
101739,20240528,1016,24,2,1,22,9,0.2
101740,20240529,1026,295,1,1,169,71,0.2
101741,20240529,1014,55,6,3,39,17,0
101742,20240529,1014,64,6,1,39,17,0.1
101743,20240529,1018,106,7,1,32,13,0.1
101744,20240529,1023,125,8,2,75,31,0.2
101745,20240529,1028,32,1,1,34,14,0
101746,20240529,1030,148,3,1,69,29,0
101747,20240529,1019,272,2,1,79,34,0
101748,20240529,1030,142,8,2,69,29,0
101749,20240529,1031,121,8,4,52,22,0
101750,20240529,1036,190,5,4,11,4,0
101751,20240529,1007,207,1,2,27,11,0.15
101752,20240529,1005,145,5,4,19,7,0
101753,20240530,1001,284,7,1,79,29,0.15
101754,20240530,1022,157,7,1,21,8,0
101755,20240530,1017,206,6,1,120,52,0
101756,20240530,1007,167,1,2,27,11,0.2
101757,20240530,1022,253,4,3,21,8,0.05
101758,20240530,1002,119,7,1,24,9,0.2
101759,20240530,1003,38,2,1,55,22,0.2
101760,20240530,1036,112,6,1,11,4,0.1
101761,20240530,1007,62,5,1,27,11,0.05
101762,20240530,1006,129,4,1,9,3,0
101763,20240530,1003,4,8,1,55,22,0
101764,20240530,1022,295,5,2,21,8,0
101765,20240530,1001,232,3,1,79,29,0
101766,20240530,1002,141,4,4,24,9,0.05
101767,20240531,1015,108,4,3,55,23,0
101768,20240531,1009,69,1,1,159,64,0
101769,20240531,1008,154,7,3,8,2,0
101770,20240531,1010,194,1,3,99,41,0
101771,20240531,1011,216,2,2,69,28,0.1
101772,20240531,1006,56,7,1,9,3,0
101773,20240531,1015,285,6,1,55,23,0.1
101774,20240531,1029,291,4,4,99,44,0.05
101775,20240531,1029,143,6,2,99,44,0.15
101776,20240531,1017,11,4,4,120,52,0.15
101777,20240531,1035,65,1,1,13,5,0.05
101778,20240531,1015,287,8,2,55,23,0.15
101779,20240531,1009,65,4,1,159,64,0.2
101780,20240601,1016,48,5,1,22,9,0.05
101781,20240601,1017,219,8,1,120,52,0
101782,20240601,1014,46,3,3,39,17,0.1
101783,20240601,1029,165,8,3,99,44,0.05
101784,20240601,1011,17,1,4,69,28,0
101785,20240601,1002,16,2,2,24,9,0.15
101786,20240601,1021,42,2,3,16,6,0.1
101787,20240601,1013,276,6,3,14,5,0
101788,20240601,1004,77,6,3,49,18,0.05
101789,20240601,1021,149,5,1,16,6,0.2
101790,20240601,1017,296,8,2,120,52,0
101791,20240601,1019,90,5,4,79,34,0
101792,20240601,1003,240,1,2,55,22,0.05
101793,20240601,1003,126,7,1,55,22,0
101794,20240601,1006,208,7,2,9,3,0.05
101795,20240601,1008,117,6,1,8,2,0
101796,20240601,1011,21,8,1,69,28,0
101797,20240601,1004,286,8,1,49,18,0.05
101798,20240601,1002,270,3,3,24,9,0.2
101799,20240601,1009,63,7,1,159,64,0
101800,20240601,1017,91,8,1,120,52,0.15
101801,20240601,1016,271,2,1,22,9,0.15
101802,20240602,1010,152,3,1,99,41,0
101803,20240602,1020,215,3,1,199,88,0
101804,20240602,1034,129,2,1,24,9,0.2
101805,20240602,1025,149,1,4,22,8,0
101806,20240602,1012,175,3,1,29,12,0.1
101807,20240602,1019,44,8,4,79,34,0.1
101808,20240602,1034,56,6,4,24,9,0.15
101809,20240602,1016,142,6,2,22,9,0
101810,20240602,1009,175,1,3,159,64,0
101811,20240602,1019,182,4,4,79,34,0
101812,20240602,1034,203,4,1,24,9,0.1
101813,20240602,1010,233,8,1,99,41,0.1
101814,20240602,1008,47,4,2,8,2,0
101815,20240602,1032,116,1,1,18,7,0
101816,20240602,1033,49,8,4,15,6,0.2
101817,20240603,1014,55,6,4,39,17,0
101818,20240603,1027,7,4,1,49,21,0.05
101819,20240603,1032,62,7,1,18,7,0.2
101820,20240603,1014,30,2,2,39,17,0
101821,20240603,1020,295,5,3,199,88,0.15
101822,20240603,1007,245,6,1,27,11,0
101823,20240603,1002,88,3,3,24,9,0
101824,20240603,1014,232,5,2,39,17,0
101825,20240603,1022,19,5,1,21,8,0
101826,20240603,1009,188,1,1,159,64,0.1
101827,20240603,1022,24,2,4,21,8,0
101828,20240603,1008,22,4,1,8,2,0.15
101829,20240603,1004,46,1,1,49,18,0
101830,20240603,1025,109,2,2,22,8,0
101831,20240603,1012,27,7,1,29,12,0
101832,20240604,1032,108,5,2,18,7,0.2
101833,20240604,1003,271,8,1,55,22,0.05
101834,20240604,1013,282,3,1,14,5,0.15
101835,20240604,1027,64,1,1,49,21,0
101836,20240604,1007,25,6,2,27,11,0.1
101837,20240604,1005,9,8,1,19,7,0
101838,20240604,1017,294,7,1,120,52,0.15
101839,20240604,1030,188,7,2,69,29,0
101840,20240604,1016,257,5,2,22,9,0
101841,20240605,1015,207,1,1,55,23,0.2
101842,20240605,1031,214,1,2,52,22,0
101843,20240605,1029,117,4,1,99,44,0.05
101844,20240605,1021,125,3,2,16,6,0
101845,20240605,1010,76,7,3,99,41,0.05
101846,20240605,1018,177,7,2,32,13,0.05
101847,20240605,1014,75,4,2,39,17,0
101848,20240605,1034,62,5,1,24,9,0.2
101849,20240605,1013,160,5,1,14,5,0
101850,20240605,1011,264,7,1,69,28,0
101851,20240606,1025,199,4,1,22,8,0.15
101852,20240606,1005,14,1,1,19,7,0.05
101853,20240606,1005,42,5,1,19,7,0.1
101854,20240606,1021,268,4,1,16,6,0
101855,20240606,1010,139,1,1,99,41,0.1
101856,20240606,1032,30,8,2,18,7,0
101857,20240606,1009,67,3,3,159,64,0
101858,20240606,1023,252,8,3,75,31,0.1
101859,20240606,1011,135,1,4,69,28,0
101860,20240606,1035,233,4,4,13,5,0
101861,20240606,1021,206,2,4,16,6,0
101862,20240606,1006,85,2,1,9,3,0.2
101863,20240606,1006,217,4,1,9,3,0
101864,20240607,1021,177,7,2,16,6,0.05
101865,20240607,1008,280,5,2,8,2,0.2
101866,20240607,1020,297,6,1,199,88,0.2
101867,20240607,1004,49,7,1,49,18,0.05
101868,20240607,1018,129,2,1,32,13,0
101869,20240607,1011,48,8,1,69,28,0.15
101870,20240607,1007,215,3,1,27,11,0.2
101871,20240607,1035,225,4,3,13,5,0.15
101872,20240607,1015,264,3,2,55,23,0.2
101873,20240607,1021,231,1,1,16,6,0.05
101874,20240607,1008,255,4,2,8,2,0
101875,20240607,1010,193,3,1,99,41,0.15
101876,20240608,1006,179,6,1,9,3,0
101877,20240608,1011,188,1,1,69,28,0.15
101878,20240608,1022,136,7,2,21,8,0
101879,20240608,1010,90,2,2,99,41,0.15
101880,20240608,1009,21,5,1,159,64,0
101881,20240608,1016,280,1,2,22,9,0
101882,20240608,1011,18,4,4,69,28,0.15
101883,20240608,1035,129,5,3,13,5,0.1
101884,20240608,1009,263,2,2,159,64,0.15
101885,20240608,1006,235,1,2,9,3,0.05
101886,20240608,1029,279,7,4,99,44,0
101887,20240608,1029,96,1,1,99,44,0.15
101888,20240608,1029,33,8,3,99,44,0.2
101889,20240608,1032,224,8,1,18,7,0.05
101890,20240608,1010,101,8,1,99,41,0.05
101891,20240608,1003,1,7,2,55,22,0.1
101892,20240608,1012,138,1,3,29,12,0
101893,20240608,1003,278,3,1,55,22,0
101894,20240609,1012,101,3,1,29,12,0.05
101895,20240609,1019,273,5,1,79,34,0.2
101896,20240609,1015,294,2,1,55,23,0.2
101897,20240609,1022,168,3,1,21,8,0.1
101898,20240609,1031,295,3,4,52,22,0
101899,20240609,1015,190,2,1,55,23,0.05
101900,20240609,1015,201,6,4,55,23,0
101901,20240609,1024,198,6,2,45,19,0.05
101902,20240609,1002,148,5,3,24,9,0.15
101903,20240609,1015,263,2,1,55,23,0.05
101904,20240609,1031,171,4,1,52,22,0.15
101905,20240609,1006,167,5,1,9,3,0
101906,20240609,1030,111,3,3,69,29,0
101907,20240609,1014,269,2,2,39,17,0.15
101908,20240609,1016,9,5,2,22,9,0
101909,20240609,1010,45,1,2,99,41,0
101910,20240609,1008,68,8,2,8,2,0.05
101911,20240609,1001,270,6,1,79,29,0.15
101912,20240609,1009,220,7,2,159,64,0.2
101913,20240610,1033,144,5,3,15,6,0.05
101914,20240610,1011,144,6,2,69,28,0.05
101915,20240610,1019,61,2,1,79,34,0.2
101916,20240610,1002,22,3,3,24,9,0.2
101917,20240610,1020,119,2,1,199,88,0.1
101918,20240610,1016,60,6,4,22,9,0.2
101919,20240610,1021,18,4,1,16,6,0
101920,20240610,1012,267,7,1,29,12,0
101921,20240610,1032,114,7,4,18,7,0.1
101922,20240611,1001,86,6,3,79,29,0.2
101923,20240611,1019,89,2,4,79,34,0.05
101924,20240611,1009,74,1,1,159,64,0
101925,20240611,1020,47,4,1,199,88,0.1
101926,20240611,1011,273,3,2,69,28,0
101927,20240611,1031,91,3,2,52,22,0.1
101928,20240611,1021,137,8,4,16,6,0.05
101929,20240611,1009,167,3,4,159,64,0.2
101930,20240611,1006,233,7,3,9,3,0.1
101931,20240611,1036,94,8,1,11,4,0
101932,20240611,1008,111,4,1,8,2,0
101933,20240611,1014,15,6,2,39,17,0.2
101934,20240611,1012,110,7,2,29,12,0.05
101935,20240611,1005,122,3,1,19,7,0.05
101936,20240612,1021,296,4,2,16,6,0
101937,20240612,1021,251,8,1,16,6,0
101938,20240612,1032,11,6,3,18,7,0
101939,20240612,1008,299,8,2,8,2,0.15
101940,20240612,1001,29,6,1,79,29,0
101941,20240612,1016,255,2,2,22,9,0.15
101942,20240612,1014,297,4,4,39,17,0
101943,20240612,1009,51,3,3,159,64,0.15
101944,20240612,1004,136,8,1,49,18,0.2
101945,20240612,1030,179,4,2,69,29,0.05
101946,20240612,1035,21,4,1,13,5,0.15
101947,20240612,1002,42,6,1,24,9,0.2
101948,20240612,1008,108,2,1,8,2,0.15
101949,20240612,1002,179,1,2,24,9,0
101950,20240612,1006,262,4,2,9,3,0.1
101951,20240612,1004,213,8,1,49,18,0
101952,20240612,1006,59,3,2,9,3,0
101953,20240613,1010,236,7,1,99,41,0.15
101954,20240613,1009,46,2,2,159,64,0.1
101955,20240613,1008,22,2,1,8,2,0.2
101956,20240613,1003,271,8,3,55,22,0.1
101957,20240613,1016,19,5,2,22,9,0.1
101958,20240613,1013,92,8,1,14,5,0.05
101959,20240613,1007,47,5,3,27,11,0
101960,20240613,1002,72,6,2,24,9,0.1
101961,20240613,1001,147,7,1,79,29,0
101962,20240613,1009,188,6,3,159,64,0
101963,20240613,1005,110,6,3,19,7,0
101964,20240613,1009,50,4,2,159,64,0.15
101965,20240613,1030,184,6,1,69,29,0
101966,20240614,1035,109,1,1,13,5,0.2
101967,20240614,1010,217,2,4,99,41,0.2
101968,20240614,1031,32,8,2,52,22,0
101969,20240614,1006,117,3,4,9,3,0
101970,20240614,1009,55,6,2,159,64,0.2
101971,20240614,1021,4,4,4,16,6,0.15
101972,20240614,1019,186,7,1,79,34,0
101973,20240614,1029,34,6,4,99,44,0
101974,20240614,1016,129,8,3,22,9,0
101975,20240614,1028,61,2,1,34,14,0
101976,20240614,1003,212,4,3,55,22,0.1
101977,20240614,1007,251,3,1,27,11,0.2
101978,20240614,1035,188,8,1,13,5,0.1
101979,20240614,1007,176,1,1,27,11,0.1
101980,20240614,1030,53,4,2,69,29,0
101981,20240615,1022,185,5,1,21,8,0.15
101982,20240615,1032,101,1,3,18,7,0
101983,20240615,1002,271,6,1,24,9,0.05
101984,20240615,1029,16,4,2,99,44,0
101985,20240615,1008,103,7,1,8,2,0.2
101986,20240615,1011,131,7,4,69,28,0
101987,20240615,1010,71,8,2,99,41,0.05
101988,20240615,1002,218,2,4,24,9,0
101989,20240615,1002,249,8,3,24,9,0
101990,20240615,1003,279,2,2,55,22,0.05
101991,20240615,1018,34,6,1,32,13,0.1
101992,20240615,1012,153,8,2,29,12,0.05
101993,20240615,1015,62,7,1,55,23,0.05
101994,20240615,1019,77,4,4,79,34,0.2
101995,20240615,1032,137,4,1,18,7,0
101996,20240615,1015,108,5,3,55,23,0
101997,20240615,1005,221,3,4,19,7,0
101998,20240615,1002,277,3,1,24,9,0
101999,20240615,1007,15,5,1,27,11,0
102000,20240615,1006,293,8,2,9,3,0.15
102001,20240615,1010,12,5,1,99,41,0
102002,20240615,1033,280,7,3,15,6,0
102003,20240615,1017,232,6,1,120,52,0.15
102004,20240615,1034,226,6,4,24,9,0.05
102005,20240616,1035,24,7,3,13,5,0
102006,20240616,1031,93,4,2,52,22,0.15
102007,20240616,1020,44,3,1,199,88,0.1
102008,20240616,1033,245,1,3,15,6,0
102009,20240616,1018,133,2,1,32,13,0.1
102010,20240616,1028,283,4,1,34,14,0
102011,20240616,1012,284,4,2,29,12,0.15
102012,20240616,1023,204,3,4,75,31,0.05
102013,20240616,1019,145,7,4,79,34,0.2
102014,20240616,1028,34,8,2,34,14,0
102015,20240616,1001,82,6,1,79,29,0
102016,20240616,1016,65,1,1,22,9,0.05
102017,20240616,1015,117,1,1,55,23,0.1
102018,20240616,1028,270,8,1,34,14,0
102019,20240616,1005,154,2,2,19,7,0
102020,20240616,1008,184,3,3,8,2,0.1
102021,20240616,1014,209,1,1,39,17,0
102022,20240616,1022,165,2,1,21,8,0.2
102023,20240617,1010,17,4,2,99,41,0
102024,20240617,1019,33,8,3,79,34,0
102025,20240617,1005,276,1,1,19,7,0
102026,20240617,1010,265,2,1,99,41,0
102027,20240617,1015,193,5,2,55,23,0.2
102028,20240617,1035,128,7,2,13,5,0.05
102029,20240617,1036,160,2,4,11,4,0
102030,20240617,1021,26,2,1,16,6,0
102031,20240617,1008,30,8,3,8,2,0.1
102032,20240617,1003,32,4,1,55,22,0
102033,20240617,1014,65,2,1,39,17,0.2
102034,20240618,1021,26,1,1,16,6,0
102035,20240618,1020,151,7,2,199,88,0
102036,20240618,1004,160,6,2,49,18,0
102037,20240618,1022,158,6,1,21,8,0
102038,20240618,1015,218,3,2,55,23,0.05
102039,20240618,1016,196,3,1,22,9,0.15
102040,20240618,1012,56,7,1,29,12,0
102041,20240618,1022,5,7,1,21,8,0.2
102042,20240618,1011,93,8,1,69,28,0
102043,20240618,1031,35,7,1,52,22,0
102044,20240618,1002,52,2,1,24,9,0.1
102045,20240619,1017,31,1,2,120,52,0
102046,20240619,1035,203,8,2,13,5,0.05
102047,20240619,1009,184,8,1,159,64,0.05
102048,20240619,1018,135,3,4,32,13,0
102049,20240619,1028,28,4,3,34,14,0.2
102050,20240619,1034,176,4,3,24,9,0.2
102051,20240619,1035,87,6,2,13,5,0.2
102052,20240619,1012,120,6,1,29,12,0.05
102053,20240619,1017,25,1,3,120,52,0.2
102054,20240619,1030,40,2,1,69,29,0
102055,20240619,1009,230,5,1,159,64,0.1
102056,20240619,1006,106,4,4,9,3,0
102057,20240619,1019,87,1,2,79,34,0
102058,20240619,1013,87,2,2,14,5,0
102059,20240620,1031,35,7,1,52,22,0.05
102060,20240620,1016,100,1,1,22,9,0.1
102061,20240620,1015,137,4,2,55,23,0.15
102062,20240620,1020,54,2,4,199,88,0.15
102063,20240620,1033,177,3,4,15,6,0.15
102064,20240620,1018,134,5,4,32,13,0.2
102065,20240620,1028,186,2,2,34,14,0.15
102066,20240620,1014,165,4,3,39,17,0
102067,20240620,1008,131,7,2,8,2,0.05
102068,20240620,1034,32,5,1,24,9,0.2
102069,20240621,1009,71,5,1,159,64,0.15
102070,20240621,1012,116,8,4,29,12,0.15
102071,20240621,1011,78,2,1,69,28,0.15
102072,20240621,1036,291,4,1,11,4,0.15
102073,20240621,1012,296,4,2,29,12,0
102074,20240621,1011,95,4,1,69,28,0
102075,20240621,1012,198,8,1,29,12,0.1
102076,20240621,1008,191,7,1,8,2,0
102077,20240621,1006,284,5,4,9,3,0
102078,20240621,1021,262,1,2,16,6,0
102079,20240621,1031,282,3,3,52,22,0.15
102080,20240621,1013,162,2,1,14,5,0.2
102081,20240621,1003,235,7,3,55,22,0.2
102082,20240622,1012,169,7,3,29,12,0
102083,20240622,1022,200,7,2,21,8,0
102084,20240622,1018,190,5,1,32,13,0.1
102085,20240622,1006,116,5,2,9,3,0.2
102086,20240622,1001,138,8,2,79,29,0
102087,20240622,1003,100,7,1,55,22,0.15
102088,20240622,1019,290,7,1,79,34,0.1
102089,20240622,1011,120,7,2,69,28,0
102090,20240622,1008,249,2,4,8,2,0.1
102091,20240622,1024,186,8,3,45,19,0
102092,20240622,1005,122,3,4,19,7,0
102093,20240622,1009,233,3,2,159,64,0.2
102094,20240622,1025,3,6,4,22,8,0.05
102095,20240622,1009,262,6,3,159,64,0
102096,20240622,1008,71,8,2,8,2,0.1
102097,20240622,1019,278,3,1,79,34,0
102098,20240622,1018,71,7,2,32,13,0
102099,20240622,1018,172,2,1,32,13,0.2
102100,20240622,1029,136,6,2,99,44,0.2
102101,20240622,1007,249,1,1,27,11,0
102102,20240622,1021,296,3,2,16,6,0
102103,20240622,1009,295,1,1,159,64,0.15
102104,20240622,1004,176,7,1,49,18,0.2
102105,20240623,1009,258,3,4,159,64,0.2
102106,20240623,1018,265,3,1,32,13,0.05
102107,20240623,1011,70,7,3,69,28,0
102108,20240623,1005,192,1,4,19,7,0.2
102109,20240623,1031,31,2,3,52,22,0.2
102110,20240623,1008,238,2,4,8,2,0.05
102111,20240623,1006,23,6,1,9,3,0.1
102112,20240623,1015,292,3,4,55,23,0
102113,20240623,1013,161,1,2,14,5,0.15
102114,20240623,1020,73,8,1,199,88,0
102115,20240623,1014,132,5,1,39,17,0
102116,20240623,1031,110,2,1,52,22,0.05
102117,20240623,1003,288,7,1,55,22,0
102118,20240623,1015,110,6,1,55,23,0.2
102119,20240623,1029,173,3,3,99,44,0.15
102120,20240623,1035,281,4,3,13,5,0
102121,20240624,1035,163,4,2,13,5,0.2
102122,20240624,1020,172,1,1,199,88,0
102123,20240624,1022,106,3,1,21,8,0
102124,20240624,1001,167,2,2,79,29,0
102125,20240624,1003,53,4,2,55,22,0.1
102126,20240624,1007,10,3,2,27,11,0
102127,20240624,1004,208,6,1,49,18,0.1
102128,20240624,1015,43,3,4,55,23,0
102129,20240624,1009,290,6,4,159,64,0.15
102130,20240624,1004,26,2,4,49,18,0.15
102131,20240624,1021,94,6,1,16,6,0.1
102132,20240624,1017,225,5,4,120,52,0
102133,20240625,1007,238,1,2,27,11,0.15
102134,20240625,1015,202,5,3,55,23,0
102135,20240625,1001,143,6,4,79,29,0
102136,20240625,1009,260,5,4,159,64,0
102137,20240625,1005,49,4,1,19,7,0.05
102138,20240625,1016,24,6,2,22,9,0
102139,20240625,1025,292,1,1,22,8,0.2
102140,20240625,1002,281,1,1,24,9,0.2
102141,20240625,1005,23,4,3,19,7,0
102142,20240625,1031,112,4,2,52,22,0
102143,20240625,1019,116,1,2,79,34,0.2
102144,20240625,1001,81,6,2,79,29,0.15
102145,20240625,1021,6,2,1,16,6,0
102146,20240625,1032,201,3,1,18,7,0
102147,20240625,1019,32,3,2,79,34,0
102148,20240625,1010,49,2,1,99,41,0
102149,20240625,1001,216,1,1,79,29,0
102150,20240626,1016,197,7,4,22,9,0
102151,20240626,1029,145,6,1,99,44,0.2
102152,20240626,1030,279,8,4,69,29,0.05
102153,20240626,1012,217,5,2,29,12,0.05
102154,20240626,1011,215,3,1,69,28,0.15
102155,20240626,1010,131,8,1,99,41,0
102156,20240626,1009,177,3,2,159,64,0
102157,20240626,1015,221,3,2,55,23,0
102158,20240626,1007,35,6,2,27,11,0.1
102159,20240626,1028,275,6,1,34,14,0
102160,20240626,1022,161,8,1,21,8,0.05
102161,20240626,1031,265,1,2,52,22,0
102162,20240626,1004,246,4,3,49,18,0.2
102163,20240627,1010,261,5,2,99,41,0.2
102164,20240627,1009,28,3,3,159,64,0
102165,20240627,1036,118,3,1,11,4,0
102166,20240627,1010,143,4,1,99,41,0
102167,20240627,1009,34,7,4,159,64,0.1
102168,20240627,1013,7,3,2,14,5,0.1
102169,20240627,1003,77,4,4,55,22,0
102170,20240627,1009,66,2,2,159,64,0
102171,20240627,1016,67,2,1,22,9,0.2
102172,20240627,1004,30,6,1,49,18,0
102173,20240627,1015,204,2,2,55,23,0
102174,20240627,1035,83,2,3,13,5,0.1
102175,20240627,1005,82,4,1,19,7,0.05
102176,20240627,1002,142,2,3,24,9,0.1
102177,20240627,1010,61,7,3,99,41,0
102178,20240627,1032,189,7,1,18,7,0
102179,20240627,1003,44,7,2,55,22,0.2
102180,20240628,1020,154,1,3,199,88,0.15
102181,20240628,1020,214,6,1,199,88,0
102182,20240628,1001,98,3,2,79,29,0
102183,20240628,1011,46,5,2,69,28,0.15
102184,20240628,1010,176,6,3,99,41,0.1
102185,20240628,1018,263,1,1,32,13,0.05
102186,20240628,1007,123,5,4,27,11,0
102187,20240628,1006,113,4,2,9,3,0
102188,20240628,1036,145,8,1,11,4,0
102189,20240628,1012,121,4,2,29,12,0
102190,20240628,1016,124,2,1,22,9,0.15
102191,20240628,1006,256,7,1,9,3,0.1
102192,20240628,1002,240,7,3,24,9,0
102193,20240628,1018,138,6,3,32,13,0
102194,20240628,1013,242,5,1,14,5,0
102195,20240628,1033,144,3,3,15,6,0
102196,20240628,1006,5,6,1,9,3,0
102197,20240628,1020,205,3,3,199,88,0
102198,20240629,1012,142,3,4,29,12,0
102199,20240629,1016,137,3,3,22,9,0.2
102200,20240629,1025,136,4,3,22,8,0
102201,20240629,1016,60,5,1,22,9,0
102202,20240629,1014,113,8,1,39,17,0.05
102203,20240629,1015,16,2,4,55,23,0.2
102204,20240629,1010,229,2,1,99,41,0.1
102205,20240629,1036,144,3,1,11,4,0
102206,20240629,1017,256,1,2,120,52,0.2
102207,20240629,1008,13,7,2,8,2,0
102208,20240629,1010,296,7,2,99,41,0
102209,20240629,1030,24,6,1,69,29,0
102210,20240629,1010,189,6,4,99,41,0
102211,20240629,1003,92,3,4,55,22,0
102212,20240629,1005,100,2,1,19,7,0.1
102213,20240629,1028,64,4,1,34,14,0.2
102214,20240630,1006,63,4,1,9,3,0
102215,20240630,1012,295,8,1,29,12,0.1
102216,20240630,1016,181,4,3,22,9,0.2
102217,20240630,1016,227,4,1,22,9,0.1
102218,20240630,1013,148,6,2,14,5,0
102219,20240630,1015,219,2,1,55,23,0
102220,20240630,1033,26,8,1,15,6,0
102221,20240630,1003,62,3,1,55,22,0
102222,20240630,1013,80,7,1,14,5,0
102223,20240630,1007,284,4,3,27,11,0.15
102224,20240630,1012,223,5,4,29,12,0
102225,20240630,1021,111,3,1,16,6,0
102226,20240630,1033,130,3,1,15,6,0.05
102227,20240630,1010,95,3,2,99,41,0.1
102228,20240630,1022,125,8,2,21,8,0.2
102229,20240630,1016,140,7,2,22,9,0.05
102230,20240630,1032,162,4,3,18,7,0
102231,20240630,1008,37,4,1,8,2,0
102232,20240630,1004,293,8,1,49,18,0
102233,20240701,1031,90,2,1,52,22,0.05
102234,20240701,1024,40,6,4,45,19,0
102235,20240701,1022,47,7,1,21,8,0.2
102236,20240701,1014,95,1,2,39,17,0
102237,20240701,1009,8,2,1,159,64,0.2
102238,20240701,1032,158,2,3,18,7,0
102239,20240701,1013,207,8,3,14,5,0
102240,20240701,1030,111,2,2,69,29,0.05
102241,20240701,1011,95,3,4,69,28,0
102242,20240701,1002,272,8,1,24,9,0.05
102243,20240701,1035,107,5,1,13,5,0.1
102244,20240701,1013,169,5,1,14,5,0.15
102245,20240701,1013,297,6,2,14,5,0.1
102246,20240701,1012,36,6,1,29,12,0
102247,20240702,1002,145,8,2,24,9,0
102248,20240702,1019,216,8,2,79,34,0
102249,20240702,1020,46,7,2,199,88,0.2
102250,20240702,1013,18,5,1,14,5,0.1
102251,20240702,1022,113,8,1,21,8,0
102252,20240702,1013,290,7,3,14,5,0.2
102253,20240702,1012,290,6,2,29,12,0
102254,20240702,1009,26,6,1,159,64,0
102255,20240702,1012,237,7,1,29,12,0.05
102256,20240702,1014,161,5,1,39,17,0
102257,20240702,1022,223,4,1,21,8,0
102258,20240703,1020,126,4,1,199,88,0.2
102259,20240703,1017,139,7,2,120,52,0
102260,20240703,1017,288,3,3,120,52,0.15
102261,20240703,1010,66,8,2,99,41,0.05
102262,20240703,1014,268,5,2,39,17,0.05
102263,20240703,1007,293,8,1,27,11,0
102264,20240703,1009,23,8,1,159,64,0.15
102265,20240703,1021,147,7,3,16,6,0
102266,20240703,1009,22,5,1,159,64,0
102267,20240703,1018,33,3,3,32,13,0
102268,20240703,1015,183,2,3,55,23,0
102269,20240703,1009,171,7,1,159,64,0.15
102270,20240704,1022,285,7,3,21,8,0.2
102271,20240704,1014,153,4,1,39,17,0
102272,20240704,1006,25,4,4,9,3,0.05
102273,20240704,1013,70,1,1,14,5,0.1
102274,20240704,1016,209,4,2,22,9,0
102275,20240704,1007,297,7,1,27,11,0
102276,20240704,1003,161,3,4,55,22,0.2
102277,20240704,1018,46,8,2,32,13,0
102278,20240704,1005,107,6,1,19,7,0
102279,20240704,1004,188,1,2,49,18,0.15
102280,20240704,1011,217,7,2,69,28,0.2
102281,20240704,1022,82,4,3,21,8,0.1
102282,20240704,1013,120,1,4,14,5,0.05
102283,20240704,1009,56,4,1,159,64,0.05
102284,20240705,1002,35,2,1,24,9,0
102285,20240705,1001,178,6,1,79,29,0.15
102286,20240705,1016,190,4,1,22,9,0
102287,20240705,1004,298,5,4,49,18,0.2
102288,20240705,1032,68,1,1,18,7,0
102289,20240705,1009,298,1,2,159,64,0.2
102290,20240705,1006,68,5,1,9,3,0
102291,20240705,1004,133,8,4,49,18,0
102292,20240705,1032,94,5,1,18,7,0
102293,20240705,1004,226,3,2,49,18,0
102294,20240705,1022,163,1,4,21,8,0
102295,20240705,1022,131,3,3,21,8,0
102296,20240705,1016,40,3,2,22,9,0
102297,20240705,1007,272,8,1,27,11,0
102298,20240706,1033,284,7,2,15,6,0.2
102299,20240706,1004,233,1,4,49,18,0.2
102300,20240706,1032,116,3,1,18,7,0.1
102301,20240706,1023,182,3,4,75,31,0.05
102302,20240706,1008,253,7,1,8,2,0
102303,20240706,1017,11,6,2,120,52,0
102304,20240706,1019,165,5,1,79,34,0
102305,20240706,1013,277,4,3,14,5,0
102306,20240706,1013,10,5,1,14,5,0
102307,20240706,1032,139,8,2,18,7,0
102308,20240706,1023,230,8,3,75,31,0
102309,20240706,1017,108,3,4,120,52,0
102310,20240706,1021,255,8,1,16,6,0
102311,20240706,1011,42,7,2,69,28,0
102312,20240706,1010,294,3,1,99,41,0.1
102313,20240706,1010,211,4,1,99,41,0
102314,20240706,1003,298,7,1,55,22,0.15
102315,20240706,1015,79,7,2,55,23,0.1
102316,20240706,1012,93,1,3,29,12,0.1
102317,20240706,1033,100,4,2,15,6,0
102318,20240707,1003,115,3,2,55,22,0.15
102319,20240707,1006,89,2,1,9,3,0.2
102320,20240707,1008,279,7,2,8,2,0.15
102321,20240707,1035,54,2,1,13,5,0.2
102322,20240707,1034,159,5,2,24,9,0
102323,20240707,1009,199,3,2,159,64,0
102324,20240707,1032,161,6,2,18,7,0
102325,20240707,1008,93,2,3,8,2,0
102326,20240707,1010,39,4,2,99,41,0
102327,20240707,1012,84,5,2,29,12,0
102328,20240707,1035,249,2,4,13,5,0
102329,20240707,1006,209,5,2,9,3,0
102330,20240707,1034,57,1,1,24,9,0.1
102331,20240707,1004,87,1,2,49,18,0
102332,20240707,1004,277,6,4,49,18,0.1
102333,20240707,1013,165,1,1,14,5,0
102334,20240707,1018,1,6,2,32,13,0
102335,20240707,1011,31,8,2,69,28,0.05
102336,20240708,1016,106,7,1,22,9,0.05
102337,20240708,1014,43,6,2,39,17,0.2
102338,20240708,1030,56,1,2,69,29,0
102339,20240708,1005,103,4,2,19,7,0.15
102340,20240708,1010,115,6,2,99,41,0.05
102341,20240708,1012,271,8,2,29,12,0.15
102342,20240708,1002,49,1,4,24,9,0
102343,20240708,1011,52,5,4,69,28,0.05
102344,20240709,1009,236,2,2,159,64,0
102345,20240709,1012,78,7,1,29,12,0.1
102346,20240709,1011,71,6,1,69,28,0.15
102347,20240709,1029,84,6,2,99,44,0.05
102348,20240709,1021,5,8,1,16,6,0
102349,20240709,1002,211,7,2,24,9,0
102350,20240709,1020,249,1,2,199,88,0.05
102351,20240709,1036,255,5,3,11,4,0
102352,20240709,1036,208,5,2,11,4,0.05
102353,20240709,1013,58,7,3,14,5,0.15
102354,20240709,1030,176,4,3,69,29,0.05
102355,20240710,1035,86,7,1,13,5,0
102356,20240710,1001,17,3,1,79,29,0.15
102357,20240710,1026,149,1,2,169,71,0
102358,20240710,1012,54,4,3,29,12,0
102359,20240710,1001,22,6,2,79,29,0.05
102360,20240710,1031,243,5,3,52,22,0.05
102361,20240710,1007,8,3,1,27,11,0.15
102362,20240710,1001,200,7,1,79,29,0.1
102363,20240710,1007,105,1,4,27,11,0.05
102364,20240710,1007,225,5,3,27,11,0
102365,20240710,1004,10,2,2,49,18,0.1
102366,20240710,1034,18,1,1,24,9,0.1
102367,20240710,1008,63,1,1,8,2,0
102368,20240711,1017,248,5,2,120,52,0
102369,20240711,1003,166,6,3,55,22,0
102370,20240711,1009,93,2,1,159,64,0
102371,20240711,1001,151,8,1,79,29,0.1
102372,20240711,1002,156,5,1,24,9,0.2
102373,20240711,1021,88,2,1,16,6,0
102374,20240711,1015,42,3,1,55,23,0
102375,20240711,1019,29,1,1,79,34,0
102376,20240711,1016,35,8,2,22,9,0.2
102377,20240711,1016,238,8,2,22,9,0.1
102378,20240711,1011,127,6,1,69,28,0.1
102379,20240711,1036,88,3,2,11,4,0.05
102380,20240711,1020,161,2,3,199,88,0
102381,20240711,1026,44,8,2,169,71,0
102382,20240712,1005,25,6,4,19,7,0.05
102383,20240712,1020,138,8,1,199,88,0
102384,20240712,1015,73,5,2,55,23,0
102385,20240712,1019,183,5,3,79,34,0
102386,20240712,1030,105,1,1,69,29,0.2
102387,20240712,1022,100,2,2,21,8,0
102388,20240712,1034,103,4,1,24,9,0.15
102389,20240712,1012,274,3,1,29,12,0
102390,20240712,1036,244,4,3,11,4,0
102391,20240712,1001,33,6,2,79,29,0
102392,20240712,1012,109,6,2,29,12,0
102393,20240712,1015,52,2,3,55,23,0.05
102394,20240712,1031,45,8,1,52,22,0
102395,20240712,1011,159,4,1,69,28,0.2
102396,20240712,1014,132,7,1,39,17,0.05
102397,20240712,1022,15,1,2,21,8,0.05
102398,20240712,1008,117,1,2,8,2,0
102399,20240712,1022,210,5,2,21,8,0.05
102400,20240712,1019,264,5,1,79,34,0
102401,20240713,1032,267,3,2,18,7,0
102402,20240713,1004,237,2,1,49,18,0.1
102403,20240713,1009,232,2,2,159,64,0.1
102404,20240713,1030,154,5,1,69,29,0.05
102405,20240713,1014,201,2,3,39,17,0
102406,20240713,1006,271,6,1,9,3,0
102407,20240713,1008,252,2,2,8,2,0.05
102408,20240713,1022,294,3,4,21,8,0
102409,20240713,1007,76,7,2,27,11,0
102410,20240713,1015,161,1,1,55,23,0.1
102411,20240713,1001,203,1,2,79,29,0
102412,20240713,1008,6,4,1,8,2,0.05
102413,20240713,1035,69,6,2,13,5,0
102414,20240713,1023,31,6,3,75,31,0
102415,20240713,1003,109,8,1,55,22,0
102416,20240713,1014,272,8,4,39,17,0.2
102417,20240714,1014,41,4,1,39,17,0.2
102418,20240714,1014,4,6,3,39,17,0
102419,20240714,1035,221,2,4,13,5,0.15
102420,20240714,1019,198,7,1,79,34,0.1
102421,20240714,1016,60,2,2,22,9,0
102422,20240714,1003,242,8,3,55,22,0.2
102423,20240714,1012,216,7,3,29,12,0.05
102424,20240714,1027,267,2,4,49,21,0
102425,20240714,1017,18,2,2,120,52,0
102426,20240714,1014,154,7,4,39,17,0.1
102427,20240714,1017,97,1,1,120,52,0
102428,20240714,1009,250,7,1,159,64,0
102429,20240714,1014,53,5,4,39,17,0.05
102430,20240714,1030,163,4,3,69,29,0
102431,20240714,1002,254,7,2,24,9,0
102432,20240714,1001,143,8,1,79,29,0.05
102433,20240714,1023,169,8,2,75,31,0.15
102434,20240714,1009,101,1,1,159,64,0
102435,20240715,1003,268,2,4,55,22,0.05
102436,20240715,1033,184,4,2,15,6,0
102437,20240715,1015,8,5,1,55,23,0
102438,20240715,1007,58,6,1,27,11,0
102439,20240715,1013,12,3,2,14,5,0
102440,20240715,1035,86,1,1,13,5,0
102441,20240715,1017,120,2,3,120,52,0.15
102442,20240715,1003,4,5,1,55,22,0
102443,20240715,1018,140,2,1,32,13,0.1
102444,20240715,1014,283,2,1,39,17,0.15
102445,20240715,1004,74,3,3,49,18,0
102446,20240715,1018,286,8,2,32,13,0.05
102447,20240715,1010,295,7,4,99,41,0.15
102448,20240715,1014,153,3,1,39,17,0.2
102449,20240715,1012,110,3,1,29,12,0.2
102450,20240715,1027,19,4,2,49,21,0.05
102451,20240715,1020,111,1,2,199,88,0.1
102452,20240715,1031,87,1,2,52,22,0
102453,20240715,1010,122,7,1,99,41,0
102454,20240716,1005,299,1,1,19,7,0.2
102455,20240716,1001,31,2,2,79,29,0
102456,20240716,1032,7,1,1,18,7,0.15
102457,20240716,1030,18,8,2,69,29,0
102458,20240716,1011,195,1,1,69,28,0.05
102459,20240716,1033,73,3,1,15,6,0
102460,20240716,1008,144,7,3,8,2,0
102461,20240716,1008,36,8,2,8,2,0.2
102462,20240716,1001,75,4,1,79,29,0
102463,20240716,1020,95,6,3,199,88,0.2
102464,20240716,1010,93,4,1,99,41,0
102465,20240716,1010,9,5,4,99,41,0.1
102466,20240717,1012,216,6,1,29,12,0.1
102467,20240717,1021,41,8,4,16,6,0
102468,20240717,1009,300,6,1,159,64,0.1
102469,20240717,1008,57,6,1,8,2,0
102470,20240717,1006,147,7,2,9,3,0.2
102471,20240717,1017,264,7,1,120,52,0.2
102472,20240717,1009,5,5,1,159,64,0
102473,20240717,1020,225,2,1,199,88,0.1
102474,20240717,1008,291,3,2,8,2,0.05
102475,20240717,1006,271,4,1,9,3,0
102476,20240718,1009,143,5,3,159,64,0.2
102477,20240718,1033,259,3,2,15,6,0.2
102478,20240718,1008,141,7,4,8,2,0
102479,20240718,1012,86,4,3,29,12,0
102480,20240718,1010,107,4,1,99,41,0
102481,20240718,1001,128,5,1,79,29,0.05
102482,20240718,1008,291,2,1,8,2,0.05
102483,20240718,1008,297,2,1,8,2,0
102484,20240718,1010,234,8,1,99,41,0
102485,20240718,1003,154,2,2,55,22,0.1
102486,20240718,1036,21,1,4,11,4,0
102487,20240718,1033,50,4,1,15,6,0
102488,20240718,1029,163,2,1,99,44,0.2
102489,20240718,1017,159,3,1,120,52,0.05
102490,20240718,1002,7,2,1,24,9,0.15
102491,20240719,1027,129,5,1,49,21,0.2
102492,20240719,1004,9,3,2,49,18,0
102493,20240719,1033,229,5,1,15,6,0
102494,20240719,1001,272,6,4,79,29,0
102495,20240719,1032,117,6,1,18,7,0
102496,20240719,1013,177,8,1,14,5,0.2
102497,20240719,1002,287,3,1,24,9,0.05
102498,20240719,1007,91,6,2,27,11,0.2
102499,20240719,1026,89,4,1,169,71,0
102500,20240719,1004,66,4,1,49,18,0
102501,20240719,1034,90,4,1,24,9,0
102502,20240719,1009,36,6,4,159,64,0.1
102503,20240719,1006,273,6,2,9,3,0
102504,20240720,1001,115,5,2,79,29,0.15
102505,20240720,1020,91,3,1,199,88,0.2
102506,20240720,1029,197,1,1,99,44,0.1
102507,20240720,1007,256,4,1,27,11,0
102508,20240720,1020,286,7,1,199,88,0
102509,20240720,1006,163,2,1,9,3,0
102510,20240720,1009,232,1,2,159,64,0
102511,20240720,1033,180,7,1,15,6,0.15
102512,20240720,1010,227,7,1,99,41,0
102513,20240720,1035,151,8,3,13,5,0
102514,20240720,1011,19,7,2,69,28,0
102515,20240720,1020,75,3,2,199,88,0
102516,20240720,1016,28,5,1,22,9,0
102517,20240720,1008,130,6,1,8,2,0.1
102518,20240720,1011,205,5,2,69,28,0
102519,20240720,1006,253,4,1,9,3,0.1
102520,20240720,1034,220,4,1,24,9,0.15
102521,20240720,1020,257,3,2,199,88,0.15
102522,20240720,1005,275,1,1,19,7,0.15
102523,20240720,1002,23,3,1,24,9,0
102524,20240721,1018,16,2,3,32,13,0
102525,20240721,1026,218,1,2,169,71,0.2
102526,20240721,1016,259,7,1,22,9,0.1
102527,20240721,1013,229,1,4,14,5,0
102528,20240721,1006,108,5,1,9,3,0.2
102529,20240721,1016,239,7,2,22,9,0.1
102530,20240721,1003,199,3,1,55,22,0.1
102531,20240721,1004,146,8,1,49,18,0.05
102532,20240721,1034,62,2,1,24,9,0
102533,20240721,1014,85,2,1,39,17,0
102534,20240721,1002,228,1,1,24,9,0.05
102535,20240721,1031,117,8,2,52,22,0.15
102536,20240721,1007,241,3,2,27,11,0.05
102537,20240721,1009,197,5,2,159,64,0.2
102538,20240721,1031,174,4,1,52,22,0
102539,20240721,1003,4,3,1,55,22,0.15
102540,20240721,1019,188,6,2,79,34,0.1
102541,20240721,1033,151,4,1,15,6,0
102542,20240721,1009,63,7,1,159,64,0
102543,20240721,1003,196,6,1,55,22,0.1
102544,20240721,1030,227,6,2,69,29,0
102545,20240721,1005,187,3,2,19,7,0
102546,20240721,1006,153,3,3,9,3,0.15
102547,20240721,1025,102,6,2,22,8,0
102548,20240721,1011,58,4,1,69,28,0.1
102549,20240721,1009,113,1,3,159,64,0.05
102550,20240722,1001,39,1,1,79,29,0
102551,20240722,1003,244,6,1,55,22,0
102552,20240722,1019,169,4,3,79,34,0
102553,20240722,1020,61,5,1,199,88,0
102554,20240722,1032,259,7,3,18,7,0
102555,20240722,1008,57,3,1,8,2,0
102556,20240722,1009,260,2,1,159,64,0.05
102557,20240722,1022,24,8,1,21,8,0.15
102558,20240722,1011,150,7,1,69,28,0
102559,20240722,1030,14,8,1,69,29,0
102560,20240722,1014,197,5,2,39,17,0
102561,20240722,1015,250,6,3,55,23,0
102562,20240722,1034,38,5,1,24,9,0
102563,20240723,1025,202,7,2,22,8,0
102564,20240723,1010,154,1,1,99,41,0.05
102565,20240723,1029,194,4,1,99,44,0
102566,20240723,1010,106,6,1,99,41,0.15
102567,20240723,1014,214,3,4,39,17,0
102568,20240723,1014,244,1,2,39,17,0.05
102569,20240723,1015,121,5,2,55,23,0.15
102570,20240723,1001,75,8,1,79,29,0.05
102571,20240723,1013,168,8,3,14,5,0.2
102572,20240723,1001,211,8,2,79,29,0.1
102573,20240724,1004,256,6,2,49,18,0.2
102574,20240724,1002,93,8,3,24,9,0
102575,20240724,1014,106,3,3,39,17,0
102576,20240724,1004,247,2,1,49,18,0.1
102577,20240724,1007,251,7,3,27,11,0.15
102578,20240724,1007,279,6,1,27,11,0
102579,20240724,1008,284,4,3,8,2,0
102580,20240724,1003,297,1,4,55,22,0.15
102581,20240724,1014,93,7,3,39,17,0
102582,20240724,1036,95,7,4,11,4,0.2
102583,20240724,1018,13,2,1,32,13,0
102584,20240724,1029,111,2,4,99,44,0
102585,20240725,1012,144,7,2,29,12,0
102586,20240725,1015,289,5,4,55,23,0
102587,20240725,1029,277,4,1,99,44,0.05
102588,20240725,1003,32,3,3,55,22,0
102589,20240725,1036,116,3,2,11,4,0
102590,20240725,1032,294,2,4,18,7,0
102591,20240725,1004,31,3,3,49,18,0.15
102592,20240725,1029,86,5,1,99,44,0
102593,20240725,1032,12,8,3,18,7,0.05
102594,20240725,1001,2,7,2,79,29,0
102595,20240725,1002,53,3,2,24,9,0.1
102596,20240725,1003,154,4,3,55,22,0.2
102597,20240726,1003,300,4,2,55,22,0.2
102598,20240726,1012,106,3,1,29,12,0
102599,20240726,1016,170,6,1,22,9,0.15
102600,20240726,1004,173,5,4,49,18,0
102601,20240726,1003,284,5,1,55,22,0.05
102602,20240726,1014,84,5,3,39,17,0
102603,20240726,1016,4,1,1,22,9,0
102604,20240726,1015,139,2,3,55,23,0.15
102605,20240726,1011,202,6,1,69,28,0.15
102606,20240726,1009,255,7,1,159,64,0
102607,20240726,1013,143,3,2,14,5,0.05
102608,20240726,1014,51,3,1,39,17,0.2
102609,20240726,1012,247,6,1,29,12,0
102610,20240726,1015,141,8,1,55,23,0
102611,20240727,1010,230,4,4,99,41,0
102612,20240727,1002,273,5,2,24,9,0.1
102613,20240727,1018,182,4,1,32,13,0
102614,20240727,1022,72,2,1,21,8,0
102615,20240727,1007,227,8,2,27,11,0
102616,20240727,1017,129,3,4,120,52,0
102617,20240727,1010,131,6,2,99,41,0
102618,20240727,1012,278,8,4,29,12,0
102619,20240727,1032,295,4,2,18,7,0
102620,20240727,1014,286,7,3,39,17,0.05
102621,20240727,1023,85,6,4,75,31,0.2
102622,20240727,1018,184,4,2,32,13,0.1
102623,20240727,1035,245,3,3,13,5,0.1
102624,20240727,1002,300,3,1,24,9,0
102625,20240727,1014,192,2,2,39,17,0
102626,20240727,1011,55,3,4,69,28,0
102627,20240728,1020,129,3,2,199,88,0
102628,20240728,1001,126,5,4,79,29,0.15
102629,20240728,1006,7,7,2,9,3,0.05
102630,20240728,1029,176,1,1,99,44,0
102631,20240728,1012,10,4,3,29,12,0.1
102632,20240728,1005,126,6,3,19,7,0.05
102633,20240728,1013,238,2,1,14,5,0
102634,20240728,1015,11,3,1,55,23,0
102635,20240728,1030,205,2,1,69,29,0
102636,20240728,1004,145,4,2,49,18,0
102637,20240728,1023,89,4,2,75,31,0
102638,20240728,1018,76,4,2,32,13,0
102639,20240728,1008,211,2,4,8,2,0
102640,20240728,1001,48,7,3,79,29,0
102641,20240728,1020,179,5,1,199,88,0
102642,20240728,1019,238,8,3,79,34,0
102643,20240728,1003,150,3,2,55,22,0.15
102644,20240728,1031,226,1,1,52,22,0.05
102645,20240728,1013,87,5,2,14,5,0
102646,20240728,1036,40,8,1,11,4,0.15
102647,20240728,1011,101,7,1,69,28,0.15
102648,20240728,1017,184,5,3,120,52,0
102649,20240729,1015,291,1,3,55,23,0
102650,20240729,1012,33,1,2,29,12,0.1
102651,20240729,1001,161,8,1,79,29,0.15
102652,20240729,1018,165,1,1,32,13,0
102653,20240729,1003,135,7,1,55,22,0.05
102654,20240729,1004,49,5,3,49,18,0.1
102655,20240729,1015,142,4,4,55,23,0.05
102656,20240729,1030,232,6,3,69,29,0
102657,20240729,1009,284,2,1,159,64,0
102658,20240729,1006,293,1,3,9,3,0.1
102659,20240729,1004,296,2,2,49,18,0.1
102660,20240729,1001,233,7,1,79,29,0
102661,20240729,1002,220,1,1,24,9,0
102662,20240729,1015,261,4,2,55,23,0.2
102663,20240729,1014,109,1,2,39,17,0
102664,20240730,1008,216,7,1,8,2,0.1
102665,20240730,1002,221,6,2,24,9,0.1
102666,20240730,1014,24,7,1,39,17,0.05
102667,20240730,1011,258,8,2,69,28,0.15
102668,20240730,1026,166,1,3,169,71,0.15
102669,20240730,1020,234,1,1,199,88,0
102670,20240730,1036,206,8,2,11,4,0
102671,20240730,1002,36,7,1,24,9,0.15
102672,20240730,1011,8,8,4,69,28,0.2
102673,20240730,1013,261,2,2,14,5,0
102674,20240731,1014,4,7,1,39,17,0
102675,20240731,1020,81,1,1,199,88,0.05
102676,20240731,1014,121,2,2,39,17,0.1
102677,20240731,1016,10,2,1,22,9,0.2
102678,20240731,1019,231,1,2,79,34,0.2
102679,20240731,1005,2,6,3,19,7,0
102680,20240731,1034,263,5,4,24,9,0
102681,20240731,1016,39,8,2,22,9,0.15
102682,20240731,1035,3,7,2,13,5,0.15
102683,20240731,1008,27,2,2,8,2,0.05
102684,20240801,1033,24,2,1,15,6,0.2
102685,20240801,1031,153,1,2,52,22,0
102686,20240801,1014,34,8,2,39,17,0
102687,20240801,1011,213,3,2,69,28,0.05
102688,20240801,1034,10,8,4,24,9,0.1
102689,20240801,1010,290,3,2,99,41,0.2
102690,20240801,1006,58,7,2,9,3,0
102691,20240801,1008,8,1,2,8,2,0
102692,20240801,1034,234,1,1,24,9,0.05
102693,20240801,1027,138,4,4,49,21,0
102694,20240801,1012,249,1,1,29,12,0.05
102695,20240801,1006,74,5,3,9,3,0
102696,20240802,1014,80,4,1,39,17,0
102697,20240802,1030,137,8,1,69,29,0.05
102698,20240802,1004,1,3,1,49,18,0.15
102699,20240802,1019,158,1,1,79,34,0.15
102700,20240802,1006,143,1,3,9,3,0.15
102701,20240802,1016,262,3,3,22,9,0
102702,20240802,1008,256,4,3,8,2,0
102703,20240802,1034,78,4,4,24,9,0
102704,20240802,1009,238,7,1,159,64,0
102705,20240802,1009,90,3,1,159,64,0.15
102706,20240802,1012,211,3,1,29,12,0
102707,20240802,1001,292,7,1,79,29,0.2
102708,20240802,1012,80,4,1,29,12,0.05
102709,20240802,1014,205,8,2,39,17,0
102710,20240802,1032,223,1,1,18,7,0.2
102711,20240802,1020,268,5,1,199,88,0
102712,20240802,1016,98,2,1,22,9,0.05
102713,20240803,1026,153,1,1,169,71,0
102714,20240803,1010,157,4,3,99,41,0.2
102715,20240803,1005,295,8,1,19,7,0
102716,20240803,1021,68,1,2,16,6,0.05
102717,20240803,1035,153,3,1,13,5,0.1
102718,20240803,1009,78,1,1,159,64,0.05
102719,20240803,1034,292,8,1,24,9,0
102720,20240803,1007,206,3,1,27,11,0.2
102721,20240803,1003,68,1,4,55,22,0
102722,20240803,1006,2,8,1,9,3,0.1
102723,20240803,1034,149,1,1,24,9,0
102724,20240803,1020,62,3,4,199,88,0
102725,20240803,1021,162,7,1,16,6,0
102726,20240803,1007,87,2,2,27,11,0
102727,20240803,1023,92,1,1,75,31,0.15
102728,20240803,1010,299,2,3,99,41,0.1
102729,20240803,1013,98,5,1,14,5,0
102730,20240803,1012,230,5,3,29,12,0
102731,20240803,1018,274,7,1,32,13,0.1
102732,20240803,1009,3,8,1,159,64,0
102733,20240803,1023,86,6,2,75,31,0.2
102734,20240803,1006,19,2,1,9,3,0.2
102735,20240803,1033,49,6,1,15,6,0.1
102736,20240804,1016,252,8,1,22,9,0
102737,20240804,1001,7,5,1,79,29,0
102738,20240804,1008,128,3,4,8,2,0.2
102739,20240804,1012,196,7,2,29,12,0.1
102740,20240804,1011,264,6,3,69,28,0
102741,20240804,1002,201,6,2,24,9,0
102742,20240804,1011,196,5,1,69,28,0.2
102743,20240804,1014,214,3,3,39,17,0
102744,20240804,1013,154,5,1,14,5,0.2
102745,20240804,1002,222,8,2,24,9,0
102746,20240804,1003,22,3,4,55,22,0.05
102747,20240804,1008,145,4,2,8,2,0.05
102748,20240804,1006,200,7,2,9,3,0.2
102749,20240804,1007,288,1,2,27,11,0.05
102750,20240804,1022,62,2,1,21,8,0
102751,20240804,1026,82,3,4,169,71,0.15
102752,20240804,1002,4,8,2,24,9,0
102753,20240804,1019,273,3,2,79,34,0.15
102754,20240804,1013,38,6,3,14,5,0
102755,20240804,1016,199,7,1,22,9,0.15
102756,20240804,1009,296,7,1,159,64,0
102757,20240804,1001,197,2,4,79,29,0
102758,20240804,1035,285,8,1,13,5,0
102759,20240805,1001,170,1,1,79,29,0
102760,20240805,1024,45,7,3,45,19,0.2
102761,20240805,1003,122,1,4,55,22,0
102762,20240805,1010,81,4,1,99,41,0
102763,20240805,1008,22,1,3,8,2,0.2
102764,20240805,1035,179,8,1,13,5,0.2
102765,20240806,1009,145,5,1,159,64,0.05
102766,20240806,1022,288,2,1,21,8,0.05
102767,20240806,1034,170,7,4,24,9,0.15
102768,20240806,1026,190,3,1,169,71,0.15
102769,20240806,1008,209,7,2,8,2,0
102770,20240806,1001,216,3,3,79,29,0
102771,20240806,1020,230,3,1,199,88,0
102772,20240806,1026,33,6,1,169,71,0.15
102773,20240806,1033,3,2,1,15,6,0.2
102774,20240806,1029,217,8,3,99,44,0.2
102775,20240806,1007,293,1,1,27,11,0.05
102776,20240806,1024,126,6,1,45,19,0
102777,20240806,1020,136,6,1,199,88,0.1
102778,20240806,1014,240,1,3,39,17,0.1
102779,20240806,1008,269,7,3,8,2,0.15
102780,20240807,1008,254,5,1,8,2,0
102781,20240807,1036,240,1,2,11,4,0
102782,20240807,1006,52,3,1,9,3,0
102783,20240807,1011,112,4,1,69,28,0
102784,20240807,1010,69,4,2,99,41,0
102785,20240807,1003,123,3,2,55,22,0
102786,20240807,1030,133,3,4,69,29,0.1
102787,20240807,1029,82,4,1,99,44,0.2
102788,20240807,1010,295,2,1,99,41,0
102789,20240807,1001,90,5,2,79,29,0
102790,20240807,1019,37,3,4,79,34,0
102791,20240807,1031,138,6,1,52,22,0
102792,20240808,1029,36,4,2,99,44,0.05
102793,20240808,1008,146,4,3,8,2,0
102794,20240808,1014,78,3,1,39,17,0.15
102795,20240808,1032,39,7,2,18,7,0
102796,20240808,1031,286,6,3,52,22,0
102797,20240808,1004,161,3,3,49,18,0
102798,20240808,1009,243,5,1,159,64,0.15
102799,20240808,1004,223,8,2,49,18,0
102800,20240808,1009,221,3,4,159,64,0.15
102801,20240808,1016,183,7,1,22,9,0.05
102802,20240808,1005,249,4,2,19,7,0
102803,20240808,1007,293,8,1,27,11,0.05
102804,20240809,1005,18,6,4,19,7,0.05
102805,20240809,1021,107,3,1,16,6,0.1
102806,20240809,1009,196,2,1,159,64,0.05
102807,20240809,1009,274,2,3,159,64,0.05
102808,20240809,1007,117,5,1,27,11,0.2
102809,20240809,1002,224,3,1,24,9,0.1
102810,20240809,1020,175,7,4,199,88,0.1
102811,20240809,1032,73,3,2,18,7,0.05
102812,20240809,1014,30,6,2,39,17,0.1
102813,20240809,1019,40,4,2,79,34,0
102814,20240809,1017,295,5,1,120,52,0
102815,20240809,1026,228,5,2,169,71,0.05
102816,20240809,1025,2,8,2,22,8,0
102817,20240809,1010,279,1,3,99,41,0
102818,20240809,1010,51,7,1,99,41,0
102819,20240810,1022,166,6,4,21,8,0.2
102820,20240810,1023,221,5,4,75,31,0
102821,20240810,1001,267,7,1,79,29,0
102822,20240810,1023,55,3,1,75,31,0
102823,20240810,1012,263,8,4,29,12,0
102824,20240810,1019,104,7,3,79,34,0.15
102825,20240810,1002,241,1,1,24,9,0
102826,20240810,1005,24,5,4,19,7,0
102827,20240810,1018,32,3,1,32,13,0.1
102828,20240810,1035,143,2,4,13,5,0.15
102829,20240810,1014,222,2,2,39,17,0.05
102830,20240810,1032,285,5,1,18,7,0.2
102831,20240810,1008,7,5,1,8,2,0
102832,20240810,1030,252,5,3,69,29,0
102833,20240810,1001,115,5,2,79,29,0.1
102834,20240811,1036,87,5,2,11,4,0
102835,20240811,1018,120,2,4,32,13,0.15
102836,20240811,1009,9,8,1,159,64,0.15
102837,20240811,1013,289,8,1,14,5,0
102838,20240811,1030,188,2,2,69,29,0
102839,20240811,1020,268,3,4,199,88,0.1
102840,20240811,1013,164,7,2,14,5,0.1
102841,20240811,1018,113,3,1,32,13,0
102842,20240811,1028,193,5,2,34,14,0.1
102843,20240811,1011,265,4,3,69,28,0
102844,20240811,1029,110,2,1,99,44,0
102845,20240811,1024,47,8,3,45,19,0.2
102846,20240811,1035,196,6,1,13,5,0
102847,20240811,1022,12,7,1,21,8,0.05
102848,20240811,1010,243,2,2,99,41,0
102849,20240811,1011,19,7,2,69,28,0.05
102850,20240811,1029,239,8,4,99,44,0
102851,20240811,1005,161,4,2,19,7,0
102852,20240811,1034,277,1,3,24,9,0.15
102853,20240811,1030,253,1,1,69,29,0
102854,20240811,1025,135,8,3,22,8,0
102855,20240811,1027,9,8,1,49,21,0
102856,20240811,1026,56,3,1,169,71,0
102857,20240812,1002,280,2,1,24,9,0
102858,20240812,1035,51,3,1,13,5,0.1
102859,20240812,1002,199,1,2,24,9,0.2
102860,20240812,1008,76,3,2,8,2,0
102861,20240812,1015,224,5,4,55,23,0.05
102862,20240812,1016,236,7,1,22,9,0
102863,20240812,1013,250,8,2,14,5,0
102864,20240812,1016,112,2,3,22,9,0.15
102865,20240812,1021,163,8,2,16,6,0.1
102866,20240812,1003,114,5,2,55,22,0.05
102867,20240812,1018,276,4,1,32,13,0.2
102868,20240812,1020,53,3,4,199,88,0.2
102869,20240812,1013,202,2,4,14,5,0
102870,20240812,1003,229,1,2,55,22,0.15
102871,20240812,1010,137,6,4,99,41,0.15
102872,20240813,1017,13,4,2,120,52,0.15
102873,20240813,1002,164,8,1,24,9,0
102874,20240813,1014,61,6,2,39,17,0
102875,20240813,1032,76,8,2,18,7,0
102876,20240813,1015,107,1,1,55,23,0.05
102877,20240813,1009,156,3,1,159,64,0.05
102878,20240813,1015,191,2,1,55,23,0
102879,20240813,1036,299,7,3,11,4,0.05
102880,20240813,1025,150,7,2,22,8,0
102881,20240813,1025,294,6,1,22,8,0.1
102882,20240813,1035,138,2,1,13,5,0.1
102883,20240813,1028,83,3,1,34,14,0
102884,20240813,1005,37,5,1,19,7,0.05
102885,20240813,1007,246,7,3,27,11,0.15
102886,20240813,1004,250,8,1,49,18,0.05
102887,20240813,1019,65,7,4,79,34,0.05
102888,20240814,1010,16,7,3,99,41,0
102889,20240814,1012,232,8,4,29,12,0
102890,20240814,1008,223,2,1,8,2,0
102891,20240814,1001,124,5,1,79,29,0
102892,20240814,1012,66,3,4,29,12,0
102893,20240814,1015,107,8,2,55,23,0
102894,20240814,1002,168,3,4,24,9,0.05
102895,20240814,1020,14,3,1,199,88,0
102896,20240814,1014,156,7,4,39,17,0
102897,20240814,1020,57,7,3,199,88,0.15
102898,20240814,1016,291,6,1,22,9,0
102899,20240814,1022,249,8,3,21,8,0.1
102900,20240814,1002,281,6,4,24,9,0.15
102901,20240815,1022,139,5,3,21,8,0.2
102902,20240815,1012,154,8,2,29,12,0.05
102903,20240815,1005,43,6,1,19,7,0
102904,20240815,1031,48,2,3,52,22,0
102905,20240815,1030,110,2,2,69,29,0.15
102906,20240815,1009,165,5,1,159,64,0
102907,20240815,1016,264,4,2,22,9,0
102908,20240815,1004,31,2,3,49,18,0.05
102909,20240815,1035,299,2,1,13,5,0
102910,20240815,1021,247,7,1,16,6,0
102911,20240815,1011,281,2,4,69,28,0
102912,20240815,1036,269,6,1,11,4,0.1
102913,20240816,1001,102,4,1,79,29,0.05
102914,20240816,1005,101,1,1,19,7,0.1
102915,20240816,1026,258,7,1,169,71,0
102916,20240816,1002,148,2,4,24,9,0
102917,20240816,1007,246,1,1,27,11,0
102918,20240816,1007,290,3,1,27,11,0.1
102919,20240816,1002,128,4,4,24,9,0
102920,20240816,1034,20,1,1,24,9,0
102921,20240816,1021,91,1,4,16,6,0
102922,20240816,1002,24,2,2,24,9,0.05
102923,20240816,1017,99,4,1,120,52,0.05
102924,20240816,1012,60,4,2,29,12,0.2
102925,20240816,1011,211,5,2,69,28,0
102926,20240816,1022,153,5,1,21,8,0.05
102927,20240816,1029,263,7,1,99,44,0
102928,20240816,1028,299,6,1,34,14,0
102929,20240817,1016,125,5,2,22,9,0.1
102930,20240817,1024,208,2,2,45,19,0
102931,20240817,1022,200,3,1,21,8,0
102932,20240817,1033,54,5,4,15,6,0
102933,20240817,1024,139,7,4,45,19,0.15
102934,20240817,1015,209,3,2,55,23,0.1
102935,20240817,1016,199,8,1,22,9,0.2
102936,20240817,1010,235,7,1,99,41,0
102937,20240817,1013,139,4,2,14,5,0
102938,20240817,1019,127,1,1,79,34,0.1
102939,20240817,1010,280,2,2,99,41,0.1
102940,20240817,1027,257,2,4,49,21,0.1
102941,20240817,1007,237,2,3,27,11,0.1
102942,20240817,1002,67,7,2,24,9,0
102943,20240817,1004,3,2,1,49,18,0.15
102944,20240818,1002,294,4,1,24,9,0.1
102945,20240818,1008,101,5,1,8,2,0
102946,20240818,1029,74,3,1,99,44,0
102947,20240818,1019,98,2,1,79,34,0.2
102948,20240818,1030,154,1,4,69,29,0.15
102949,20240818,1014,41,2,2,39,17,0.05
102950,20240818,1012,150,8,2,29,12,0
102951,20240818,1006,211,4,2,9,3,0.1
102952,20240818,1014,200,2,2,39,17,0
102953,20240818,1011,206,4,3,69,28,0
102954,20240818,1006,111,8,1,9,3,0.2
102955,20240818,1018,289,5,1,32,13,0
102956,20240818,1006,253,4,4,9,3,0.15
102957,20240818,1003,54,7,1,55,22,0.05
102958,20240818,1011,214,7,1,69,28,0.05
102959,20240818,1008,38,1,2,8,2,0
102960,20240818,1016,103,5,1,22,9,0.15
102961,20240818,1022,31,4,1,21,8,0
102962,20240818,1021,290,2,1,16,6,0.1
102963,20240819,1007,166,8,2,27,11,0
102964,20240819,1008,299,5,1,8,2,0.1
102965,20240819,1001,46,5,4,79,29,0.05
102966,20240819,1006,154,6,3,9,3,0
102967,20240819,1013,41,1,1,14,5,0.15
102968,20240819,1032,195,2,4,18,7,0.1
102969,20240819,1019,146,1,2,79,34,0
102970,20240819,1005,170,1,1,19,7,0
102971,20240819,1012,177,6,1,29,12,0
102972,20240819,1012,39,1,2,29,12,0
102973,20240820,1018,200,5,4,32,13,0
102974,20240820,1002,175,7,2,24,9,0.1
102975,20240820,1029,188,6,2,99,44,0
102976,20240820,1033,230,2,1,15,6,0.2
102977,20240820,1030,186,7,1,69,29,0.15
102978,20240820,1024,12,1,1,45,19,0
102979,20240820,1006,57,4,4,9,3,0.2
102980,20240820,1017,53,1,2,120,52,0
102981,20240820,1004,52,8,4,49,18,0.15
102982,20240820,1009,99,2,1,159,64,0
102983,20240820,1008,118,3,3,8,2,0
102984,20240821,1036,7,5,1,11,4,0
102985,20240821,1031,153,1,1,52,22,0
102986,20240821,1001,138,8,1,79,29,0.15
102987,20240821,1008,60,4,4,8,2,0
102988,20240821,1021,75,3,4,16,6,0.2
102989,20240821,1030,9,2,1,69,29,0.2
102990,20240821,1007,169,4,4,27,11,0.1
102991,20240821,1020,262,2,1,199,88,0.15
102992,20240821,1017,148,3,2,120,52,0.15
102993,20240821,1036,285,4,1,11,4,0.05
102994,20240821,1002,287,1,3,24,9,0
102995,20240821,1015,75,2,2,55,23,0
102996,20240821,1015,228,5,2,55,23,0.2
102997,20240821,1016,164,6,1,22,9,0.05
102998,20240821,1036,191,5,1,11,4,0
102999,20240822,1018,215,7,4,32,13,0
103000,20240822,1004,279,7,1,49,18,0
103001,20240822,1001,216,8,3,79,29,0
103002,20240822,1016,23,2,3,22,9,0
103003,20240822,1029,287,2,4,99,44,0
103004,20240822,1036,263,5,1,11,4,0.1
103005,20240822,1013,204,5,1,14,5,0.05
103006,20240822,1018,93,6,3,32,13,0
103007,20240822,1001,73,5,2,79,29,0
103008,20240822,1012,141,2,2,29,12,0.15
103009,20240822,1020,204,2,1,199,88,0
103010,20240822,1021,300,1,1,16,6,0
103011,20240822,1025,8,3,2,22,8,0.15
103012,20240822,1018,110,4,2,32,13,0
103013,20240822,1010,184,3,1,99,41,0.05
103014,20240822,1015,72,7,1,55,23,0.05
103015,20240823,1015,223,7,1,55,23,0.15
103016,20240823,1006,81,3,1,9,3,0
103017,20240823,1009,91,2,1,159,64,0
103018,20240823,1001,17,4,4,79,29,0.15
103019,20240823,1011,184,1,1,69,28,0.15
103020,20240823,1012,25,2,1,29,12,0.1
103021,20240823,1016,251,8,1,22,9,0.05
103022,20240823,1006,95,6,1,9,3,0.1
103023,20240823,1028,193,5,1,34,14,0.15
103024,20240823,1032,159,1,3,18,7,0
103025,20240823,1010,112,3,1,99,41,0.15
103026,20240823,1015,239,2,1,55,23,0.1
103027,20240824,1016,152,6,3,22,9,0
103028,20240824,1013,42,8,2,14,5,0
103029,20240824,1032,30,6,1,18,7,0
103030,20240824,1012,35,3,2,29,12,0.15
103031,20240824,1011,245,1,3,69,28,0.1
103032,20240824,1004,201,8,1,49,18,0.1
103033,20240824,1029,219,4,2,99,44,0
103034,20240824,1022,64,6,1,21,8,0.1
103035,20240824,1010,265,5,1,99,41,0.15
103036,20240824,1033,43,5,1,15,6,0
103037,20240824,1010,126,8,1,99,41,0
103038,20240824,1016,77,4,2,22,9,0.2
103039,20240824,1005,258,7,1,19,7,0
103040,20240824,1007,255,7,2,27,11,0.15
103041,20240824,1022,108,3,4,21,8,0
103042,20240824,1003,16,7,3,55,22,0.1
103043,20240824,1023,221,8,1,75,31,0
103044,20240824,1015,250,3,1,55,23,0.15
103045,20240824,1018,128,8,1,32,13,0.2
103046,20240825,1029,143,5,2,99,44,0
103047,20240825,1002,212,3,2,24,9,0
103048,20240825,1008,65,8,2,8,2,0.15
103049,20240825,1012,12,8,1,29,12,0
103050,20240825,1014,38,3,4,39,17,0.15
103051,20240825,1008,3,3,4,8,2,0.1
103052,20240825,1010,282,1,1,99,41,0
103053,20240825,1009,27,8,4,159,64,0
103054,20240825,1002,48,5,2,24,9,0.05
103055,20240825,1010,80,1,1,99,41,0.1
103056,20240825,1018,205,8,3,32,13,0
103057,20240825,1001,72,7,1,79,29,0
103058,20240825,1013,78,1,1,14,5,0
103059,20240825,1034,130,4,4,24,9,0
103060,20240825,1014,12,3,2,39,17,0.05
103061,20240825,1006,130,5,1,9,3,0.15
103062,20240825,1009,144,1,4,159,64,0.2
103063,20240826,1014,1,2,3,39,17,0.2
103064,20240826,1019,272,1,2,79,34,0.15
103065,20240826,1003,32,5,2,55,22,0
103066,20240826,1016,175,2,1,22,9,0.2
103067,20240826,1014,53,5,1,39,17,0.1
103068,20240826,1031,101,1,1,52,22,0.05
103069,20240826,1001,196,5,1,79,29,0.2
103070,20240826,1029,135,1,3,99,44,0
103071,20240826,1003,53,7,2,55,22,0.2
103072,20240826,1014,188,7,1,39,17,0
103073,20240827,1008,198,8,2,8,2,0.15
103074,20240827,1034,244,1,1,24,9,0
103075,20240827,1035,277,2,1,13,5,0
103076,20240827,1035,127,3,1,13,5,0
103077,20240827,1019,240,8,1,79,34,0
103078,20240827,1022,138,7,1,21,8,0
103079,20240827,1014,78,6,4,39,17,0
103080,20240827,1014,197,7,3,39,17,0
103081,20240827,1015,32,3,1,55,23,0
103082,20240827,1021,219,2,2,16,6,0.2
103083,20240827,1016,4,8,2,22,9,0.15
103084,20240827,1009,115,3,3,159,64,0.1
103085,20240827,1031,62,5,3,52,22,0.15
103086,20240828,1025,227,2,3,22,8,0
103087,20240828,1010,143,3,3,99,41,0.1
103088,20240828,1013,27,6,1,14,5,0
103089,20240828,1031,180,7,1,52,22,0.05
103090,20240828,1016,188,3,3,22,9,0
103091,20240828,1024,94,3,2,45,19,0
103092,20240828,1006,7,8,3,9,3,0
103093,20240828,1002,216,1,1,24,9,0.1
103094,20240828,1008,43,6,3,8,2,0.05
103095,20240829,1007,78,7,1,27,11,0.15
103096,20240829,1001,287,4,1,79,29,0
103097,20240829,1014,106,6,1,39,17,0.05
103098,20240829,1012,47,5,2,29,12,0
103099,20240829,1016,254,3,1,22,9,0
103100,20240829,1010,171,5,1,99,41,0
103101,20240829,1019,73,1,3,79,34,0.1
103102,20240829,1035,194,1,1,13,5,0
103103,20240829,1021,144,4,1,16,6,0.15
103104,20240829,1010,104,1,1,99,41,0.2
103105,20240830,1014,103,1,2,39,17,0.15
103106,20240830,1004,121,2,2,49,18,0.05
103107,20240830,1036,159,1,1,11,4,0
103108,20240830,1012,143,2,4,29,12,0
103109,20240830,1022,26,4,4,21,8,0.15
103110,20240830,1015,214,7,1,55,23,0
103111,20240830,1011,43,3,2,69,28,0.05
103112,20240830,1009,293,5,2,159,64,0
103113,20240830,1015,19,6,3,55,23,0.2
103114,20240830,1016,104,8,2,22,9,0
103115,20240830,1033,64,5,1,15,6,0.05
103116,20240830,1009,209,6,2,159,64,0
103117,20240831,1007,51,8,2,27,11,0
103118,20240831,1031,278,4,4,52,22,0.1
103119,20240831,1023,83,8,3,75,31,0
103120,20240831,1026,223,8,1,169,71,0
103121,20240831,1033,204,2,2,15,6,0
103122,20240831,1021,276,1,2,16,6,0.1
103123,20240831,1030,290,2,2,69,29,0.15
103124,20240831,1009,78,7,2,159,64,0
103125,20240831,1032,286,6,1,18,7,0.15
103126,20240831,1035,149,2,1,13,5,0
103127,20240831,1029,248,4,4,99,44,0
103128,20240831,1009,203,6,4,159,64,0
103129,20240831,1006,158,7,2,9,3,0.1
103130,20240831,1003,3,3,2,55,22,0.15
103131,20240831,1017,229,8,2,120,52,0
103132,20240831,1004,101,1,2,49,18,0.15
103133,20240831,1008,7,2,4,8,2,0
103134,20240831,1033,88,1,2,15,6,0
103135,20240831,1023,97,7,1,75,31,0
103136,20240831,1014,87,1,2,39,17,0
103137,20240901,1028,187,4,2,34,14,0.05
103138,20240901,1021,142,5,3,16,6,0
103139,20240901,1032,253,4,3,18,7,0.05
103140,20240901,1015,220,7,3,55,23,0
103141,20240901,1033,102,5,3,15,6,0
103142,20240901,1014,161,4,1,39,17,0
103143,20240901,1010,187,8,2,99,41,0
103144,20240901,1019,288,4,3,79,34,0.1
103145,20240901,1017,173,1,4,120,52,0.1
103146,20240901,1023,31,6,3,75,31,0
103147,20240901,1003,85,1,2,55,22,0
103148,20240901,1004,101,1,1,49,18,0.2
103149,20240901,1030,73,6,4,69,29,0
103150,20240901,1001,71,6,4,79,29,0
103151,20240901,1008,3,5,2,8,2,0.1
103152,20240902,1022,160,4,1,21,8,0.05
103153,20240902,1022,136,4,1,21,8,0.2
103154,20240902,1022,52,2,3,21,8,0.1
103155,20240902,1010,86,7,1,99,41,0
103156,20240902,1023,283,7,2,75,31,0
103157,20240902,1023,115,4,1,75,31,0
103158,20240902,1023,221,1,1,75,31,0
103159,20240902,1006,156,6,1,9,3,0
103160,20240902,1023,17,7,2,75,31,0.1
103161,20240902,1009,234,4,2,159,64,0
103162,20240902,1016,72,2,1,22,9,0.2
103163,20240903,1002,227,7,2,24,9,0.05
103164,20240903,1011,293,4,2,69,28,0
103165,20240903,1006,121,6,2,9,3,0
103166,20240903,1005,172,1,2,19,7,0
103167,20240903,1035,215,8,3,13,5,0.2
103168,20240903,1014,285,1,1,39,17,0.15
103169,20240903,1020,150,3,3,199,88,0
103170,20240903,1004,153,6,2,49,18,0
103171,20240903,1010,127,5,3,99,41,0
103172,20240903,1009,239,3,3,159,64,0
103173,20240904,1005,147,5,1,19,7,0.05
103174,20240904,1016,44,1,2,22,9,0
103175,20240904,1031,9,7,2,52,22,0
103176,20240904,1029,219,3,1,99,44,0
103177,20240904,1033,51,4,3,15,6,0
103178,20240904,1029,59,1,2,99,44,0.15
103179,20240904,1023,1,8,2,75,31,0
103180,20240904,1019,42,6,2,79,34,0.05
103181,20240904,1013,91,1,1,14,5,0
103182,20240905,1016,110,5,2,22,9,0
103183,20240905,1033,25,5,3,15,6,0
103184,20240905,1001,209,8,3,79,29,0
103185,20240905,1023,75,4,1,75,31,0.1
103186,20240905,1007,68,8,4,27,11,0.15
103187,20240905,1012,125,4,4,29,12,0
103188,20240905,1018,77,1,1,32,13,0
103189,20240905,1007,121,3,2,27,11,0
103190,20240905,1027,290,2,3,49,21,0
103191,20240906,1003,52,1,1,55,22,0
103192,20240906,1030,15,6,1,69,29,0.05
103193,20240906,1007,42,2,2,27,11,0.05
103194,20240906,1006,133,6,3,9,3,0
103195,20240906,1023,233,7,3,75,31,0.05
103196,20240906,1032,60,7,2,18,7,0.1
103197,20240906,1026,196,8,3,169,71,0.15
103198,20240906,1035,107,8,1,13,5,0
103199,20240906,1007,147,1,3,27,11,0.05
103200,20240906,1005,91,8,3,19,7,0.2
103201,20240907,1001,235,7,2,79,29,0
103202,20240907,1007,204,7,1,27,11,0
103203,20240907,1027,161,7,1,49,21,0
103204,20240907,1014,2,1,2,39,17,0.2
103205,20240907,1018,117,7,2,32,13,0.05
103206,20240907,1011,115,5,1,69,28,0
103207,20240907,1005,75,2,1,19,7,0
103208,20240907,1006,144,8,1,9,3,0.05
103209,20240907,1008,229,7,1,8,2,0.05
103210,20240907,1031,267,5,2,52,22,0.05
103211,20240907,1004,252,2,4,49,18,0
103212,20240908,1008,214,6,3,8,2,0.15
103213,20240908,1001,161,7,2,79,29,0.1
103214,20240908,1016,87,8,1,22,9,0.15
103215,20240908,1027,112,8,2,49,21,0.05
103216,20240908,1036,109,1,1,11,4,0.15
103217,20240908,1001,97,3,1,79,29,0
103218,20240908,1008,216,2,3,8,2,0.1
103219,20240908,1016,138,1,2,22,9,0.05
103220,20240908,1003,244,3,2,55,22,0
103221,20240908,1022,121,2,1,21,8,0
103222,20240908,1010,79,3,1,99,41,0.1
103223,20240908,1022,95,6,3,21,8,0
103224,20240908,1005,131,8,3,19,7,0.2
103225,20240908,1026,51,4,2,169,71,0
103226,20240908,1036,112,1,1,11,4,0
103227,20240909,1020,70,5,3,199,88,0.05
103228,20240909,1003,91,2,3,55,22,0.05
103229,20240909,1030,48,7,3,69,29,0
103230,20240909,1031,70,2,2,52,22,0
103231,20240909,1012,139,2,2,29,12,0.1
103232,20240909,1004,121,7,4,49,18,0
103233,20240909,1021,52,5,1,16,6,0.2
103234,20240910,1019,139,3,1,79,34,0.2
103235,20240910,1002,189,1,1,24,9,0.15
103236,20240910,1020,47,2,1,199,88,0.2
103237,20240910,1033,141,1,1,15,6,0
103238,20240910,1019,277,2,2,79,34,0
103239,20240910,1013,69,5,1,14,5,0.15
103240,20240910,1004,39,2,3,49,18,0
103241,20240910,1021,296,3,2,16,6,0
103242,20240910,1012,299,7,1,29,12,0
103243,20240910,1023,129,2,2,75,31,0
103244,20240910,1005,9,4,2,19,7,0.15
103245,20240910,1020,151,1,2,199,88,0.15
103246,20240910,1012,104,5,1,29,12,0
103247,20240911,1014,270,7,1,39,17,0.2
103248,20240911,1033,90,5,3,15,6,0.15
103249,20240911,1012,169,6,2,29,12,0
103250,20240911,1002,12,6,1,24,9,0.15
103251,20240911,1001,217,5,1,79,29,0.2
103252,20240911,1021,241,7,2,16,6,0.15
103253,20240911,1022,268,4,2,21,8,0.15
103254,20240911,1001,141,3,2,79,29,0.05
103255,20240911,1036,146,7,2,11,4,0.2
103256,20240912,1017,12,7,1,120,52,0
103257,20240912,1004,43,2,1,49,18,0
103258,20240912,1029,215,7,1,99,44,0.15
103259,20240912,1021,259,7,1,16,6,0.05
103260,20240912,1019,105,5,4,79,34,0.1
103261,20240912,1021,166,1,4,16,6,0.2
103262,20240912,1015,136,3,1,55,23,0
103263,20240912,1036,86,6,2,11,4,0.1
103264,20240912,1029,170,1,4,99,44,0.15
103265,20240912,1016,220,3,4,22,9,0.2
103266,20240912,1020,128,5,3,199,88,0.1
103267,20240913,1013,44,1,1,14,5,0
103268,20240913,1010,44,4,2,99,41,0.05
103269,20240913,1032,25,4,2,18,7,0.15
103270,20240913,1025,217,4,1,22,8,0.2
103271,20240913,1017,133,7,1,120,52,0.1
103272,20240913,1016,78,4,2,22,9,0.1
103273,20240913,1015,25,8,2,55,23,0
103274,20240914,1029,220,3,4,99,44,0
103275,20240914,1025,22,8,1,22,8,0.05
103276,20240914,1032,192,5,2,18,7,0.15
103277,20240914,1022,236,5,1,21,8,0
103278,20240914,1016,145,1,2,22,9,0.05
103279,20240914,1031,228,6,1,52,22,0
103280,20240914,1013,107,4,1,14,5,0.15
103281,20240914,1004,24,5,1,49,18,0
103282,20240914,1033,176,4,3,15,6,0.1
103283,20240914,1028,103,3,1,34,14,0
103284,20240914,1003,7,1,4,55,22,0.1
103285,20240914,1017,41,2,3,120,52,0.05
103286,20240914,1020,216,2,3,199,88,0
103287,20240914,1006,205,6,3,9,3,0.05
103288,20240915,1021,142,7,3,16,6,0
103289,20240915,1028,218,2,3,34,14,0
103290,20240915,1001,205,7,2,79,29,0.05
103291,20240915,1009,192,1,1,159,64,0.05
103292,20240915,1005,119,1,1,19,7,0
103293,20240915,1012,147,1,1,29,12,0
103294,20240915,1021,274,7,2,16,6,0
103295,20240915,1005,46,7,1,19,7,0
103296,20240915,1025,125,4,2,22,8,0
103297,20240915,1006,86,5,3,9,3,0.05
103298,20240915,1030,97,6,1,69,29,0
103299,20240915,1017,86,4,1,120,52,0.2
103300,20240915,1033,43,7,1,15,6,0
103301,20240915,1027,155,2,4,49,21,0
103302,20240915,1014,259,4,1,39,17,0
103303,20240915,1001,215,6,2,79,29,0
103304,20240915,1023,276,6,2,75,31,0.05
103305,20240915,1021,296,5,2,16,6,0.05
103306,20240916,1022,57,7,2,21,8,0.2
103307,20240916,1030,106,2,2,69,29,0
103308,20240916,1015,281,1,3,55,23,0.05
103309,20240916,1035,133,3,1,13,5,0
103310,20240916,1012,190,8,1,29,12,0.1
103311,20240916,1007,99,5,2,27,11,0
103312,20240916,1006,183,6,1,9,3,0.2
103313,20240916,1005,158,5,1,19,7,0
103314,20240916,1001,52,1,2,79,29,0.1
103315,20240916,1027,161,6,2,49,21,0.1
103316,20240916,1030,157,6,3,69,29,0
103317,20240916,1020,51,3,2,199,88,0.2
103318,20240917,1022,53,1,1,21,8,0.1
103319,20240917,1006,270,3,4,9,3,0.2
103320,20240917,1008,65,3,1,8,2,0.15
103321,20240917,1032,196,7,2,18,7,0
103322,20240917,1010,294,2,1,99,41,0
103323,20240917,1001,181,8,2,79,29,0
103324,20240917,1011,238,5,1,69,28,0.1
103325,20240917,1036,98,8,2,11,4,0
103326,20240917,1008,96,1,1,8,2,0
103327,20240918,1034,283,1,3,24,9,0
103328,20240918,1012,154,8,1,29,12,0
103329,20240918,1017,175,1,3,120,52,0.1
103330,20240918,1002,300,6,1,24,9,0.05
103331,20240918,1017,182,7,1,120,52,0
103332,20240918,1009,262,8,2,159,64,0.05
103333,20240918,1025,122,2,2,22,8,0.2
103334,20240918,1014,66,3,4,39,17,0
103335,20240918,1013,142,8,1,14,5,0
103336,20240918,1001,132,6,1,79,29,0
103337,20240918,1016,158,2,4,22,9,0.05
103338,20240919,1017,186,4,2,120,52,0
103339,20240919,1020,48,7,2,199,88,0.05
103340,20240919,1031,114,3,1,52,22,0.05
103341,20240919,1036,271,7,2,11,4,0.05
103342,20240919,1022,86,6,2,21,8,0.05
103343,20240919,1011,1,2,1,69,28,0.05
103344,20240919,1034,224,6,1,24,9,0
103345,20240919,1033,283,4,4,15,6,0
103346,20240920,1018,76,2,3,32,13,0
103347,20240920,1015,166,6,1,55,23,0.2
103348,20240920,1022,251,5,1,21,8,0.05
103349,20240920,1018,150,7,2,32,13,0.1
103350,20240920,1011,61,8,1,69,28,0
103351,20240920,1028,183,6,1,34,14,0.05
103352,20240920,1028,272,7,1,34,14,0
103353,20240920,1004,95,1,1,49,18,0.1
103354,20240920,1008,168,8,1,8,2,0
103355,20240920,1010,144,4,1,99,41,0
103356,20240920,1011,267,5,1,69,28,0
103357,20240921,1018,284,1,1,32,13,0.2
103358,20240921,1034,178,6,4,24,9,0
103359,20240921,1017,300,3,4,120,52,0
103360,20240921,1026,137,7,4,169,71,0
103361,20240921,1009,106,7,1,159,64,0
103362,20240921,1020,79,6,1,199,88,0.05
103363,20240921,1014,233,6,4,39,17,0.1
103364,20240921,1021,94,7,1,16,6,0
103365,20240921,1017,263,5,2,120,52,0
103366,20240921,1001,247,6,2,79,29,0.15
103367,20240921,1007,190,2,1,27,11,0
103368,20240921,1010,158,3,2,99,41,0
103369,20240921,1022,278,3,1,21,8,0.2
103370,20240921,1016,244,5,2,22,9,0.1
103371,20240921,1029,299,1,1,99,44,0.15
103372,20240921,1031,135,4,1,52,22,0.1
103373,20240921,1020,253,2,3,199,88,0.05
103374,20240922,1004,153,2,4,49,18,0.1
103375,20240922,1023,27,1,2,75,31,0
103376,20240922,1008,233,4,1,8,2,0
103377,20240922,1019,135,8,1,79,34,0.1
103378,20240922,1009,257,6,4,159,64,0
103379,20240922,1026,250,5,1,169,71,0
103380,20240922,1007,240,4,1,27,11,0.1
103381,20240922,1021,191,6,4,16,6,0.05
103382,20240922,1036,177,8,3,11,4,0.1
103383,20240922,1026,135,2,3,169,71,0.2
103384,20240922,1013,155,8,1,14,5,0.1
103385,20240922,1001,228,2,2,79,29,0
103386,20240922,1008,22,4,2,8,2,0.05
103387,20240922,1026,199,2,2,169,71,0
103388,20240922,1002,21,2,1,24,9,0.1
103389,20240922,1018,92,6,2,32,13,0
103390,20240923,1010,122,7,3,99,41,0.05
103391,20240923,1029,220,8,1,99,44,0.2
103392,20240923,1016,270,7,2,22,9,0
103393,20240923,1003,276,4,2,55,22,0
103394,20240923,1014,100,1,1,39,17,0
103395,20240923,1005,159,3,1,19,7,0
103396,20240923,1015,161,8,3,55,23,0.2
103397,20240923,1018,6,1,1,32,13,0.1
103398,20240923,1033,213,4,3,15,6,0
103399,20240924,1005,200,7,2,19,7,0.15
103400,20240924,1007,101,3,1,27,11,0
103401,20240924,1005,82,7,2,19,7,0
103402,20240924,1020,136,5,3,199,88,0
103403,20240924,1014,147,2,2,39,17,0
103404,20240924,1008,176,2,3,8,2,0.1
103405,20240924,1014,10,6,2,39,17,0.05
103406,20240924,1010,277,2,2,99,41,0.1
103407,20240924,1014,155,2,4,39,17,0
103408,20240924,1006,39,5,2,9,3,0
103409,20240924,1034,31,2,1,24,9,0
103410,20240924,1008,200,1,1,8,2,0
103411,20240924,1013,150,8,2,14,5,0.15
103412,20240925,1031,239,7,4,52,22,0
103413,20240925,1024,34,7,1,45,19,0
103414,20240925,1032,265,7,1,18,7,0.05
103415,20240925,1036,295,4,1,11,4,0.05
103416,20240925,1003,153,6,3,55,22,0
103417,20240925,1026,43,7,2,169,71,0
103418,20240925,1003,11,7,4,55,22,0.15
103419,20240925,1015,59,8,1,55,23,0.1
103420,20240925,1004,287,2,1,49,18,0.15
103421,20240925,1013,238,1,2,14,5,0.05
103422,20240925,1030,127,2,1,69,29,0
103423,20240926,1009,13,8,1,159,64,0.1
103424,20240926,1033,119,4,4,15,6,0.2
103425,20240926,1006,168,2,1,9,3,0
103426,20240926,1031,112,6,4,52,22,0
103427,20240926,1008,25,2,1,8,2,0
103428,20240926,1016,299,8,2,22,9,0
103429,20240926,1030,249,1,4,69,29,0
103430,20240926,1013,30,5,1,14,5,0
103431,20240926,1005,3,6,4,19,7,0.1
103432,20240926,1017,285,6,1,120,52,0.1
103433,20240927,1036,207,8,3,11,4,0
103434,20240927,1001,233,4,1,79,29,0
103435,20240927,1003,216,8,1,55,22,0.05
103436,20240927,1022,274,1,1,21,8,0.05
103437,20240927,1035,175,5,1,13,5,0
103438,20240927,1011,299,6,2,69,28,0.15
103439,20240927,1007,243,7,2,27,11,0.2
103440,20240928,1024,237,3,3,45,19,0
103441,20240928,1030,152,6,1,69,29,0.05
103442,20240928,1001,271,6,1,79,29,0.1
103443,20240928,1027,94,7,2,49,21,0.1
103444,20240928,1005,281,8,1,19,7,0
103445,20240928,1003,234,8,4,55,22,0.2
103446,20240928,1014,193,4,4,39,17,0
103447,20240928,1032,228,2,1,18,7,0.1
103448,20240928,1006,184,2,2,9,3,0
103449,20240928,1009,17,7,1,159,64,0
103450,20240928,1011,124,1,1,69,28,0
103451,20240928,1010,144,7,2,99,41,0
103452,20240928,1001,175,8,1,79,29,0
103453,20240928,1020,25,1,2,199,88,0
103454,20240928,1017,148,8,4,120,52,0.05
103455,20240928,1022,267,1,1,21,8,0.05
103456,20240928,1017,74,1,1,120,52,0
103457,20240928,1021,155,3,2,16,6,0.15
103458,20240928,1024,218,8,1,45,19,0.05
103459,20240928,1035,67,3,2,13,5,0
103460,20240928,1008,48,6,1,8,2,0
103461,20240929,1009,248,3,2,159,64,0.05
103462,20240929,1034,129,3,3,24,9,0.1
103463,20240929,1020,58,8,3,199,88,0
103464,20240929,1026,100,3,1,169,71,0
103465,20240929,1001,22,3,1,79,29,0
103466,20240929,1034,11,3,1,24,9,0
103467,20240929,1001,188,5,4,79,29,0
103468,20240929,1005,35,1,2,19,7,0.05
103469,20240929,1018,10,2,1,32,13,0
103470,20240929,1023,130,5,2,75,31,0.05
103471,20240929,1026,150,4,2,169,71,0.15
103472,20240929,1013,253,3,4,14,5,0.05
103473,20240929,1014,26,2,2,39,17,0
103474,20240929,1017,69,7,4,120,52,0
103475,20240929,1032,257,2,3,18,7,0.05
103476,20240929,1030,290,7,1,69,29,0.1
103477,20240930,1002,24,2,1,24,9,0.05
103478,20240930,1036,122,4,3,11,4,0
103479,20240930,1018,300,6,3,32,13,0.15
103480,20240930,1033,191,6,4,15,6,0
103481,20240930,1008,228,2,3,8,2,0.15
103482,20240930,1019,239,6,4,79,34,0.2
103483,20240930,1030,159,3,4,69,29,0.2
103484,20240930,1020,211,3,2,199,88,0
103485,20240930,1025,280,4,2,22,8,0.05
103486,20240930,1005,241,8,2,19,7,0.2
103487,20240930,1030,98,5,4,69,29,0
103488,20241001,1030,193,6,1,69,29,0.2
103489,20241001,1031,158,4,4,52,22,0.15
103490,20241001,1015,152,3,2,55,23,0
103491,20241001,1019,16,1,4,79,34,0.2
103492,20241001,1019,248,4,1,79,34,0.1
103493,20241001,1031,196,3,1,52,22,0
103494,20241001,1009,114,7,2,159,64,0.2
103495,20241001,1015,138,1,3,55,23,0.1
103496,20241001,1026,169,7,1,169,71,0
103497,20241001,1015,140,8,1,55,23,0.05
103498,20241002,1020,166,7,2,199,88,0.1
103499,20241002,1001,9,1,1,79,29,0.05
103500,20241002,1004,160,5,3,49,18,0
103501,20241002,1032,134,1,3,18,7,0
103502,20241002,1019,253,3,1,79,34,0
103503,20241002,1018,94,6,1,32,13,0.15
103504,20241002,1022,262,2,1,21,8,0.15
103505,20241003,1031,107,1,1,52,22,0.1
103506,20241003,1028,244,5,3,34,14,0
103507,20241003,1035,29,4,3,13,5,0
103508,20241003,1015,25,3,1,55,23,0
103509,20241003,1021,188,6,1,16,6,0.1
103510,20241003,1021,137,1,2,16,6,0.15
103511,20241003,1018,154,6,4,32,13,0.15
103512,20241003,1026,191,6,1,169,71,0.05
103513,20241003,1006,19,8,1,9,3,0.15
103514,20241003,1034,177,1,1,24,9,0
103515,20241003,1031,161,6,2,52,22,0.15
103516,20241003,1026,68,5,1,169,71,0.2
103517,20241004,1027,211,3,3,49,21,0
103518,20241004,1028,1,8,1,34,14,0.15
103519,20241004,1021,288,7,1,16,6,0
103520,20241004,1020,13,1,1,199,88,0.2
103521,20241004,1003,214,2,1,55,22,0
103522,20241004,1033,107,1,2,15,6,0.05
103523,20241004,1036,275,6,1,11,4,0.05
103524,20241005,1025,83,7,1,22,8,0.05
103525,20241005,1031,80,8,1,52,22,0
103526,20241005,1036,230,3,2,11,4,0.15
103527,20241005,1023,15,4,1,75,31,0.05
103528,20241005,1024,281,4,1,45,19,0.2
103529,20241005,1027,135,1,1,49,21,0
103530,20241005,1028,191,2,2,34,14,0
103531,20241005,1036,218,5,2,11,4,0
103532,20241005,1023,188,7,1,75,31,0.05
103533,20241005,1029,17,3,4,99,44,0
103534,20241005,1023,241,8,3,75,31,0
103535,20241005,1007,83,7,2,27,11,0
103536,20241005,1007,7,2,2,27,11,0.1
103537,20241005,1010,149,6,1,99,41,0.2
103538,20241005,1021,17,1,1,16,6,0
103539,20241005,1032,245,3,2,18,7,0.05
103540,20241005,1020,145,4,1,199,88,0
103541,20241005,1034,298,2,2,24,9,0
103542,20241005,1019,116,1,1,79,34,0
103543,20241006,1018,212,6,4,32,13,0.05
103544,20241006,1018,255,4,1,32,13,0.05
103545,20241006,1023,75,6,2,75,31,0
103546,20241006,1004,115,5,1,49,18,0
103547,20241006,1003,53,3,3,55,22,0
103548,20241006,1024,23,5,1,45,19,0.05
103549,20241006,1001,278,2,1,79,29,0
103550,20241006,1012,151,5,1,29,12,0.05
103551,20241006,1027,166,5,1,49,21,0
103552,20241006,1020,133,3,1,199,88,0
103553,20241006,1017,37,4,3,120,52,0
103554,20241006,1030,116,2,1,69,29,0
103555,20241006,1027,48,2,1,49,21,0
103556,20241007,1014,41,5,4,39,17,0
103557,20241007,1006,288,2,1,9,3,0
103558,20241007,1020,119,3,4,199,88,0.2
103559,20241007,1001,213,1,2,79,29,0.05
103560,20241007,1025,235,4,1,22,8,0.15
103561,20241007,1005,182,7,1,19,7,0.15
103562,20241007,1018,235,6,1,32,13,0.15
103563,20241007,1004,231,5,1,49,18,0
103564,20241007,1034,55,4,2,24,9,0
103565,20241007,1019,154,2,3,79,34,0
103566,20241007,1002,180,4,1,24,9,0.15
103567,20241008,1036,124,2,2,11,4,0.2
103568,20241008,1003,171,5,4,55,22,0.05
103569,20241008,1011,148,1,1,69,28,0
103570,20241008,1004,238,5,1,49,18,0.05
103571,20241008,1036,266,5,2,11,4,0.05
103572,20241008,1033,127,7,1,15,6,0
103573,20241008,1007,240,1,1,27,11,0.2
103574,20241008,1005,114,8,4,19,7,0.15
103575,20241008,1021,104,1,1,16,6,0
103576,20241008,1005,27,1,2,19,7,0.15
103577,20241009,1023,117,4,2,75,31,0
103578,20241009,1034,176,6,2,24,9,0
103579,20241009,1011,14,4,4,69,28,0
103580,20241009,1015,29,5,4,55,23,0.2
103581,20241009,1030,291,5,4,69,29,0
103582,20241009,1010,101,6,2,99,41,0.1
103583,20241009,1034,79,8,1,24,9,0.1
103584,20241009,1006,124,5,1,9,3,0.2
103585,20241009,1025,187,2,1,22,8,0
103586,20241010,1021,63,7,1,16,6,0.2
103587,20241010,1009,286,4,1,159,64,0.15
103588,20241010,1026,230,1,1,169,71,0.05
103589,20241010,1021,122,5,1,16,6,0.15
103590,20241010,1026,186,6,3,169,71,0.2
103591,20241010,1004,28,1,2,49,18,0
103592,20241010,1004,37,8,1,49,18,0
103593,20241010,1033,1,1,4,15,6,0.15
103594,20241010,1036,156,7,2,11,4,0
103595,20241010,1031,32,5,2,52,22,0
103596,20241011,1027,272,3,1,49,21,0.2
103597,20241011,1009,204,5,1,159,64,0
103598,20241011,1010,224,4,1,99,41,0
103599,20241011,1028,34,7,1,34,14,0.1
103600,20241011,1030,116,2,1,69,29,0
103601,20241011,1022,206,8,4,21,8,0
103602,20241011,1007,299,5,4,27,11,0
103603,20241012,1021,133,5,2,16,6,0.15
103604,20241012,1034,220,7,4,24,9,0.15
103605,20241012,1033,159,4,4,15,6,0
103606,20241012,1015,267,1,1,55,23,0.05
103607,20241012,1021,163,6,2,16,6,0.15
103608,20241012,1034,183,2,2,24,9,0
103609,20241012,1010,121,8,3,99,41,0.2
103610,20241012,1011,204,7,1,69,28,0.1
103611,20241012,1002,38,1,1,24,9,0.05
103612,20241012,1032,293,4,1,18,7,0
103613,20241012,1010,38,2,2,99,41,0.1
103614,20241012,1030,182,7,2,69,29,0
103615,20241012,1007,83,4,1,27,11,0.05
103616,20241012,1014,204,4,1,39,17,0
103617,20241013,1036,88,2,2,11,4,0.2
103618,20241013,1034,118,7,1,24,9,0.1
103619,20241013,1019,69,1,1,79,34,0
103620,20241013,1005,221,4,3,19,7,0
103621,20241013,1026,168,6,1,169,71,0.1
103622,20241013,1022,187,2,2,21,8,0
103623,20241013,1012,6,8,1,29,12,0
103624,20241013,1009,271,4,1,159,64,0
103625,20241013,1018,295,2,2,32,13,0.15
103626,20241013,1036,203,4,2,11,4,0.15
103627,20241013,1008,198,8,4,8,2,0
103628,20241013,1020,192,5,1,199,88,0
103629,20241014,1017,201,5,1,120,52,0
103630,20241014,1030,170,1,2,69,29,0
103631,20241014,1007,154,3,2,27,11,0
103632,20241014,1009,10,7,1,159,64,0
103633,20241014,1027,169,3,3,49,21,0
103634,20241014,1022,69,1,2,21,8,0.1
103635,20241014,1021,228,5,2,16,6,0.2
103636,20241014,1016,157,8,1,22,9,0
103637,20241014,1026,102,6,1,169,71,0.15
103638,20241014,1006,167,6,1,9,3,0
103639,20241014,1015,10,4,2,55,23,0.05
103640,20241014,1002,274,1,4,24,9,0.15
103641,20241015,1028,68,3,4,34,14,0.15
103642,20241015,1015,152,6,2,55,23,0.2
103643,20241015,1012,209,8,3,29,12,0
103644,20241015,1021,46,2,2,16,6,0.2
103645,20241015,1036,240,7,2,11,4,0.15
103646,20241015,1017,200,1,4,120,52,0
103647,20241015,1011,268,7,3,69,28,0
103648,20241015,1004,222,2,2,49,18,0
103649,20241016,1015,200,2,4,55,23,0
103650,20241016,1015,266,6,2,55,23,0.1
103651,20241016,1033,133,4,2,15,6,0.05
103652,20241016,1030,292,1,1,69,29,0.1
103653,20241016,1001,299,5,2,79,29,0
103654,20241016,1018,130,5,2,32,13,0.1
103655,20241016,1018,298,3,4,32,13,0
103656,20241016,1028,146,4,2,34,14,0.2
103657,20241017,1017,108,6,2,120,52,0.2
103658,20241017,1004,220,6,2,49,18,0.15
103659,20241017,1029,169,7,1,99,44,0.1
103660,20241017,1036,112,5,2,11,4,0
103661,20241017,1014,239,8,2,39,17,0.1
103662,20241017,1025,99,6,4,22,8,0.1
103663,20241017,1035,102,6,2,13,5,0
103664,20241017,1019,175,3,4,79,34,0
103665,20241017,1036,115,2,3,11,4,0.1
103666,20241017,1026,170,2,1,169,71,0
103667,20241017,1010,66,4,2,99,41,0
103668,20241017,1018,169,1,1,32,13,0
103669,20241017,1021,22,3,2,16,6,0.2
103670,20241017,1003,100,7,1,55,22,0
103671,20241017,1020,141,8,4,199,88,0
103672,20241018,1026,128,2,1,169,71,0.05
103673,20241018,1021,79,3,3,16,6,0
103674,20241018,1002,181,4,1,24,9,0
103675,20241018,1024,171,1,3,45,19,0
103676,20241019,1014,99,1,1,39,17,0
103677,20241019,1027,126,7,2,49,21,0.1
103678,20241019,1002,289,8,2,24,9,0
103679,20241019,1002,222,8,2,24,9,0.05
103680,20241019,1007,107,5,1,27,11,0.05
103681,20241019,1030,59,7,2,69,29,0
103682,20241019,1010,246,2,3,99,41,0
103683,20241019,1011,287,3,1,69,28,0.15
103684,20241020,1030,28,6,1,69,29,0
103685,20241020,1021,86,3,2,16,6,0.2
103686,20241020,1004,266,1,1,49,18,0.1
103687,20241020,1036,215,6,1,11,4,0
103688,20241020,1018,10,7,1,32,13,0.05
103689,20241020,1017,176,3,2,120,52,0
103690,20241020,1024,129,8,2,45,19,0
103691,20241020,1035,140,7,2,13,5,0.15
103692,20241020,1021,223,2,2,16,6,0.15
103693,20241020,1033,280,5,2,15,6,0.2
103694,20241020,1025,101,8,2,22,8,0
103695,20241020,1028,278,1,1,34,14,0.1
103696,20241020,1013,194,5,3,14,5,0.1
103697,20241020,1034,135,3,1,24,9,0
103698,20241021,1018,296,2,1,32,13,0
103699,20241021,1036,61,8,2,11,4,0.2
103700,20241021,1026,21,8,4,169,71,0
103701,20241021,1004,116,7,1,49,18,0
103702,20241021,1019,35,2,2,79,34,0
103703,20241021,1001,255,6,2,79,29,0.15
103704,20241021,1001,290,8,1,79,29,0.1
103705,20241021,1012,241,6,1,29,12,0.1
103706,20241021,1031,171,4,2,52,22,0.1
103707,20241021,1028,159,5,4,34,14,0.2
103708,20241022,1011,133,3,1,69,28,0.1
103709,20241022,1004,109,8,1,49,18,0
103710,20241022,1019,188,2,3,79,34,0.1
103711,20241022,1013,118,8,4,14,5,0.2
103712,20241022,1029,193,1,1,99,44,0.1
103713,20241022,1034,235,5,2,24,9,0
103714,20241022,1034,41,5,3,24,9,0.05
103715,20241022,1022,183,8,1,21,8,0.1
103716,20241022,1017,286,7,1,120,52,0.05
103717,20241022,1014,75,8,1,39,17,0
103718,20241022,1007,30,6,1,27,11,0.1
103719,20241022,1017,284,6,1,120,52,0.05
103720,20241022,1005,257,4,3,19,7,0
103721,20241023,1035,76,7,3,13,5,0.2
103722,20241023,1017,69,1,2,120,52,0.2
103723,20241023,1019,248,2,1,79,34,0.05
103724,20241023,1019,277,5,2,79,34,0.05
103725,20241023,1029,127,8,1,99,44,0
103726,20241023,1012,256,6,2,29,12,0
103727,20241023,1035,93,7,1,13,5,0.15
103728,20241024,1033,278,8,2,15,6,0.05
103729,20241024,1031,232,5,1,52,22,0.05
103730,20241024,1005,70,4,1,19,7,0.2
103731,20241024,1028,33,4,2,34,14,0.1
103732,20241024,1017,57,3,1,120,52,0.05
103733,20241024,1034,217,6,1,24,9,0.05
103734,20241024,1027,210,7,4,49,21,0.2
103735,20241024,1030,266,1,1,69,29,0.05
103736,20241024,1007,154,4,1,27,11,0
103737,20241024,1016,91,8,3,22,9,0.2
103738,20241024,1011,215,4,2,69,28,0.15
103739,20241024,1007,8,8,1,27,11,0.05
103740,20241025,1027,262,6,2,49,21,0
103741,20241025,1033,152,2,1,15,6,0
103742,20241025,1012,268,7,1,29,12,0
103743,20241025,1018,159,3,4,32,13,0.05
103744,20241025,1035,273,5,1,13,5,0.1
103745,20241025,1022,86,8,1,21,8,0.1
103746,20241025,1011,222,7,1,69,28,0
103747,20241025,1034,247,7,1,24,9,0.15
103748,20241026,1022,194,1,1,21,8,0
103749,20241026,1016,230,4,2,22,9,0.2
103750,20241026,1018,209,3,1,32,13,0.1
103751,20241026,1035,178,6,1,13,5,0.1
103752,20241026,1031,67,8,4,52,22,0
103753,20241026,1003,183,8,1,55,22,0
103754,20241026,1014,65,3,1,39,17,0
103755,20241026,1036,12,5,4,11,4,0
103756,20241026,1010,267,4,1,99,41,0.2
103757,20241026,1019,276,2,1,79,34,0.2
103758,20241026,1019,201,6,2,79,34,0
103759,20241026,1018,221,8,4,32,13,0
103760,20241026,1015,37,3,2,55,23,0.05
103761,20241026,1019,225,1,1,79,34,0.05
103762,20241027,1027,31,2,2,49,21,0
103763,20241027,1004,15,2,4,49,18,0.05
103764,20241027,1033,279,4,4,15,6,0
103765,20241027,1016,281,2,2,22,9,0
103766,20241027,1013,231,8,2,14,5,0
103767,20241027,1030,221,6,1,69,29,0
103768,20241027,1019,292,6,2,79,34,0.05
103769,20241027,1024,123,7,1,45,19,0.2
103770,20241027,1006,147,2,1,9,3,0
103771,20241027,1036,161,3,1,11,4,0
103772,20241027,1024,272,3,4,45,19,0.2
103773,20241027,1005,95,2,1,19,7,0.15
103774,20241027,1024,31,4,2,45,19,0
103775,20241027,1017,281,3,1,120,52,0.1
103776,20241028,1016,146,5,4,22,9,0.15
103777,20241028,1028,12,5,2,34,14,0.15
103778,20241028,1006,20,6,3,9,3,0.15
103779,20241028,1011,32,1,2,69,28,0.05
103780,20241028,1017,79,6,3,120,52,0.1
103781,20241028,1020,45,2,1,199,88,0.2
103782,20241028,1015,36,4,2,55,23,0
103783,20241028,1030,123,5,1,69,29,0
103784,20241028,1009,85,2,1,159,64,0
103785,20241028,1015,287,1,1,55,23,0.15
103786,20241029,1027,294,2,1,49,21,0
103787,20241029,1013,106,2,4,14,5,0.1
103788,20241029,1026,36,8,4,169,71,0.2
103789,20241029,1006,289,2,2,9,3,0.1
103790,20241029,1031,58,4,1,52,22,0.15
103791,20241029,1016,221,1,3,22,9,0.05
103792,20241029,1032,201,6,4,18,7,0
103793,20241029,1032,236,3,3,18,7,0
103794,20241029,1015,61,7,1,55,23,0.1
103795,20241030,1004,16,4,4,49,18,0.15
103796,20241030,1014,7,6,1,39,17,0
103797,20241030,1018,204,7,2,32,13,0.15
103798,20241030,1016,56,6,2,22,9,0
103799,20241030,1005,128,3,1,19,7,0
103800,20241030,1014,208,6,3,39,17,0.15
103801,20241030,1019,283,4,2,79,34,0.1
103802,20241030,1011,296,8,1,69,28,0.1
103803,20241030,1012,278,3,3,29,12,0
103804,20241031,1008,216,1,3,8,2,0.2
103805,20241031,1032,99,3,4,18,7,0.15
103806,20241031,1003,187,5,1,55,22,0
103807,20241031,1027,246,5,3,49,21,0.05
103808,20241031,1007,20,7,2,27,11,0
103809,20241031,1015,295,8,1,55,23,0.2
103810,20241031,1031,155,1,1,52,22,0
103811,20241031,1033,41,6,3,15,6,0
103812,20241031,1029,110,7,1,99,44,0
103813,20241031,1005,158,7,2,19,7,0
103814,20241101,1025,12,6,2,22,8,0
103815,20241101,1022,180,5,2,21,8,0
103816,20241101,1025,119,8,1,22,8,0.15
103817,20241101,1029,149,5,1,99,44,0
103818,20241101,1021,211,7,1,16,6,0.05
103819,20241101,1002,48,7,4,24,9,0.15
103820,20241101,1009,268,7,3,159,64,0.2
103821,20241101,1034,29,6,1,24,9,0.15
103822,20241101,1029,16,2,3,99,44,0
103823,20241101,1027,59,2,4,49,21,0
103824,20241101,1002,288,5,3,24,9,0.1
103825,20241101,1003,293,6,1,55,22,0.15
103826,20241102,1008,131,5,1,8,2,0.2
103827,20241102,1025,44,8,1,22,8,0
103828,20241102,1001,35,8,4,79,29,0.1
103829,20241102,1003,53,3,2,55,22,0
103830,20241102,1022,123,1,4,21,8,0.1
103831,20241102,1019,126,6,2,79,34,0.1
103832,20241102,1023,278,4,3,75,31,0.2
103833,20241102,1036,213,6,1,11,4,0.2
103834,20241103,1025,50,2,2,22,8,0.1
103835,20241103,1018,296,2,3,32,13,0
103836,20241103,1008,196,2,4,8,2,0
103837,20241103,1033,156,3,3,15,6,0
103838,20241103,1032,265,6,3,18,7,0.15
103839,20241103,1012,150,8,4,29,12,0.1
103840,20241103,1030,62,3,2,69,29,0.05
103841,20241103,1022,45,1,1,21,8,0
103842,20241103,1026,185,4,1,169,71,0.05
103843,20241103,1024,272,3,1,45,19,0
103844,20241103,1031,11,8,3,52,22,0.05
103845,20241104,1028,19,8,4,34,14,0
103846,20241104,1033,223,8,2,15,6,0.05
103847,20241104,1023,138,6,2,75,31,0
103848,20241104,1026,185,5,1,169,71,0
103849,20241104,1033,139,8,1,15,6,0.2
103850,20241104,1003,77,1,1,55,22,0
103851,20241104,1015,131,6,1,55,23,0.1
103852,20241104,1015,17,8,2,55,23,0.1
103853,20241105,1028,239,7,1,34,14,0
103854,20241105,1031,103,8,1,52,22,0.1
103855,20241105,1002,108,7,3,24,9,0.15
103856,20241105,1027,223,4,1,49,21,0
103857,20241105,1009,82,4,4,159,64,0.1
103858,20241105,1030,113,8,3,69,29,0.15
103859,20241105,1012,19,4,3,29,12,0
103860,20241105,1004,107,5,2,49,18,0
103861,20241105,1003,98,4,2,55,22,0
103862,20241105,1033,43,3,1,15,6,0
103863,20241105,1024,7,5,4,45,19,0.1
103864,20241105,1030,191,2,1,69,29,0.05
103865,20241106,1025,155,3,3,22,8,0
103866,20241106,1029,220,6,4,99,44,0.2
103867,20241106,1014,285,4,4,39,17,0.05
103868,20241106,1003,240,4,2,55,22,0.2
103869,20241106,1014,49,6,1,39,17,0
103870,20241106,1024,66,6,2,45,19,0.1
103871,20241106,1034,235,4,2,24,9,0
103872,20241107,1031,273,7,1,52,22,0.05
103873,20241107,1016,46,1,2,22,9,0.1
103874,20241107,1031,290,7,1,52,22,0
103875,20241107,1029,117,5,2,99,44,0.2
103876,20241107,1019,147,7,2,79,34,0
103877,20241107,1024,39,8,2,45,19,0
103878,20241107,1014,9,3,1,39,17,0.15
103879,20241107,1025,86,6,1,22,8,0.1
103880,20241107,1025,96,3,2,22,8,0.1
103881,20241107,1033,34,7,2,15,6,0.05
103882,20241108,1028,227,4,4,34,14,0
103883,20241108,1033,47,8,1,15,6,0.2
103884,20241108,1032,188,2,1,18,7,0.2
103885,20241108,1001,140,7,3,79,29,0.15
103886,20241108,1020,120,8,2,199,88,0
103887,20241108,1021,170,7,4,16,6,0
103888,20241108,1028,227,5,4,34,14,0.05
103889,20241109,1029,277,4,2,99,44,0.2
103890,20241109,1029,207,6,3,99,44,0
103891,20241109,1026,24,7,1,169,71,0
103892,20241109,1018,136,4,2,32,13,0.1
103893,20241109,1034,96,2,1,24,9,0.2
103894,20241109,1023,33,1,3,75,31,0.05
103895,20241109,1020,154,1,1,199,88,0
103896,20241109,1017,299,2,2,120,52,0.1
103897,20241109,1012,122,7,3,29,12,0
103898,20241109,1003,267,4,3,55,22,0
103899,20241109,1014,206,1,1,39,17,0.05
103900,20241109,1033,14,3,3,15,6,0.15
103901,20241109,1031,16,2,2,52,22,0
103902,20241110,1008,192,1,1,8,2,0.15
103903,20241110,1023,114,7,2,75,31,0.1
103904,20241110,1035,253,2,2,13,5,0.15
103905,20241110,1031,76,4,1,52,22,0
103906,20241110,1024,217,2,4,45,19,0.1
103907,20241110,1015,144,6,1,55,23,0.15
103908,20241110,1017,110,8,1,120,52,0.2
103909,20241110,1031,80,8,2,52,22,0
103910,20241110,1025,93,7,1,22,8,0.2
103911,20241110,1025,220,6,3,22,8,0.2
103912,20241110,1011,33,2,2,69,28,0
103913,20241110,1015,261,8,1,55,23,0
103914,20241110,1009,146,6,3,159,64,0
103915,20241110,1028,54,1,2,34,14,0.1
103916,20241110,1025,281,1,2,22,8,0
103917,20241110,1019,73,1,1,79,34,0
103918,20241111,1026,286,1,3,169,71,0.2
103919,20241111,1017,22,2,3,120,52,0
103920,20241111,1017,140,7,3,120,52,0.15
103921,20241111,1021,207,1,2,16,6,0
103922,20241111,1033,234,5,3,15,6,0.1
103923,20241111,1022,280,6,2,21,8,0
103924,20241111,1018,9,5,1,32,13,0.05
103925,20241111,1023,221,3,4,75,31,0.1
103926,20241111,1035,44,6,1,13,5,0
103927,20241111,1013,147,8,1,14,5,0.15
103928,20241111,1026,193,6,4,169,71,0.1
103929,20241111,1001,67,8,3,79,29,0.1
103930,20241111,1025,277,7,3,22,8,0
103931,20241111,1028,66,5,1,34,14,0.05
103932,20241112,1027,194,3,1,49,21,0
103933,20241112,1019,255,3,1,79,34,0
103934,20241112,1014,141,3,4,39,17,0
103935,20241112,1010,117,6,1,99,41,0.1
103936,20241112,1033,118,5,4,15,6,0
103937,20241112,1010,64,1,1,99,41,0.1
103938,20241113,1005,249,4,1,19,7,0.2
103939,20241113,1035,77,2,4,13,5,0
103940,20241113,1034,290,2,1,24,9,0
103941,20241113,1033,291,7,1,15,6,0
103942,20241113,1022,178,3,2,21,8,0.2
103943,20241114,1035,77,6,3,13,5,0.2
103944,20241114,1020,104,6,1,199,88,0.1
103945,20241114,1008,286,3,2,8,2,0.05
103946,20241114,1036,173,6,1,11,4,0
103947,20241114,1034,135,8,4,24,9,0
103948,20241114,1026,23,3,1,169,71,0
103949,20241114,1032,229,2,2,18,7,0.15
103950,20241114,1009,111,7,2,159,64,0
103951,20241114,1036,70,7,1,11,4,0
103952,20241114,1009,152,2,2,159,64,0
103953,20241114,1017,199,2,2,120,52,0
103954,20241115,1023,157,6,3,75,31,0.05
103955,20241115,1030,246,2,4,69,29,0
103956,20241115,1024,298,8,3,45,19,0.2
103957,20241115,1030,106,5,1,69,29,0
103958,20241115,1032,283,7,2,18,7,0.1
103959,20241115,1034,207,1,3,24,9,0
103960,20241115,1009,131,4,2,159,64,0
103961,20241115,1030,252,5,4,69,29,0.05
103962,20241115,1014,165,5,1,39,17,0
103963,20241115,1036,231,4,4,11,4,0
103964,20241115,1034,236,8,1,24,9,0
103965,20241115,1032,198,7,2,18,7,0
103966,20241115,1023,194,3,1,75,31,0.2
103967,20241116,1035,258,7,2,13,5,0.2
103968,20241116,1035,226,3,2,13,5,0
103969,20241116,1028,102,1,3,34,14,0.05
103970,20241116,1024,86,1,4,45,19,0
103971,20241116,1026,140,6,4,169,71,0
103972,20241116,1015,136,4,1,55,23,0.1
103973,20241116,1036,222,6,4,11,4,0.1
103974,20241116,1007,200,4,1,27,11,0
103975,20241116,1002,193,5,2,24,9,0.2
103976,20241116,1034,297,6,2,24,9,0.1
103977,20241116,1024,191,5,3,45,19,0.15
103978,20241116,1011,102,2,1,69,28,0.05
103979,20241116,1027,255,3,2,49,21,0
103980,20241116,1032,250,6,1,18,7,0
103981,20241116,1036,46,8,1,11,4,0.15
103982,20241116,1036,153,3,2,11,4,0.05
103983,20241116,1028,7,8,3,34,14,0
103984,20241116,1026,39,2,4,169,71,0
103985,20241116,1022,94,4,4,21,8,0
103986,20241116,1005,2,7,2,19,7,0
103987,20241116,1025,236,1,4,22,8,0
103988,20241117,1031,233,7,2,52,22,0
103989,20241117,1025,202,2,4,22,8,0.05
103990,20241117,1028,261,7,2,34,14,0
103991,20241117,1031,186,8,3,52,22,0.1
103992,20241117,1013,61,2,4,14,5,0
103993,20241117,1022,239,8,2,21,8,0.15
103994,20241117,1027,175,7,4,49,21,0
103995,20241117,1036,269,6,1,11,4,0.2
103996,20241117,1031,246,5,1,52,22,0
103997,20241117,1027,196,4,4,49,21,0
103998,20241117,1023,172,8,3,75,31,0.15
103999,20241117,1025,136,8,1,22,8,0.05
104000,20241117,1009,254,3,3,159,64,0
104001,20241118,1017,179,5,1,120,52,0
104002,20241118,1031,102,6,1,52,22,0.05
104003,20241118,1026,127,7,1,169,71,0.05
104004,20241118,1025,142,1,3,22,8,0
104005,20241118,1031,141,2,1,52,22,0.2
104006,20241118,1023,132,1,4,75,31,0
104007,20241118,1021,209,6,3,16,6,0.2
104008,20241118,1034,222,4,2,24,9,0.1
104009,20241118,1026,202,7,2,169,71,0
104010,20241118,1003,249,4,3,55,22,0.2
104011,20241118,1031,28,5,1,52,22,0
104012,20241118,1005,251,7,1,19,7,0
104013,20241118,1035,201,5,4,13,5,0
104014,20241118,1034,241,4,4,24,9,0
104015,20241118,1034,219,2,1,24,9,0.15
104016,20241119,1017,191,5,4,120,52,0
104017,20241119,1023,210,1,3,75,31,0.1
104018,20241119,1034,247,2,2,24,9,0
104019,20241119,1012,112,2,3,29,12,0.2
104020,20241119,1009,267,5,2,159,64,0
104021,20241119,1033,6,8,1,15,6,0.1
104022,20241119,1024,21,8,1,45,19,0
104023,20241119,1034,226,5,2,24,9,0.1
104024,20241120,1001,237,4,2,79,29,0.15
104025,20241120,1031,61,8,1,52,22,0
104026,20241120,1033,132,4,2,15,6,0
104027,20241120,1034,134,5,2,24,9,0.15
104028,20241120,1014,18,8,4,39,17,0.2
104029,20241120,1024,80,7,3,45,19,0.15
104030,20241120,1004,20,3,1,49,18,0
104031,20241120,1026,85,4,1,169,71,0.2
104032,20241120,1026,16,8,4,169,71,0.2
104033,20241121,1030,183,4,1,69,29,0
104034,20241121,1021,273,3,1,16,6,0
104035,20241121,1004,17,4,4,49,18,0.15
104036,20241121,1023,265,6,1,75,31,0
104037,20241121,1021,44,3,3,16,6,0
104038,20241122,1024,270,2,2,45,19,0.15
104039,20241122,1003,217,6,4,55,22,0
104040,20241122,1020,174,1,2,199,88,0
104041,20241123,1017,171,1,2,120,52,0
104042,20241123,1027,108,6,1,49,21,0.15
104043,20241123,1029,232,8,1,99,44,0
104044,20241123,1032,146,2,2,18,7,0
104045,20241123,1009,128,8,2,159,64,0.15
104046,20241123,1024,292,7,1,45,19,0.15
104047,20241123,1009,251,2,2,159,64,0.15
104048,20241123,1029,11,7,1,99,44,0.1
104049,20241123,1020,79,8,1,199,88,0.15
104050,20241123,1026,189,2,3,169,71,0.2
104051,20241123,1004,285,4,1,49,18,0
104052,20241123,1019,187,7,2,79,34,0
104053,20241124,1014,248,7,3,39,17,0.2
104054,20241124,1027,183,1,2,49,21,0.15
104055,20241124,1006,151,4,1,9,3,0.1
104056,20241124,1011,119,4,3,69,28,0
104057,20241124,1026,125,2,4,169,71,0.15
104058,20241124,1027,266,6,2,49,21,0.2
104059,20241124,1036,105,3,1,11,4,0
104060,20241124,1003,98,4,1,55,22,0
104061,20241124,1028,2,4,2,34,14,0
104062,20241124,1029,33,4,4,99,44,0.2
104063,20241124,1034,51,7,4,24,9,0
104064,20241124,1029,70,1,1,99,44,0.2
104065,20241124,1035,151,3,2,13,5,0
104066,20241124,1026,212,5,2,169,71,0
104067,20241124,1017,86,8,2,120,52,0.15
104068,20241124,1028,168,2,2,34,14,0.15
104069,20241124,1036,291,3,3,11,4,0
104070,20241125,1020,132,7,2,199,88,0
104071,20241125,1022,224,7,3,21,8,0
104072,20241125,1025,215,2,4,22,8,0
104073,20241125,1035,75,4,1,13,5,0.15
104074,20241125,1036,240,4,1,11,4,0
104075,20241125,1005,267,6,1,19,7,0.2
104076,20241125,1032,169,6,1,18,7,0
104077,20241125,1025,231,7,4,22,8,0
104078,20241125,1030,181,6,2,69,29,0
104079,20241126,1026,131,5,2,169,71,0
104080,20241126,1015,131,7,1,55,23,0
104081,20241126,1023,22,1,1,75,31,0
104082,20241126,1019,227,5,4,79,34,0.05
104083,20241126,1024,295,2,1,45,19,0
104084,20241126,1034,175,7,4,24,9,0
104085,20241126,1024,281,6,1,45,19,0
104086,20241126,1027,25,5,1,49,21,0.15
104087,20241126,1009,21,2,2,159,64,0
104088,20241126,1032,42,5,1,18,7,0
104089,20241126,1023,152,7,3,75,31,0.15
104090,20241126,1024,243,1,1,45,19,0.15
104091,20241126,1028,163,4,1,34,14,0
104092,20241126,1003,246,6,4,55,22,0.1
104093,20241126,1008,79,3,1,8,2,0
104094,20241127,1030,236,2,3,69,29,0
104095,20241127,1010,228,5,1,99,41,0.05
104096,20241127,1027,104,7,3,49,21,0
104097,20241127,1023,129,8,1,75,31,0.15
104098,20241127,1021,72,1,1,16,6,0
104099,20241127,1021,224,8,1,16,6,0.2
104100,20241127,1012,233,4,2,29,12,0.15
104101,20241128,1024,164,2,1,45,19,0.05
104102,20241128,1027,298,5,3,49,21,0.2
104103,20241128,1013,17,3,1,14,5,0.05
104104,20241128,1018,271,6,2,32,13,0
104105,20241128,1002,34,6,1,24,9,0
104106,20241128,1007,187,4,1,27,11,0
104107,20241128,1001,155,4,2,79,29,0
104108,20241128,1004,62,7,3,49,18,0.2
104109,20241128,1017,76,2,4,120,52,0
104110,20241128,1030,32,2,4,69,29,0
104111,20241128,1031,192,7,2,52,22,0.15
104112,20241129,1034,19,6,1,24,9,0
104113,20241129,1016,178,6,2,22,9,0.2
104114,20241129,1036,109,7,3,11,4,0
104115,20241129,1024,196,6,2,45,19,0.15
104116,20241129,1026,165,7,1,169,71,0.05
104117,20241130,1025,288,7,3,22,8,0
104118,20241130,1004,208,3,1,49,18,0
104119,20241130,1034,269,8,4,24,9,0.15
104120,20241130,1006,198,3,2,9,3,0
104121,20241130,1007,206,5,1,27,11,0.1
104122,20241130,1028,163,6,2,34,14,0
104123,20241130,1025,86,3,2,22,8,0
104124,20241130,1024,292,8,3,45,19,0.1
104125,20241130,1034,62,3,2,24,9,0
104126,20241130,1032,256,8,2,18,7,0.2
104127,20241201,1020,297,8,1,199,88,0
104128,20241201,1008,42,4,1,8,2,0
104129,20241201,1008,46,7,3,8,2,0
104130,20241201,1026,245,6,2,169,71,0.1
104131,20241201,1022,142,8,2,21,8,0
104132,20241201,1008,101,5,2,8,2,0
104133,20241201,1024,66,3,1,45,19,0.2
104134,20241201,1015,172,1,2,55,23,0.05
104135,20241201,1029,162,6,3,99,44,0.1
104136,20241202,1014,155,6,1,39,17,0
104137,20241202,1005,73,8,1,19,7,0
104138,20241202,1011,97,7,1,69,28,0
104139,20241202,1024,132,4,1,45,19,0
104140,20241202,1027,3,6,4,49,21,0.15
104141,20241202,1021,297,5,2,16,6,0
104142,20241202,1005,243,5,1,19,7,0
104143,20241202,1010,269,2,4,99,41,0
104144,20241202,1027,110,3,4,49,21,0.1
104145,20241202,1021,40,2,1,16,6,0.05
104146,20241202,1032,203,1,1,18,7,0
104147,20241202,1027,197,3,4,49,21,0.1
104148,20241203,1019,64,4,1,79,34,0.2
104149,20241203,1025,128,5,2,22,8,0
104150,20241203,1025,175,5,4,22,8,0.15
104151,20241203,1005,56,7,2,19,7,0.15
104152,20241203,1005,91,1,3,19,7,0
104153,20241203,1011,205,2,2,69,28,0
104154,20241203,1025,130,2,4,22,8,0
104155,20241204,1022,223,7,1,21,8,0.1
104156,20241204,1024,35,6,1,45,19,0.05
104157,20241204,1028,225,2,4,34,14,0.05
104158,20241204,1024,169,3,2,45,19,0.05
104159,20241204,1011,53,5,2,69,28,0
104160,20241204,1019,263,6,1,79,34,0
104161,20241204,1026,146,3,2,169,71,0.05
104162,20241204,1027,84,1,1,49,21,0
104163,20241205,1003,155,5,2,55,22,0.05
104164,20241205,1028,201,7,2,34,14,0.2
104165,20241205,1024,76,8,2,45,19,0.1
104166,20241205,1008,168,2,1,8,2,0.2
104167,20241205,1027,64,6,1,49,21,0.1
104168,20241205,1007,112,2,2,27,11,0.2
104169,20241205,1023,121,5,4,75,31,0.15
104170,20241205,1017,42,4,4,120,52,0
104171,20241205,1011,130,3,1,69,28,0
104172,20241206,1035,203,8,2,13,5,0.2
104173,20241206,1020,256,8,2,199,88,0.2
104174,20241206,1009,150,1,2,159,64,0
104175,20241206,1002,190,2,1,24,9,0
104176,20241206,1028,107,3,2,34,14,0.05
104177,20241206,1028,120,6,4,34,14,0.1
104178,20241207,1025,236,7,4,22,8,0.1
104179,20241207,1034,21,5,4,24,9,0.1
104180,20241207,1015,121,2,2,55,23,0
104181,20241207,1024,153,5,2,45,19,0.2
104182,20241207,1026,214,7,1,169,71,0
104183,20241207,1023,144,6,3,75,31,0
104184,20241207,1022,97,1,1,21,8,0.15
104185,20241207,1023,182,2,2,75,31,0
104186,20241207,1007,55,4,1,27,11,0
104187,20241207,1028,6,6,3,34,14,0.1
104188,20241208,1032,73,4,4,18,7,0.2
104189,20241208,1017,258,8,4,120,52,0
104190,20241208,1035,270,4,2,13,5,0
104191,20241208,1023,164,3,1,75,31,0
104192,20241208,1008,298,7,1,8,2,0.1
104193,20241208,1014,106,4,1,39,17,0.15
104194,20241208,1035,222,6,1,13,5,0
104195,20241208,1002,261,1,3,24,9,0.05
104196,20241208,1024,67,2,2,45,19,0.2
104197,20241208,1033,279,2,1,15,6,0
104198,20241208,1029,33,7,2,99,44,0.2
104199,20241208,1036,99,3,2,11,4,0.15
104200,20241208,1001,97,5,1,79,29,0
104201,20241208,1032,67,2,3,18,7,0
104202,20241208,1026,103,2,1,169,71,0
104203,20241209,1009,76,3,2,159,64,0.2
104204,20241209,1023,67,2,4,75,31,0.1
104205,20241209,1032,287,8,3,18,7,0.1
104206,20241209,1030,190,2,2,69,29,0
104207,20241209,1035,234,3,4,13,5,0
104208,20241209,1031,130,6,1,52,22,0
104209,20241209,1027,234,4,3,49,21,0
104210,20241210,1026,55,6,3,169,71,0
104211,20241210,1033,277,6,1,15,6,0.05
104212,20241210,1009,98,4,4,159,64,0.15
104213,20241210,1021,161,7,4,16,6,0
104214,20241210,1030,39,6,4,69,29,0.1
104215,20241210,1018,179,6,2,32,13,0
104216,20241210,1018,265,7,3,32,13,0
104217,20241210,1030,276,3,4,69,29,0.15
104218,20241211,1024,144,2,2,45,19,0
104219,20241211,1027,140,3,2,49,21,0
104220,20241211,1028,255,1,1,34,14,0.15
104221,20241211,1027,61,8,1,49,21,0
104222,20241211,1019,69,5,3,79,34,0
104223,20241211,1025,248,5,3,22,8,0.05
104224,20241211,1004,52,8,4,49,18,0.05
104225,20241212,1030,99,1,3,69,29,0
104226,20241212,1019,183,7,1,79,34,0.15
104227,20241212,1024,189,2,3,45,19,0
104228,20241212,1031,236,5,1,52,22,0
104229,20241212,1025,170,4,2,22,8,0
104230,20241212,1025,80,4,1,22,8,0.1
104231,20241212,1008,35,2,1,8,2,0
104232,20241212,1032,105,1,3,18,7,0.1
104233,20241212,1009,84,7,4,159,64,0
104234,20241212,1024,162,7,2,45,19,0.1
104235,20241212,1008,161,5,1,8,2,0.2
104236,20241213,1027,169,6,1,49,21,0
104237,20241213,1024,298,5,1,45,19,0.15
104238,20241213,1003,285,6,1,55,22,0
104239,20241213,1033,171,3,1,15,6,0.1
104240,20241213,1033,254,6,1,15,6,0.2
104241,20241213,1033,231,4,2,15,6,0.2
104242,20241213,1024,68,6,3,45,19,0
104243,20241213,1031,141,7,2,52,22,0
104244,20241213,1016,25,7,1,22,9,0.15
104245,20241214,1035,187,6,4,13,5,0.1
104246,20241214,1036,195,1,2,11,4,0
104247,20241214,1007,13,8,1,27,11,0.15
104248,20241214,1023,223,1,2,75,31,0
104249,20241214,1015,16,8,2,55,23,0
104250,20241214,1019,112,3,2,79,34,0.15
104251,20241214,1024,300,5,3,45,19,0.1
104252,20241214,1023,256,5,4,75,31,0
104253,20241214,1027,182,6,1,49,21,0.15
104254,20241214,1008,253,5,3,8,2,0.1
104255,20241215,1025,283,7,1,22,8,0
104256,20241215,1023,68,3,1,75,31,0.15
104257,20241215,1027,108,6,3,49,21,0
104258,20241215,1017,234,4,3,120,52,0.15
104259,20241215,1027,177,2,2,49,21,0
104260,20241215,1003,85,2,1,55,22,0
104261,20241215,1017,268,7,2,120,52,0
104262,20241215,1025,255,2,4,22,8,0
104263,20241215,1024,14,6,2,45,19,0
104264,20241215,1012,285,8,2,29,12,0
104265,20241215,1015,27,8,3,55,23,0.2
104266,20241216,1030,67,8,3,69,29,0
104267,20241216,1024,270,3,3,45,19,0.1
104268,20241216,1027,242,3,1,49,21,0.05
104269,20241216,1012,81,2,2,29,12,0
104270,20241216,1018,166,7,1,32,13,0.2
104271,20241216,1003,265,8,1,55,22,0.15
104272,20241216,1023,16,4,1,75,31,0.15
104273,20241216,1011,276,1,3,69,28,0.05
104274,20241217,1028,35,8,4,34,14,0
104275,20241217,1022,63,4,4,21,8,0.1
104276,20241217,1002,253,6,2,24,9,0.05
104277,20241217,1032,3,6,2,18,7,0
104278,20241217,1029,150,7,1,99,44,0
104279,20241217,1033,64,5,1,15,6,0.05
104280,20241217,1009,284,5,3,159,64,0.2
104281,20241217,1010,100,5,4,99,41,0
104282,20241218,1025,287,7,4,22,8,0
104283,20241218,1024,45,1,2,45,19,0.05
104284,20241218,1026,78,7,4,169,71,0
104285,20241218,1033,276,6,1,15,6,0.05
104286,20241218,1004,57,7,1,49,18,0.05
104287,20241218,1018,76,5,2,32,13,0.05
104288,20241218,1019,177,2,2,79,34,0
104289,20241218,1024,72,1,2,45,19,0.2
104290,20241218,1032,95,2,1,18,7,0.2
104291,20241218,1001,260,6,3,79,29,0
104292,20241219,1025,1,6,1,22,8,0.05
104293,20241219,1014,126,7,4,39,17,0
104294,20241219,1035,228,8,4,13,5,0.05
104295,20241219,1025,228,1,1,22,8,0
104296,20241220,1025,196,4,1,22,8,0.1
104297,20241220,1030,245,8,4,69,29,0.2
104298,20241220,1021,220,2,1,16,6,0.05
104299,20241220,1034,158,2,3,24,9,0.1
104300,20241220,1018,33,5,2,32,13,0.2
104301,20241220,1033,133,3,1,15,6,0
104302,20241220,1009,269,3,1,159,64,0.15
104303,20241220,1002,71,1,2,24,9,0
104304,20241220,1033,248,2,3,15,6,0
104305,20241220,1024,238,7,2,45,19,0
104306,20241220,1025,119,2,1,22,8,0.05
104307,20241220,1020,231,7,2,199,88,0
104308,20241220,1024,129,8,3,45,19,0
104309,20241220,1026,176,3,1,169,71,0
104310,20241221,1028,37,8,4,34,14,0.2
104311,20241221,1024,254,3,2,45,19,0.05
104312,20241221,1036,154,5,4,11,4,0
104313,20241221,1010,284,6,2,99,41,0.1
104314,20241221,1035,222,5,2,13,5,0.1
104315,20241221,1003,213,7,3,55,22,0
104316,20241221,1016,29,4,4,22,9,0
104317,20241221,1033,257,6,1,15,6,0
104318,20241221,1021,292,7,2,16,6,0
104319,20241221,1018,178,8,2,32,13,0.2
104320,20241221,1034,293,4,1,24,9,0
104321,20241221,1033,169,6,4,15,6,0.1
104322,20241221,1026,127,4,4,169,71,0
104323,20241221,1023,129,2,3,75,31,0
104324,20241221,1025,299,2,2,22,8,0.05
104325,20241222,1028,157,8,4,34,14,0.2
104326,20241222,1027,275,5,1,49,21,0
104327,20241222,1024,98,7,2,45,19,0.05
104328,20241222,1004,254,2,4,49,18,0
104329,20241222,1030,188,2,4,69,29,0
104330,20241222,1023,139,7,1,75,31,0.15
104331,20241222,1012,209,4,1,29,12,0
104332,20241222,1023,68,7,1,75,31,0
104333,20241222,1035,254,6,1,13,5,0
104334,20241222,1011,98,6,4,69,28,0.05
104335,20241222,1024,127,3,4,45,19,0.05
104336,20241222,1033,290,8,2,15,6,0.2
104337,20241222,1002,104,2,1,24,9,0
104338,20241223,1032,182,6,2,18,7,0
104339,20241223,1029,159,2,4,99,44,0
104340,20241223,1007,174,4,1,27,11,0
104341,20241224,1031,36,3,2,52,22,0.15
104342,20241224,1003,57,3,4,55,22,0.1
104343,20241224,1029,186,6,1,99,44,0.1
104344,20241224,1012,96,3,3,29,12,0
104345,20241224,1026,46,1,3,169,71,0
104346,20241224,1017,137,5,1,120,52,0
104347,20241224,1017,215,2,1,120,52,0.15
104348,20241224,1017,4,1,2,120,52,0.2
104349,20241225,1029,237,1,2,99,44,0
104350,20241225,1007,191,4,4,27,11,0
104351,20241225,1003,217,4,2,55,22,0.2
104352,20241225,1028,170,5,2,34,14,0
104353,20241225,1026,284,5,1,169,71,0
104354,20241225,1027,194,6,1,49,21,0.1
104355,20241225,1027,34,6,2,49,21,0.2
104356,20241225,1030,35,6,1,69,29,0.2
104357,20241225,1032,290,6,2,18,7,0
104358,20241225,1027,118,4,1,49,21,0
104359,20241226,1026,46,1,2,169,71,0.1
104360,20241226,1011,136,6,4,69,28,0
104361,20241226,1023,102,8,2,75,31,0
104362,20241226,1026,220,5,1,169,71,0
104363,20241226,1014,280,2,2,39,17,0
104364,20241226,1010,103,6,2,99,41,0
104365,20241226,1024,157,7,3,45,19,0.1
104366,20241226,1028,102,1,2,34,14,0.15
104367,20241226,1035,151,8,4,13,5,0.1
104368,20241227,1026,225,3,2,169,71,0
104369,20241227,1020,159,4,2,199,88,0
104370,20241227,1028,290,5,3,34,14,0.1
104371,20241227,1033,9,6,2,15,6,0
104372,20241227,1028,195,3,2,34,14,0
104373,20241227,1027,85,8,3,49,21,0.05
104374,20241227,1028,153,7,1,34,14,0
104375,20241228,1026,267,8,3,169,71,0
104376,20241228,1024,166,7,4,45,19,0.05
104377,20241228,1006,288,4,1,9,3,0
104378,20241228,1035,98,5,1,13,5,0
104379,20241228,1031,105,8,1,52,22,0
104380,20241228,1011,111,2,3,69,28,0
104381,20241228,1012,51,6,2,29,12,0
104382,20241228,1026,150,1,2,169,71,0.1
104383,20241228,1036,126,2,1,11,4,0
104384,20241228,1028,179,1,1,34,14,0
104385,20241228,1016,164,7,3,22,9,0
104386,20241228,1001,298,2,1,79,29,0
104387,20241228,1030,109,3,1,69,29,0.2
104388,20241228,1034,262,8,4,24,9,0.15
104389,20241228,1032,30,8,2,18,7,0
104390,20241228,1001,17,5,1,79,29,0.2
104391,20241228,1004,267,1,1,49,18,0.2
104392,20241228,1008,7,1,1,8,2,0
104393,20241229,1024,136,2,4,45,19,0
104394,20241229,1035,96,8,2,13,5,0.15
104395,20241229,1025,84,2,1,22,8,0.15
104396,20241229,1015,149,3,2,55,23,0.05
104397,20241229,1014,52,2,1,39,17,0.1
104398,20241229,1026,240,7,1,169,71,0.15
104399,20241229,1001,204,5,1,79,29,0
104400,20241229,1011,248,6,2,69,28,0
104401,20241229,1013,32,6,2,14,5,0.15
104402,20241229,1021,281,5,1,16,6,0
104403,20241229,1027,255,5,2,49,21,0
104404,20241229,1028,287,4,2,34,14,0.1
104405,20241229,1026,262,4,1,169,71,0
104406,20241229,1021,84,8,4,16,6,0
104407,20241229,1029,290,1,3,99,44,0.05
104408,20241229,1009,33,4,1,159,64,0.15
104409,20241229,1017,274,1,4,120,52,0.15
104410,20241230,1026,140,8,1,169,71,0
104411,20241230,1030,226,7,1,69,29,0.05
104412,20241230,1006,29,8,4,9,3,0.15
104413,20241230,1034,141,6,1,24,9,0
104414,20241230,1027,214,2,2,49,21,0
104415,20241230,1022,50,8,2,21,8,0.1
104416,20241230,1020,239,1,4,199,88,0
104417,20241230,1023,84,8,1,75,31,0.05
104418,20241231,1010,94,5,4,99,41,0.1
104419,20241231,1024,88,4,2,45,19,0.2
104420,20241231,1002,125,7,4,24,9,0
104421,20241231,1028,197,5,2,34,14,0.05
104422,20241231,1035,300,4,1,13,5,0
104423,20241231,1026,40,7,1,169,71,0.1
104424,20241231,1030,128,6,3,69,29,0
104425,20241231,1025,218,4,1,22,8,0
104426,20241231,1004,192,7,2,49,18,0
104427,20241231,1022,88,7,4,21,8,0
104428,20250101,1019,61,5,1,79,34,0.15
104429,20250101,1006,295,5,2,9,3,0
104430,20250101,1019,273,5,3,79,34,0.1
104431,20250101,1020,39,3,2,199,88,0.2
104432,20250101,1008,252,3,4,8,2,0
104433,20250101,1019,227,3,2,79,34,0.05
104434,20250101,1024,123,1,2,45,19,0
104435,20250101,1008,271,4,4,8,2,0.1
104436,20250101,1016,286,3,4,22,9,0.15
104437,20250101,1017,258,2,1,120,52,0
104438,20250102,1025,37,5,1,22,8,0.1
104439,20250102,1027,200,2,1,49,21,0.1
104440,20250102,1027,53,3,2,49,21,0
104441,20250102,1023,164,1,1,75,31,0.2
104442,20250102,1013,27,3,1,14,5,0.2
104443,20250102,1031,213,4,4,52,22,0.05
104444,20250102,1009,41,5,1,159,64,0.05
104445,20250102,1036,203,7,1,11,4,0.15
104446,20250102,1029,32,2,1,99,44,0
104447,20250102,1019,201,1,3,79,34,0
104448,20250102,1031,274,7,2,52,22,0
104449,20250102,1023,165,5,1,75,31,0.1
104450,20250103,1015,241,4,1,55,23,0
104451,20250103,1025,52,1,1,22,8,0
104452,20250103,1024,275,2,2,45,19,0.1
104453,20250103,1021,292,1,1,16,6,0.15
104454,20250103,1028,283,7,4,34,14,0.05
104455,20250103,1025,109,6,1,22,8,0.05
104456,20250103,1026,88,2,2,169,71,0.15
104457,20250103,1004,71,7,1,49,18,0
104458,20250103,1034,177,5,3,24,9,0.15
104459,20250103,1024,126,8,1,45,19,0
104460,20250103,1022,186,6,2,21,8,0.2
104461,20250104,1023,88,3,3,75,31,0
104462,20250104,1027,43,8,2,49,21,0.1
104463,20250104,1028,204,8,1,34,14,0.15
104464,20250104,1004,174,5,3,49,18,0.1
104465,20250104,1019,164,4,2,79,34,0
104466,20250104,1035,247,7,2,13,5,0
104467,20250104,1019,86,1,1,79,34,0.1
104468,20250104,1018,126,4,1,32,13,0
104469,20250104,1005,97,8,2,19,7,0.05
104470,20250104,1025,97,4,4,22,8,0.2
104471,20250104,1033,34,8,1,15,6,0.2
104472,20250104,1025,119,1,1,22,8,0.2
104473,20250104,1019,215,7,2,79,34,0
104474,20250104,1013,25,3,2,14,5,0.05
104475,20250104,1005,212,8,1,19,7,0
104476,20250105,1030,30,4,1,69,29,0
104477,20250105,1033,129,4,1,15,6,0.15
104478,20250105,1023,26,3,3,75,31,0
104479,20250105,1025,121,1,2,22,8,0
104480,20250105,1009,43,4,1,159,64,0.1
104481,20250105,1024,267,6,4,45,19,0
104482,20250105,1028,164,2,2,34,14,0.1
104483,20250105,1020,55,7,2,199,88,0
104484,20250105,1030,224,6,1,69,29,0
104485,20250105,1023,185,4,1,75,31,0
104486,20250105,1030,93,5,1,69,29,0
104487,20250106,1025,299,5,1,22,8,0.05
104488,20250106,1026,129,6,1,169,71,0
104489,20250106,1001,156,3,1,79,29,0
104490,20250106,1034,253,1,2,24,9,0
104491,20250106,1023,193,8,1,75,31,0.1
104492,20250106,1002,237,8,2,24,9,0.1
104493,20250106,1032,128,2,2,18,7,0
104494,20250106,1027,250,3,2,49,21,0
104495,20250106,1018,177,5,1,32,13,0
104496,20250107,1023,267,2,1,75,31,0.2
104497,20250107,1023,187,7,2,75,31,0.1
104498,20250107,1027,299,5,1,49,21,0.05
104499,20250107,1027,8,6,1,49,21,0
104500,20250107,1024,37,4,2,45,19,0
104501,20250107,1012,262,3,4,29,12,0.2
104502,20250107,1024,42,3,1,45,19,0.05
104503,20250107,1028,160,7,2,34,14,0.1
104504,20250107,1034,210,4,3,24,9,0.05
104505,20250107,1015,134,4,1,55,23,0.1
104506,20250107,1025,178,2,3,22,8,0
104507,20250108,1028,69,8,1,34,14,0.2
104508,20250108,1019,57,8,4,79,34,0.15
104509,20250108,1025,293,7,1,22,8,0.05
104510,20250108,1024,216,3,1,45,19,0
104511,20250108,1012,241,4,1,29,12,0
104512,20250108,1023,149,3,1,75,31,0.05
104513,20250108,1034,5,1,1,24,9,0.15
104514,20250108,1002,90,8,1,24,9,0.15
104515,20250108,1025,118,6,3,22,8,0
104516,20250108,1027,78,1,2,49,21,0.1
104517,20250108,1035,299,6,3,13,5,0.15
104518,20250109,1030,108,7,2,69,29,0.15
104519,20250109,1028,156,8,1,34,14,0.1
104520,20250109,1016,264,5,4,22,9,0
104521,20250109,1022,26,3,1,21,8,0.1
104522,20250109,1032,56,4,1,18,7,0.1
104523,20250109,1022,169,7,2,21,8,0.2
104524,20250109,1022,128,1,3,21,8,0.15
104525,20250109,1024,35,3,2,45,19,0
104526,20250109,1026,150,2,1,169,71,0.15
104527,20250109,1033,259,4,3,15,6,0.05
104528,20250109,1033,38,6,1,15,6,0
104529,20250109,1030,126,7,1,69,29,0.05
104530,20250109,1023,86,3,3,75,31,0
104531,20250109,1025,138,1,2,22,8,0
104532,20250109,1019,164,8,3,79,34,0.15
104533,20250109,1027,278,7,1,49,21,0.2
104534,20250110,1023,73,4,3,75,31,0.05
104535,20250110,1019,197,2,2,79,34,0
104536,20250110,1034,70,1,1,24,9,0.2
104537,20250110,1009,110,2,4,159,64,0
104538,20250110,1005,219,7,3,19,7,0.05
104539,20250110,1031,9,4,1,52,22,0
104540,20250110,1029,193,6,3,99,44,0.05
104541,20250110,1027,2,6,2,49,21,0
104542,20250110,1026,100,7,1,169,71,0.15
104543,20250110,1032,231,4,1,18,7,0
104544,20250110,1016,175,5,1,22,9,0.05
104545,20250110,1028,124,1,2,34,14,0
104546,20250110,1023,30,3,2,75,31,0.05
104547,20250110,1022,91,7,1,21,8,0.2
104548,20250110,1027,261,1,1,49,21,0
104549,20250110,1034,151,7,1,24,9,0
104550,20250111,1001,29,1,1,79,29,0.05
104551,20250111,1029,201,8,2,99,44,0
104552,20250111,1032,119,1,3,18,7,0.15
104553,20250111,1007,295,7,2,27,11,0
104554,20250111,1032,7,6,1,18,7,0
104555,20250111,1019,90,6,2,79,34,0.1
104556,20250111,1005,22,4,4,19,7,0.05
104557,20250111,1023,151,3,4,75,31,0
104558,20250111,1019,19,4,1,79,34,0.05
104559,20250111,1025,85,6,1,22,8,0.1
104560,20250111,1020,241,4,1,199,88,0.05
104561,20250111,1035,100,1,1,13,5,0.1
104562,20250111,1034,292,4,1,24,9,0
104563,20250111,1025,63,6,1,22,8,0
104564,20250111,1036,54,2,1,11,4,0.15
104565,20250111,1031,230,7,1,52,22,0
104566,20250111,1029,287,3,2,99,44,0.2
104567,20250111,1029,258,3,2,99,44,0
104568,20250112,1001,272,8,1,79,29,0
104569,20250112,1030,213,8,4,69,29,0
104570,20250112,1020,182,8,2,199,88,0.15
104571,20250112,1021,294,1,1,16,6,0.15
104572,20250112,1023,216,8,2,75,31,0
104573,20250112,1035,108,2,2,13,5,0
104574,20250112,1028,177,7,4,34,14,0
104575,20250113,1022,241,3,4,21,8,0.15
104576,20250113,1026,104,3,2,169,71,0.15
104577,20250113,1025,83,7,2,22,8,0.1
104578,20250113,1002,143,8,2,24,9,0.1
104579,20250113,1010,90,4,2,99,41,0
104580,20250114,1026,49,6,1,169,71,0.05
104581,20250114,1018,85,6,1,32,13,0.15
104582,20250114,1016,119,6,3,22,9,0
104583,20250114,1026,259,3,1,169,71,0.2
104584,20250114,1028,5,5,1,34,14,0
104585,20250114,1024,300,7,1,45,19,0.15
104586,20250114,1009,188,1,1,159,64,0.1
104587,20250114,1034,275,6,3,24,9,0
104588,20250114,1025,198,1,2,22,8,0
104589,20250114,1035,186,8,1,13,5,0
104590,20250114,1019,202,4,4,79,34,0.1
104591,20250115,1019,202,3,1,79,34,0
104592,20250115,1026,146,8,1,169,71,0.15
104593,20250115,1003,51,7,1,55,22,0.1
104594,20250115,1027,74,5,1,49,21,0
104595,20250115,1024,2,6,1,45,19,0
104596,20250115,1025,54,1,4,22,8,0
104597,20250115,1033,213,1,1,15,6,0
104598,20250115,1004,215,1,1,49,18,0
104599,20250115,1022,195,3,3,21,8,0.05
104600,20250115,1020,252,5,4,199,88,0
104601,20250115,1028,141,3,4,34,14,0.2
104602,20250116,1024,178,1,1,45,19,0.1
104603,20250116,1028,120,4,1,34,14,0.05
104604,20250116,1021,289,3,3,16,6,0
104605,20250116,1012,282,2,3,29,12,0
104606,20250116,1023,182,3,1,75,31,0.05
104607,20250116,1026,214,7,1,169,71,0.15
104608,20250116,1005,127,3,2,19,7,0
104609,20250116,1024,204,3,3,45,19,0
104610,20250116,1019,119,8,4,79,34,0.2
104611,20250116,1026,137,3,1,169,71,0.05
104612,20250117,1023,14,7,1,75,31,0
104613,20250117,1011,148,5,2,69,28,0
104614,20250117,1001,271,5,2,79,29,0
104615,20250117,1034,107,8,2,24,9,0
104616,20250117,1025,113,7,4,22,8,0
104617,20250117,1025,241,5,3,22,8,0.15
104618,20250117,1007,99,7,2,27,11,0.05
104619,20250118,1023,300,5,1,75,31,0.05
104620,20250118,1029,288,5,2,99,44,0
104621,20250118,1026,134,2,1,169,71,0
104622,20250118,1032,264,4,1,18,7,0.05
104623,20250118,1015,184,4,4,55,23,0.15
104624,20250118,1024,22,6,2,45,19,0.15
104625,20250118,1013,122,5,3,14,5,0.15
104626,20250118,1002,251,5,1,24,9,0.15
104627,20250118,1027,200,6,1,49,21,0
104628,20250118,1017,206,2,2,120,52,0.2
104629,20250119,1033,218,2,2,15,6,0
104630,20250119,1025,127,5,2,22,8,0
104631,20250119,1005,226,7,1,19,7,0.15
104632,20250119,1025,35,3,2,22,8,0
104633,20250119,1008,274,6,2,8,2,0.05
104634,20250119,1026,179,6,2,169,71,0
104635,20250119,1024,143,4,2,45,19,0
104636,20250119,1014,253,1,1,39,17,0.05
104637,20250119,1028,49,5,3,34,14,0
104638,20250119,1020,19,8,1,199,88,0.1
104639,20250119,1024,63,1,1,45,19,0.15
104640,20250119,1028,249,3,3,34,14,0
104641,20250119,1027,258,6,1,49,21,0.1
104642,20250119,1020,133,8,4,199,88,0.1
104643,20250119,1024,246,4,3,45,19,0.2
104644,20250119,1027,142,8,3,49,21,0
104645,20250119,1024,125,8,3,45,19,0.15
104646,20250119,1021,182,1,2,16,6,0.1
104647,20250119,1028,166,4,2,34,14,0
104648,20250120,1026,115,1,2,169,71,0
104649,20250120,1017,31,1,4,120,52,0
104650,20250120,1019,204,8,4,79,34,0
104651,20250120,1030,225,2,2,69,29,0.2
104652,20250120,1030,167,1,2,69,29,0.1
104653,20250120,1027,235,3,3,49,21,0
104654,20250120,1027,225,1,1,49,21,0.15
104655,20250120,1020,119,2,1,199,88,0.1
104656,20250120,1027,28,5,2,49,21,0
104657,20250120,1025,23,4,4,22,8,0.05
104658,20250120,1028,164,6,1,34,14,0.2
104659,20250120,1005,242,4,1,19,7,0.05
104660,20250121,1028,147,1,2,34,14,0.2
104661,20250121,1021,59,7,2,16,6,0
104662,20250121,1018,257,7,1,32,13,0
104663,20250121,1005,171,8,4,19,7,0
104664,20250121,1015,228,7,1,55,23,0.15
104665,20250121,1019,57,6,3,79,34,0
104666,20250121,1008,188,8,1,8,2,0.1
104667,20250121,1024,137,5,1,45,19,0
104668,20250121,1006,299,7,1,9,3,0.2
104669,20250121,1002,178,2,2,24,9,0
104670,20250121,1024,229,6,3,45,19,0.2
104671,20250121,1034,89,8,1,24,9,0
104672,20250122,1032,138,7,1,18,7,0
104673,20250122,1025,221,6,1,22,8,0.1
104674,20250122,1016,134,8,1,22,9,0.15
104675,20250122,1033,271,2,4,15,6,0
104676,20250122,1029,285,5,2,99,44,0
104677,20250122,1026,128,1,2,169,71,0.2
104678,20250122,1033,111,5,1,15,6,0
104679,20250123,1028,95,2,2,34,14,0
104680,20250123,1027,39,3,1,49,21,0.2
104681,20250123,1017,178,4,1,120,52,0.1
104682,20250123,1026,137,5,1,169,71,0.15
104683,20250123,1010,133,7,1,99,41,0.1
104684,20250123,1024,62,7,2,45,19,0
104685,20250123,1026,50,4,3,169,71,0.2
104686,20250123,1023,292,7,1,75,31,0.2
104687,20250123,1026,289,6,1,169,71,0
104688,20250123,1015,283,8,4,55,23,0.2
104689,20250123,1025,112,6,4,22,8,0
104690,20250123,1024,259,1,1,45,19,0
104691,20250124,1024,73,8,3,45,19,0
104692,20250124,1025,213,3,2,22,8,0
104693,20250124,1030,276,4,1,69,29,0
104694,20250124,1031,106,6,4,52,22,0
104695,20250124,1003,69,1,4,55,22,0.2
104696,20250124,1032,289,5,4,18,7,0
104697,20250124,1024,293,5,1,45,19,0.1
104698,20250124,1024,145,4,1,45,19,0.2
104699,20250124,1005,64,7,1,19,7,0.2
104700,20250125,1028,247,3,4,34,14,0
104701,20250125,1007,283,4,4,27,11,0
104702,20250125,1033,89,7,3,15,6,0.15
104703,20250125,1035,178,4,2,13,5,0.15
104704,20250125,1019,67,3,1,79,34,0.05
104705,20250125,1017,231,3,4,120,52,0
104706,20250125,1030,25,3,1,69,29,0.1
104707,20250125,1034,145,5,1,24,9,0
104708,20250125,1026,259,5,2,169,71,0.05
104709,20250125,1036,160,8,2,11,4,0.15
104710,20250125,1031,126,3,1,52,22,0.1
104711,20250125,1034,77,6,1,24,9,0.1
104712,20250125,1020,243,5,3,199,88,0.1
104713,20250125,1027,35,7,2,49,21,0
104714,20250125,1005,89,4,2,19,7,0.1
104715,20250125,1004,250,7,1,49,18,0
104716,20250126,1025,289,8,1,22,8,0.15
104717,20250126,1009,12,1,2,159,64,0.1
104718,20250126,1027,164,2,2,49,21,0
104719,20250126,1022,22,7,4,21,8,0.15
104720,20250126,1029,8,1,2,99,44,0.1
104721,20250126,1023,81,3,2,75,31,0
104722,20250126,1026,153,4,2,169,71,0
104723,20250126,1023,170,2,1,75,31,0
104724,20250126,1017,222,8,4,120,52,0
104725,20250126,1024,109,5,2,45,19,0
104726,20250126,1031,154,8,1,52,22,0
104727,20250126,1006,94,1,2,9,3,0
104728,20250126,1027,19,8,2,49,21,0.05
104729,20250126,1026,255,5,4,169,71,0.05
104730,20250126,1031,47,8,3,52,22,0.2
104731,20250127,1024,26,4,2,45,19,0.15
104732,20250127,1024,229,7,4,45,19,0
104733,20250127,1032,287,2,3,18,7,0
104734,20250127,1025,37,3,3,22,8,0.1
104735,20250127,1025,105,7,2,22,8,0.1
104736,20250127,1016,226,6,2,22,9,0
104737,20250127,1026,20,6,1,169,71,0.05
104738,20250127,1022,9,1,4,21,8,0
104739,20250127,1026,28,6,1,169,71,0.2
104740,20250127,1033,101,8,1,15,6,0.1
104741,20250127,1024,84,6,2,45,19,0.1
104742,20250127,1035,172,6,2,13,5,0.1
104743,20250128,1025,150,3,2,22,8,0
104744,20250128,1031,112,2,2,52,22,0.05
104745,20250128,1026,216,1,1,169,71,0.15
104746,20250128,1011,275,5,2,69,28,0.05
104747,20250128,1031,35,5,1,52,22,0.05
104748,20250128,1024,44,8,2,45,19,0.15
104749,20250128,1028,81,3,4,34,14,0
104750,20250128,1024,252,1,2,45,19,0
104751,20250128,1028,76,3,3,34,14,0
104752,20250128,1027,159,8,4,49,21,0
104753,20250128,1018,233,3,2,32,13,0
104754,20250128,1034,63,6,3,24,9,0.2
104755,20250128,1031,180,1,3,52,22,0.15
104756,20250129,1007,216,8,4,27,11,0.05
104757,20250129,1017,229,7,2,120,52,0.05
104758,20250129,1025,199,6,1,22,8,0.1
104759,20250129,1029,118,4,3,99,44,0
104760,20250129,1010,88,2,4,99,41,0.1
104761,20250129,1019,148,6,4,79,34,0
104762,20250129,1011,2,5,1,69,28,0
104763,20250129,1031,289,7,1,52,22,0.05
104764,20250129,1018,210,7,2,32,13,0
104765,20250129,1036,119,7,3,11,4,0
104766,20250130,1028,270,6,2,34,14,0.1
104767,20250130,1034,178,6,1,24,9,0.1
104768,20250130,1029,275,5,1,99,44,0.1
104769,20250130,1017,200,2,3,120,52,0.05
104770,20250130,1028,246,5,2,34,14,0
104771,20250130,1031,81,2,1,52,22,0
104772,20250130,1029,42,8,4,99,44,0
104773,20250130,1022,114,3,2,21,8,0.1
104774,20250130,1021,195,6,3,16,6,0
104775,20250130,1036,35,4,1,11,4,0.1
104776,20250130,1018,241,2,1,32,13,0
104777,20250130,1009,29,7,1,159,64,0.2
104778,20250130,1022,189,8,1,21,8,0.15
104779,20250131,1036,259,3,2,11,4,0.1
104780,20250131,1028,113,4,2,34,14,0
104781,20250131,1028,292,8,1,34,14,0.05
104782,20250131,1019,72,7,1,79,34,0
104783,20250131,1025,41,6,1,22,8,0
104784,20250131,1028,105,8,1,34,14,0
104785,20250201,1036,257,5,1,11,4,0.05
104786,20250201,1024,245,3,1,45,19,0.05
104787,20250201,1028,18,8,4,34,14,0.2
104788,20250201,1027,66,2,2,49,21,0
104789,20250201,1021,15,3,1,16,6,0
104790,20250201,1008,159,2,4,8,2,0.05
104791,20250201,1031,99,1,4,52,22,0
104792,20250201,1034,134,4,1,24,9,0
104793,20250201,1028,217,8,3,34,14,0.2
104794,20250201,1011,212,1,1,69,28,0
104795,20250201,1026,289,6,1,169,71,0.2
104796,20250201,1021,227,8,3,16,6,0
104797,20250201,1001,273,2,1,79,29,0.1
104798,20250201,1034,150,6,1,24,9,0
104799,20250202,1008,224,2,2,8,2,0.1
104800,20250202,1023,172,5,1,75,31,0.15
104801,20250202,1025,171,7,3,22,8,0.05
104802,20250202,1023,260,1,3,75,31,0.1
104803,20250202,1026,72,3,1,169,71,0
104804,20250202,1020,50,8,3,199,88,0.2
104805,20250202,1027,21,1,1,49,21,0.05
104806,20250202,1017,281,1,2,120,52,0.2
104807,20250202,1027,155,1,1,49,21,0
104808,20250202,1025,258,8,2,22,8,0.05
104809,20250202,1014,257,2,3,39,17,0.2
104810,20250202,1007,280,5,1,27,11,0.15
104811,20250203,1025,187,1,2,22,8,0.05
104812,20250203,1021,190,8,1,16,6,0.2
104813,20250203,1015,56,3,4,55,23,0
104814,20250203,1029,83,6,2,99,44,0
104815,20250203,1024,259,8,1,45,19,0.05
104816,20250203,1032,89,7,1,18,7,0.2
104817,20250203,1006,45,7,4,9,3,0
104818,20250203,1022,190,3,1,21,8,0.15
104819,20250203,1028,257,3,4,34,14,0.1
104820,20250203,1027,132,2,1,49,21,0.2
104821,20250203,1009,99,8,1,159,64,0.05
104822,20250203,1032,134,5,2,18,7,0
104823,20250204,1023,198,2,1,75,31,0
104824,20250204,1036,79,2,3,11,4,0
104825,20250204,1024,181,5,3,45,19,0.05
104826,20250204,1024,189,7,4,45,19,0
104827,20250204,1035,270,3,1,13,5,0.2
104828,20250204,1031,17,3,1,52,22,0
104829,20250204,1016,125,3,2,22,9,0
104830,20250204,1027,225,5,2,49,21,0.1
104831,20250205,1019,104,7,2,79,34,0.15
104832,20250205,1032,207,7,4,18,7,0
104833,20250205,1033,3,6,3,15,6,0.2
104834,20250205,1033,204,2,1,15,6,0
104835,20250205,1031,22,4,1,52,22,0
104836,20250205,1015,50,1,1,55,23,0
104837,20250205,1001,62,4,1,79,29,0.05
104838,20250205,1005,124,8,1,19,7,0.2
104839,20250205,1024,163,2,1,45,19,0
104840,20250205,1028,195,6,1,34,14,0
104841,20250205,1004,90,3,1,49,18,0
104842,20250206,1022,75,7,3,21,8,0.2
104843,20250206,1027,40,6,1,49,21,0
104844,20250206,1034,182,3,2,24,9,0.05
104845,20250206,1028,274,4,1,34,14,0
104846,20250206,1027,84,2,3,49,21,0.05
104847,20250206,1019,101,1,4,79,34,0
104848,20250206,1030,10,4,1,69,29,0
104849,20250206,1010,201,3,1,99,41,0.15
104850,20250206,1026,146,8,2,169,71,0.1
104851,20250206,1011,61,6,1,69,28,0
104852,20250207,1012,70,8,3,29,12,0
104853,20250207,1021,128,5,1,16,6,0.05
104854,20250207,1024,206,5,2,45,19,0.05
104855,20250207,1024,244,3,2,45,19,0
104856,20250207,1034,188,1,3,24,9,0
104857,20250207,1035,256,8,1,13,5,0.15
104858,20250207,1010,186,1,4,99,41,0.15
104859,20250207,1019,192,7,1,79,34,0.15
104860,20250207,1027,208,1,1,49,21,0
104861,20250208,1025,199,5,2,22,8,0
104862,20250208,1026,49,5,1,169,71,0
104863,20250208,1010,230,2,1,99,41,0
104864,20250208,1019,172,2,4,79,34,0
104865,20250208,1024,6,1,1,45,19,0.2
104866,20250208,1022,184,3,2,21,8,0.15
104867,20250208,1024,123,6,1,45,19,0.15
104868,20250208,1002,270,7,1,24,9,0.2
104869,20250208,1002,188,8,2,24,9,0.2
104870,20250208,1029,23,6,1,99,44,0
104871,20250208,1031,254,8,1,52,22,0
104872,20250208,1023,238,2,4,75,31,0
104873,20250208,1026,245,2,2,169,71,0
104874,20250208,1008,60,3,1,8,2,0.1
104875,20250208,1033,214,8,1,15,6,0
104876,20250208,1014,39,8,2,39,17,0
104877,20250208,1017,210,7,4,120,52,0
104878,20250208,1021,278,6,4,16,6,0.1
104879,20250208,1001,47,8,1,79,29,0
104880,20250208,1025,54,3,2,22,8,0
104881,20250208,1029,268,2,1,99,44,0
104882,20250208,1030,241,7,4,69,29,0.2
104883,20250208,1028,163,5,1,34,14,0.05
104884,20250209,1005,89,5,4,19,7,0
104885,20250209,1031,224,3,1,52,22,0
104886,20250209,1034,218,5,1,24,9,0.15
104887,20250209,1033,179,2,1,15,6,0.05
104888,20250209,1028,254,5,1,34,14,0.15
104889,20250209,1028,51,7,1,34,14,0.2
104890,20250209,1021,148,2,1,16,6,0
104891,20250209,1035,232,7,3,13,5,0.1
104892,20250209,1004,8,5,3,49,18,0.05
104893,20250209,1032,115,6,2,18,7,0
104894,20250209,1031,49,7,3,52,22,0
104895,20250209,1024,248,6,1,45,19,0.15
104896,20250210,1026,10,6,2,169,71,0
104897,20250210,1023,79,2,1,75,31,0.2
104898,20250210,1034,259,1,3,24,9,0
104899,20250210,1007,196,3,1,27,11,0
104900,20250210,1032,262,1,4,18,7,0.05
104901,20250210,1026,77,2,1,169,71,0.15
104902,20250210,1036,124,2,3,11,4,0
104903,20250210,1032,110,6,1,18,7,0.15
104904,20250210,1028,60,5,1,34,14,0
104905,20250210,1006,254,4,3,9,3,0
104906,20250210,1010,251,5,2,99,41,0
104907,20250210,1012,134,2,2,29,12,0.2
104908,20250210,1024,148,3,2,45,19,0.05
104909,20250210,1022,291,3,4,21,8,0
104910,20250210,1022,2,6,4,21,8,0.1
104911,20250210,1023,254,4,3,75,31,0.05
104912,20250211,1026,236,6,3,169,71,0
104913,20250211,1030,217,2,2,69,29,0.1
104914,20250211,1006,38,4,1,9,3,0.1
104915,20250211,1014,191,1,1,39,17,0
104916,20250211,1007,93,4,1,27,11,0.1
104917,20250211,1036,243,1,1,11,4,0.15
104918,20250211,1020,246,1,3,199,88,0
104919,20250211,1034,58,7,2,24,9,0
104920,20250211,1036,4,4,1,11,4,0
104921,20250211,1029,230,5,1,99,44,0
104922,20250212,1029,87,5,1,99,44,0
104923,20250212,1024,8,1,1,45,19,0.15
104924,20250212,1023,105,5,4,75,31,0.05
104925,20250212,1021,274,5,4,16,6,0.1
104926,20250212,1032,175,8,4,18,7,0.15
104927,20250212,1023,151,2,1,75,31,0
104928,20250212,1027,206,4,2,49,21,0.1
104929,20250212,1015,221,2,2,55,23,0.2
104930,20250212,1022,251,4,1,21,8,0.05
104931,20250212,1014,71,1,1,39,17,0.05
104932,20250213,1001,24,8,4,79,29,0.05
104933,20250213,1026,153,3,1,169,71,0.2
104934,20250213,1020,76,6,1,199,88,0
104935,20250213,1021,69,1,1,16,6,0
104936,20250213,1008,18,6,3,8,2,0.2
104937,20250213,1021,213,5,4,16,6,0
104938,20250213,1018,276,2,1,32,13,0.1
104939,20250213,1029,162,5,4,99,44,0
104940,20250213,1021,289,3,3,16,6,0
104941,20250213,1004,162,4,1,49,18,0
104942,20250213,1002,41,5,4,24,9,0.15
104943,20250213,1035,37,5,2,13,5,0
104944,20250213,1023,7,1,1,75,31,0.2
104945,20250214,1025,275,8,1,22,8,0.1
104946,20250214,1023,283,3,1,75,31,0
104947,20250214,1019,31,2,1,79,34,0
104948,20250214,1006,55,7,2,9,3,0
104949,20250214,1023,61,6,2,75,31,0
104950,20250214,1020,37,8,1,199,88,0
104951,20250214,1017,248,7,2,120,52,0
104952,20250214,1026,193,2,1,169,71,0
104953,20250214,1027,215,5,4,49,21,0
104954,20250214,1024,93,5,2,45,19,0.05
104955,20250214,1020,261,2,2,199,88,0
104956,20250215,1020,197,6,1,199,88,0.1
104957,20250215,1035,297,3,1,13,5,0.2
104958,20250215,1033,125,8,1,15,6,0.2
104959,20250215,1026,131,8,2,169,71,0
104960,20250215,1023,63,7,1,75,31,0.05
104961,20250215,1029,218,7,2,99,44,0
104962,20250215,1017,108,2,2,120,52,0.1
104963,20250215,1029,8,6,2,99,44,0.15
104964,20250215,1027,14,6,2,49,21,0.05
104965,20250215,1028,213,8,1,34,14,0.2
104966,20250215,1008,240,1,1,8,2,0
104967,20250216,1019,276,6,1,79,34,0.1
104968,20250216,1036,243,7,1,11,4,0
104969,20250216,1027,95,1,3,49,21,0.1
104970,20250216,1022,111,1,2,21,8,0
104971,20250216,1029,271,3,4,99,44,0
104972,20250216,1031,285,8,1,52,22,0.05
104973,20250216,1028,217,1,1,34,14,0
104974,20250216,1028,147,4,1,34,14,0.05
104975,20250216,1024,204,2,4,45,19,0.05
104976,20250216,1028,240,5,2,34,14,0.15
104977,20250216,1025,12,8,2,22,8,0.05
104978,20250216,1010,269,2,2,99,41,0
104979,20250216,1002,119,3,4,24,9,0
104980,20250216,1028,143,5,3,34,14,0.15
104981,20250217,1008,154,7,2,8,2,0.05
104982,20250217,1017,80,8,1,120,52,0
104983,20250217,1007,50,2,4,27,11,0.05
104984,20250217,1010,31,6,1,99,41,0
104985,20250217,1028,149,4,1,34,14,0
104986,20250217,1031,147,3,4,52,22,0.1
104987,20250217,1034,246,4,1,24,9,0
104988,20250217,1021,92,8,1,16,6,0.15
104989,20250217,1026,181,4,1,169,71,0.15
104990,20250217,1033,286,8,2,15,6,0
104991,20250218,1028,255,7,2,34,14,0
104992,20250218,1006,85,7,1,9,3,0
104993,20250218,1025,163,8,3,22,8,0
104994,20250218,1015,147,1,2,55,23,0
104995,20250218,1017,53,2,4,120,52,0
104996,20250218,1018,93,7,2,32,13,0
104997,20250218,1024,203,4,4,45,19,0
104998,20250218,1023,108,2,1,75,31,0
104999,20250218,1006,155,6,1,9,3,0
105000,20250218,1026,113,8,1,169,71,0.2
105001,20250218,1030,231,6,1,69,29,0.2
105002,20250218,1001,228,4,1,79,29,0.2
105003,20250218,1030,23,2,3,69,29,0
105004,20250218,1001,88,7,4,79,29,0
105005,20250218,1011,81,3,3,69,28,0.05
105006,20250218,1017,269,7,1,120,52,0
105007,20250219,1022,207,1,2,21,8,0
105008,20250219,1018,142,8,2,32,13,0
105009,20250219,1006,17,5,2,9,3,0.15
105010,20250219,1022,36,2,4,21,8,0.1
105011,20250219,1027,98,5,4,49,21,0
105012,20250219,1028,258,6,3,34,14,0
105013,20250219,1025,140,3,2,22,8,0
105014,20250219,1025,257,7,1,22,8,0.1
105015,20250219,1032,266,3,1,18,7,0
105016,20250219,1022,206,8,2,21,8,0.05
105017,20250219,1036,135,5,4,11,4,0.2
105018,20250219,1019,71,5,1,79,34,0.2
105019,20250220,1008,91,7,2,8,2,0.1
105020,20250220,1033,23,5,2,15,6,0.2
105021,20250220,1027,77,1,2,49,21,0
105022,20250220,1035,274,2,2,13,5,0
105023,20250220,1017,116,8,1,120,52,0
105024,20250220,1026,129,2,1,169,71,0
105025,20250220,1021,42,8,3,16,6,0
105026,20250220,1023,4,1,1,75,31,0.1
105027,20250220,1036,186,8,2,11,4,0.2
105028,20250220,1028,247,1,2,34,14,0.2
105029,20250220,1028,82,3,1,34,14,0
105030,20250221,1008,78,2,1,8,2,0.1
105031,20250221,1024,249,4,4,45,19,0.1
105032,20250221,1007,300,5,3,27,11,0
105033,20250221,1026,277,1,3,169,71,0.2
105034,20250221,1006,208,3,3,9,3,0
105035,20250221,1027,20,3,1,49,21,0.05
105036,20250221,1023,207,3,2,75,31,0.15
105037,20250221,1026,191,6,2,169,71,0
105038,20250221,1026,212,3,1,169,71,0
105039,20250221,1023,99,7,1,75,31,0.15
105040,20250221,1004,193,8,1,49,18,0.2
105041,20250222,1018,11,7,3,32,13,0.2
105042,20250222,1018,238,4,2,32,13,0.15
105043,20250222,1036,103,5,1,11,4,0.15
105044,20250222,1028,124,4,2,34,14,0.05
105045,20250222,1018,213,1,1,32,13,0.15
105046,20250222,1025,241,6,4,22,8,0.1
105047,20250222,1001,27,6,2,79,29,0.05
105048,20250222,1004,272,1,1,49,18,0
105049,20250222,1028,25,6,1,34,14,0
105050,20250222,1022,1,5,1,21,8,0.05
105051,20250222,1033,84,6,1,15,6,0
105052,20250222,1021,275,6,1,16,6,0.1
105053,20250222,1008,48,8,1,8,2,0
105054,20250222,1036,177,1,2,11,4,0.2
105055,20250222,1024,62,5,4,45,19,0.05
105056,20250222,1023,12,1,3,75,31,0
105057,20250222,1032,192,2,4,18,7,0.2
105058,20250223,1022,111,3,2,21,8,0.15
105059,20250223,1031,196,5,2,52,22,0.15
105060,20250223,1029,22,3,2,99,44,0.05
105061,20250223,1024,27,6,1,45,19,0
105062,20250223,1027,77,5,3,49,21,0
105063,20250223,1008,45,3,1,8,2,0.15
105064,20250223,1028,153,4,1,34,14,0
105065,20250223,1028,157,6,2,34,14,0
105066,20250223,1018,189,1,1,32,13,0.15
105067,20250223,1025,56,8,3,22,8,0.2
105068,20250223,1027,24,3,1,49,21,0.1
105069,20250223,1013,124,4,1,14,5,0.15
105070,20250223,1034,292,7,3,24,9,0
105071,20250223,1021,254,1,3,16,6,0.1
105072,20250223,1017,280,7,3,120,52,0
105073,20250223,1025,256,3,1,22,8,0
105074,20250223,1025,260,7,1,22,8,0
105075,20250223,1028,249,4,2,34,14,0
105076,20250223,1034,76,4,2,24,9,0.05
105077,20250223,1002,87,5,3,24,9,0.05
105078,20250223,1030,51,7,2,69,29,0
105079,20250223,1009,212,4,2,159,64,0.1
105080,20250223,1026,259,2,4,169,71,0.1
105081,20250223,1028,194,7,2,34,14,0
105082,20250223,1034,25,5,4,24,9,0
105083,20250224,1009,234,8,1,159,64,0.1
105084,20250224,1001,109,5,1,79,29,0
105085,20250224,1017,294,1,2,120,52,0
105086,20250224,1035,163,7,1,13,5,0.2
105087,20250224,1012,16,7,1,29,12,0.2
105088,20250224,1028,296,8,1,34,14,0
105089,20250224,1020,285,1,1,199,88,0
105090,20250225,1002,164,8,4,24,9,0
105091,20250225,1007,40,5,3,27,11,0
105092,20250225,1022,142,5,1,21,8,0
105093,20250225,1016,82,8,1,22,9,0.2
105094,20250225,1031,8,8,1,52,22,0.05
105095,20250225,1034,7,2,4,24,9,0
105096,20250225,1022,72,2,1,21,8,0.2
105097,20250225,1032,65,6,1,18,7,0
105098,20250225,1020,206,8,1,199,88,0.15
105099,20250225,1011,139,1,3,69,28,0
105100,20250225,1028,134,2,1,34,14,0.2
105101,20250225,1035,104,7,4,13,5,0.05
105102,20250225,1009,257,7,2,159,64,0
105103,20250226,1004,284,1,1,49,18,0
105104,20250226,1031,17,1,1,52,22,0.1
105105,20250226,1005,200,1,1,19,7,0.15
105106,20250226,1028,43,1,2,34,14,0
105107,20250226,1028,166,5,3,34,14,0.05
105108,20250226,1016,138,7,1,22,9,0.2
105109,20250226,1021,282,8,2,16,6,0
105110,20250226,1013,56,7,3,14,5,0
105111,20250226,1026,55,1,3,169,71,0
105112,20250226,1029,34,2,2,99,44,0.1
105113,20250226,1032,76,6,2,18,7,0
105114,20250226,1027,216,5,1,49,21,0
105115,20250227,1027,183,1,4,49,21,0.1
105116,20250227,1017,261,6,4,120,52,0
105117,20250227,1023,282,8,3,75,31,0.2
105118,20250227,1022,163,3,2,21,8,0.05
105119,20250227,1004,166,3,1,49,18,0
105120,20250227,1032,148,4,1,18,7,0.1
105121,20250227,1020,256,5,2,199,88,0
105122,20250227,1004,233,3,3,49,18,0
105123,20250227,1026,262,4,4,169,71,0
105124,20250228,1005,150,5,2,19,7,0
105125,20250228,1016,66,3,2,22,9,0
105126,20250228,1028,26,3,1,34,14,0.05
105127,20250228,1005,294,2,2,19,7,0
105128,20250228,1024,118,5,3,45,19,0.1
105129,20250228,1017,14,1,3,120,52,0
105130,20250228,1014,150,4,3,39,17,0.05
105131,20250301,1008,37,3,1,8,2,0.1
105132,20250301,1026,262,2,1,169,71,0.2
105133,20250301,1021,259,4,3,16,6,0.2
105134,20250301,1030,228,1,1,69,29,0.15
105135,20250301,1014,104,3,1,39,17,0.2
105136,20250301,1028,254,1,1,34,14,0.2
105137,20250301,1003,124,8,2,55,22,0.15
105138,20250301,1034,98,7,2,24,9,0
105139,20250301,1020,280,4,1,199,88,0.15
105140,20250301,1002,162,6,3,24,9,0
105141,20250301,1019,253,2,3,79,34,0.15
105142,20250301,1015,229,4,1,55,23,0.2
105143,20250301,1032,217,2,1,18,7,0
105144,20250301,1030,11,1,2,69,29,0
105145,20250301,1003,289,6,2,55,22,0
105146,20250301,1030,65,6,1,69,29,0
105147,20250302,1027,111,8,2,49,21,0
105148,20250302,1014,86,8,2,39,17,0.1
105149,20250302,1031,179,3,1,52,22,0.1
105150,20250302,1002,50,5,2,24,9,0
105151,20250302,1020,59,7,2,199,88,0.15
105152,20250302,1018,197,3,2,32,13,0.2
105153,20250302,1036,73,8,4,11,4,0.2
105154,20250302,1027,165,2,1,49,21,0
105155,20250302,1035,16,4,1,13,5,0.2
105156,20250302,1028,297,2,4,34,14,0
105157,20250302,1018,40,7,3,32,13,0
105158,20250302,1016,95,7,1,22,9,0
105159,20250302,1024,190,7,1,45,19,0
105160,20250302,1026,72,8,2,169,71,0
105161,20250303,1022,78,4,2,21,8,0.05
105162,20250303,1016,219,3,3,22,9,0.2
105163,20250303,1008,215,2,2,8,2,0
105164,20250303,1022,7,6,3,21,8,0
105165,20250303,1019,271,2,2,79,34,0.2
105166,20250303,1027,194,2,1,49,21,0.2
105167,20250303,1031,63,7,3,52,22,0
105168,20250303,1004,170,1,3,49,18,0
105169,20250303,1018,241,8,2,32,13,0.15
105170,20250303,1019,199,1,1,79,34,0.2
105171,20250303,1036,77,3,2,11,4,0.15
105172,20250303,1033,278,5,2,15,6,0.15
105173,20250303,1031,259,3,2,52,22,0.05
105174,20250303,1030,201,7,1,69,29,0.05
105175,20250303,1015,226,2,3,55,23,0
105176,20250303,1021,182,1,3,16,6,0.05
105177,20250304,1025,142,1,3,22,8,0.2
105178,20250304,1035,208,5,2,13,5,0.2
105179,20250304,1029,143,3,3,99,44,0
105180,20250304,1005,124,7,2,19,7,0
105181,20250304,1002,156,7,4,24,9,0.05
105182,20250304,1020,280,2,1,199,88,0.15
105183,20250304,1022,80,8,3,21,8,0.05
105184,20250304,1034,42,7,4,24,9,0
105185,20250304,1025,78,5,2,22,8,0
105186,20250305,1031,266,6,4,52,22,0
105187,20250305,1036,246,8,4,11,4,0
105188,20250305,1012,102,2,1,29,12,0
105189,20250305,1024,48,8,3,45,19,0.15
105190,20250305,1028,156,8,1,34,14,0
105191,20250305,1027,178,4,4,49,21,0.05
105192,20250305,1003,207,4,1,55,22,0.15
105193,20250305,1014,75,8,2,39,17,0
105194,20250305,1031,85,7,1,52,22,0
105195,20250305,1033,190,5,2,15,6,0.1
105196,20250305,1017,3,2,1,120,52,0
105197,20250305,1008,142,2,4,8,2,0
105198,20250305,1007,189,4,2,27,11,0.2
105199,20250305,1001,61,8,1,79,29,0
105200,20250305,1021,143,4,4,16,6,0
105201,20250306,1028,252,4,2,34,14,0.05
105202,20250306,1001,167,1,1,79,29,0.1
105203,20250306,1019,266,7,4,79,34,0.05
105204,20250306,1012,93,4,1,29,12,0
105205,20250306,1029,185,8,1,99,44,0.15
105206,20250306,1034,70,7,1,24,9,0
105207,20250306,1030,102,3,1,69,29,0
105208,20250306,1029,279,7,1,99,44,0
105209,20250306,1006,276,8,2,9,3,0.05
105210,20250307,1001,171,4,4,79,29,0.1
105211,20250307,1033,39,3,4,15,6,0.05
105212,20250307,1022,250,7,3,21,8,0.15
105213,20250307,1022,80,3,2,21,8,0.2
105214,20250307,1010,144,7,4,99,41,0.1
105215,20250307,1025,287,7,2,22,8,0
105216,20250307,1028,135,6,3,34,14,0
105217,20250307,1005,103,3,1,19,7,0.15
105218,20250307,1010,194,1,1,99,41,0.05
105219,20250307,1032,55,1,2,18,7,0.15
105220,20250307,1024,213,3,1,45,19,0.2
105221,20250307,1021,154,2,2,16,6,0
105222,20250307,1009,299,1,1,159,64,0.05
105223,20250308,1034,51,5,4,24,9,0
105224,20250308,1002,260,6,4,24,9,0.05
105225,20250308,1019,250,3,3,79,34,0
105226,20250308,1027,38,2,2,49,21,0.2
105227,20250308,1033,153,4,1,15,6,0.05
105228,20250308,1032,134,3,3,18,7,0.05
105229,20250308,1003,143,8,2,55,22,0.1
105230,20250308,1015,226,5,1,55,23,0
105231,20250308,1025,55,3,1,22,8,0.1
105232,20250308,1005,9,5,1,19,7,0.15
105233,20250308,1021,273,6,2,16,6,0.15
105234,20250308,1011,60,7,1,69,28,0.15
105235,20250308,1023,46,2,2,75,31,0.2
105236,20250308,1015,36,8,1,55,23,0.2
105237,20250308,1005,100,1,4,19,7,0
105238,20250308,1005,16,2,2,19,7,0
105239,20250308,1020,199,7,4,199,88,0.15
105240,20250309,1032,145,6,2,18,7,0
105241,20250309,1036,180,4,3,11,4,0.2
105242,20250309,1024,216,3,4,45,19,0.1
105243,20250309,1003,62,8,3,55,22,0
105244,20250309,1016,174,2,4,22,9,0.1
105245,20250309,1014,227,4,1,39,17,0.05
105246,20250309,1010,104,6,1,99,41,0
105247,20250309,1027,114,7,1,49,21,0.05
105248,20250309,1024,164,1,1,45,19,0.05
105249,20250309,1001,73,7,2,79,29,0
105250,20250309,1032,266,4,1,18,7,0
105251,20250309,1008,10,4,1,8,2,0.2
105252,20250309,1024,149,7,2,45,19,0.1
105253,20250309,1004,11,3,1,49,18,0.1
105254,20250309,1014,54,1,1,39,17,0.2
105255,20250309,1023,297,3,4,75,31,0
105256,20250310,1002,82,3,1,24,9,0
105257,20250310,1028,286,8,2,34,14,0.1
105258,20250310,1011,285,8,4,69,28,0
105259,20250310,1022,46,5,2,21,8,0.15
105260,20250310,1031,152,6,4,52,22,0.2
105261,20250310,1014,182,1,1,39,17,0.05
105262,20250310,1004,219,6,2,49,18,0
105263,20250310,1020,131,3,4,199,88,0
105264,20250310,1017,13,3,2,120,52,0
105265,20250310,1017,221,5,2,120,52,0
105266,20250310,1029,226,5,3,99,44,0
105267,20250311,1008,89,6,3,8,2,0
105268,20250311,1011,42,4,4,69,28,0
105269,20250311,1029,295,6,4,99,44,0.05
105270,20250311,1032,127,8,2,18,7,0
105271,20250311,1003,284,2,2,55,22,0.05
105272,20250311,1029,208,2,1,99,44,0.15
105273,20250311,1035,182,7,2,13,5,0.1
105274,20250311,1007,196,5,1,27,11,0.15
105275,20250311,1025,246,7,1,22,8,0.2
105276,20250311,1017,170,1,3,120,52,0
105277,20250311,1036,40,5,1,11,4,0.1
105278,20250311,1010,297,3,4,99,41,0.2
105279,20250311,1033,172,2,1,15,6,0.05
105280,20250311,1017,171,3,2,120,52,0
105281,20250311,1001,278,7,4,79,29,0.1
105282,20250311,1034,106,1,1,24,9,0.05
105283,20250311,1022,8,4,4,21,8,0
105284,20250312,1034,244,8,1,24,9,0
105285,20250312,1022,235,1,2,21,8,0
105286,20250312,1020,224,2,2,199,88,0
105287,20250312,1020,107,5,2,199,88,0
105288,20250312,1016,191,7,2,22,9,0.1
105289,20250312,1032,84,7,1,18,7,0.2
105290,20250312,1015,136,4,2,55,23,0
105291,20250312,1003,56,5,1,55,22,0
105292,20250312,1020,119,3,4,199,88,0
105293,20250312,1033,221,1,3,15,6,0.05
105294,20250313,1029,274,1,2,99,44,0
105295,20250313,1005,99,5,1,19,7,0.2
105296,20250313,1005,62,7,4,19,7,0
105297,20250313,1036,147,8,1,11,4,0
105298,20250313,1011,247,4,1,69,28,0
105299,20250313,1023,179,7,1,75,31,0.2
105300,20250313,1020,51,7,4,199,88,0
105301,20250313,1002,138,4,4,24,9,0.05
105302,20250313,1036,188,8,1,11,4,0.05
105303,20250313,1007,272,1,4,27,11,0
105304,20250314,1030,280,8,2,69,29,0
105305,20250314,1006,44,4,1,9,3,0
105306,20250314,1001,269,4,1,79,29,0
105307,20250314,1018,251,7,2,32,13,0
105308,20250314,1017,209,2,3,120,52,0
105309,20250314,1036,107,3,1,11,4,0
105310,20250314,1035,204,8,4,13,5,0
105311,20250314,1005,160,2,2,19,7,0
105312,20250315,1030,8,8,1,69,29,0
105313,20250315,1017,16,4,1,120,52,0
105314,20250315,1006,262,4,2,9,3,0
105315,20250315,1035,30,3,2,13,5,0
105316,20250315,1034,163,4,1,24,9,0
105317,20250315,1010,225,3,4,99,41,0
105318,20250315,1027,82,4,2,49,21,0
105319,20250315,1025,144,7,1,22,8,0.1
105320,20250315,1032,40,3,1,18,7,0.1
105321,20250315,1001,82,1,2,79,29,0.2
105322,20250315,1036,229,5,1,11,4,0
105323,20250315,1033,279,7,1,15,6,0.15
105324,20250315,1005,232,8,1,19,7,0.15
105325,20250315,1027,170,2,1,49,21,0.15
105326,20250315,1004,212,5,3,49,18,0
105327,20250315,1027,244,6,2,49,21,0.1
105328,20250315,1033,247,8,1,15,6,0
105329,20250315,1034,174,4,1,24,9,0.05
105330,20250315,1027,263,4,4,49,21,0.2
105331,20250315,1029,86,4,2,99,44,0.05
105332,20250315,1025,3,3,1,22,8,0
105333,20250316,1010,171,2,2,99,41,0.05
105334,20250316,1019,16,5,3,79,34,0.05
105335,20250316,1021,53,8,1,16,6,0.05
105336,20250316,1033,121,3,3,15,6,0.1
105337,20250316,1020,149,3,2,199,88,0.15
105338,20250316,1026,155,7,1,169,71,0
105339,20250316,1036,254,1,1,11,4,0.2
105340,20250316,1022,162,8,4,21,8,0
105341,20250316,1019,15,7,2,79,34,0
105342,20250316,1029,151,5,1,99,44,0.1
105343,20250316,1024,262,2,2,45,19,0.05
105344,20250316,1019,199,8,3,79,34,0.2
105345,20250317,1022,202,1,3,21,8,0
105346,20250317,1025,214,1,1,22,8,0.2
105347,20250317,1024,159,7,4,45,19,0.05
105348,20250317,1026,60,8,1,169,71,0.1
105349,20250317,1021,11,4,1,16,6,0
105350,20250317,1020,200,2,1,199,88,0
105351,20250317,1019,84,2,4,79,34,0
105352,20250317,1013,226,1,3,14,5,0
105353,20250317,1003,286,8,1,55,22,0
105354,20250317,1004,229,4,1,49,18,0
105355,20250317,1024,121,7,3,45,19,0
105356,20250317,1032,185,4,4,18,7,0.2
105357,20250317,1009,240,2,2,159,64,0
105358,20250317,1027,61,3,1,49,21,0
105359,20250317,1020,276,5,2,199,88,0.2
105360,20250317,1020,194,8,4,199,88,0.05
105361,20250317,1026,199,7,4,169,71,0
105362,20250317,1032,260,7,2,18,7,0
105363,20250318,1031,153,2,1,52,22,0.2
105364,20250318,1021,147,1,3,16,6,0.2
105365,20250318,1017,71,6,1,120,52,0
105366,20250318,1020,211,2,3,199,88,0
105367,20250318,1017,142,1,2,120,52,0.05
105368,20250318,1030,64,5,1,69,29,0.05
105369,20250318,1002,59,1,1,24,9,0.2
105370,20250318,1024,241,6,2,45,19,0
105371,20250318,1002,111,3,2,24,9,0.1
105372,20250318,1021,245,5,4,16,6,0.15
105373,20250318,1005,226,7,1,19,7,0
105374,20250318,1005,288,7,1,19,7,0
105375,20250319,1008,210,3,4,8,2,0
105376,20250319,1034,204,6,1,24,9,0
105377,20250319,1018,116,7,2,32,13,0.15
105378,20250319,1020,132,6,4,199,88,0
105379,20250319,1019,88,1,1,79,34,0
105380,20250319,1023,182,7,1,75,31,0
105381,20250319,1034,41,3,1,24,9,0
105382,20250319,1014,154,1,3,39,17,0
105383,20250319,1030,75,8,2,69,29,0.1
105384,20250319,1028,90,8,4,34,14,0
105385,20250320,1015,160,3,1,55,23,0.2
105386,20250320,1002,230,7,1,24,9,0.15
105387,20250320,1025,90,6,4,22,8,0.1
105388,20250320,1019,33,8,1,79,34,0.05
105389,20250320,1027,220,6,1,49,21,0
105390,20250320,1024,32,4,3,45,19,0
105391,20250320,1035,89,7,4,13,5,0
105392,20250320,1017,263,3,1,120,52,0.15
105393,20250320,1014,93,6,3,39,17,0
105394,20250320,1028,217,1,4,34,14,0.1
105395,20250320,1033,260,5,3,15,6,0.15
105396,20250320,1005,238,5,3,19,7,0.15
105397,20250320,1006,275,3,3,9,3,0
105398,20250320,1017,138,7,1,120,52,0.2
105399,20250321,1023,221,2,1,75,31,0.05
105400,20250321,1030,1,4,2,69,29,0
105401,20250321,1008,129,5,1,8,2,0
105402,20250321,1021,85,4,1,16,6,0.05
105403,20250321,1036,97,1,1,11,4,0.15
105404,20250321,1003,108,3,1,55,22,0.1
105405,20250321,1010,189,6,1,99,41,0
105406,20250321,1033,177,8,2,15,6,0
105407,20250322,1014,277,6,2,39,17,0
105408,20250322,1022,125,8,3,21,8,0.15
105409,20250322,1034,288,7,2,24,9,0
105410,20250322,1034,10,8,3,24,9,0.1
105411,20250322,1019,194,8,1,79,34,0.1
105412,20250322,1033,28,1,2,15,6,0.15
105413,20250322,1009,65,1,1,159,64,0.2
105414,20250322,1017,237,5,4,120,52,0.2
105415,20250322,1035,86,1,4,13,5,0
105416,20250322,1010,138,1,3,99,41,0.15
105417,20250322,1031,278,1,1,52,22,0
105418,20250322,1008,204,8,1,8,2,0
105419,20250322,1028,213,7,2,34,14,0.2
105420,20250322,1018,294,4,4,32,13,0
105421,20250322,1023,13,4,1,75,31,0
105422,20250322,1013,41,4,1,14,5,0.1
105423,20250323,1012,24,1,1,29,12,0.05
105424,20250323,1032,194,5,3,18,7,0
105425,20250323,1036,121,2,3,11,4,0
105426,20250323,1026,154,7,1,169,71,0.15
105427,20250323,1031,32,7,1,52,22,0.15
105428,20250323,1011,31,8,1,69,28,0
105429,20250323,1002,273,1,1,24,9,0.05
105430,20250323,1030,239,7,1,69,29,0
105431,20250323,1022,231,1,1,21,8,0.15
105432,20250323,1026,3,5,1,169,71,0
105433,20250323,1013,279,3,1,14,5,0
105434,20250323,1003,240,6,1,55,22,0.2
105435,20250324,1022,104,1,2,21,8,0.15
105436,20250324,1023,90,7,1,75,31,0.15
105437,20250324,1017,7,7,4,120,52,0.15
105438,20250324,1006,155,5,3,9,3,0.05
105439,20250324,1015,238,8,4,55,23,0.1
105440,20250324,1009,208,2,1,159,64,0
105441,20250324,1024,248,4,1,45,19,0.2
105442,20250324,1029,203,7,1,99,44,0.15
105443,20250325,1018,149,8,3,32,13,0
105444,20250325,1016,282,6,2,22,9,0
105445,20250325,1022,276,8,2,21,8,0.2
105446,20250325,1024,115,3,2,45,19,0
105447,20250325,1002,181,1,2,24,9,0
105448,20250325,1005,195,4,4,19,7,0
105449,20250325,1010,252,3,2,99,41,0
105450,20250325,1027,177,4,1,49,21,0.1
105451,20250325,1006,297,1,4,9,3,0.2
105452,20250325,1028,165,7,3,34,14,0.05
105453,20250325,1026,14,1,3,169,71,0.2
105454,20250325,1034,291,4,4,24,9,0
105455,20250325,1027,268,8,2,49,21,0
105456,20250325,1016,134,2,1,22,9,0.2
105457,20250326,1010,124,1,2,99,41,0.1
105458,20250326,1027,103,3,1,49,21,0.05
105459,20250326,1026,13,3,3,169,71,0.05
105460,20250326,1022,21,5,2,21,8,0.05
105461,20250326,1023,225,8,3,75,31,0
105462,20250326,1014,267,2,4,39,17,0
105463,20250326,1015,227,5,1,55,23,0
105464,20250326,1030,67,5,3,69,29,0.15
105465,20250326,1026,212,3,1,169,71,0.15
105466,20250326,1005,191,3,1,19,7,0
105467,20250326,1036,168,1,1,11,4,0
105468,20250326,1002,171,1,4,24,9,0
105469,20250326,1032,153,2,1,18,7,0
105470,20250326,1016,275,4,2,22,9,0
105471,20250326,1013,66,5,1,14,5,0
105472,20250326,1024,278,2,3,45,19,0.15
105473,20250327,1016,181,5,2,22,9,0.1
105474,20250327,1027,297,2,1,49,21,0
105475,20250327,1021,5,2,1,16,6,0.2
105476,20250327,1005,54,6,2,19,7,0
105477,20250327,1022,50,8,3,21,8,0
105478,20250327,1019,8,1,2,79,34,0.2
105479,20250327,1013,276,3,3,14,5,0.2
105480,20250328,1025,290,4,3,22,8,0
105481,20250328,1030,164,8,1,69,29,0.15
105482,20250328,1011,92,7,4,69,28,0
105483,20250328,1036,62,1,2,11,4,0
105484,20250328,1001,79,7,4,79,29,0
105485,20250328,1010,233,2,3,99,41,0
105486,20250328,1035,88,3,3,13,5,0.05
105487,20250328,1030,188,5,2,69,29,0
105488,20250328,1005,297,1,4,19,7,0
105489,20250328,1029,233,3,3,99,44,0.2
105490,20250328,1027,157,3,2,49,21,0.15
105491,20250328,1025,277,8,2,22,8,0.2
105492,20250329,1018,73,4,1,32,13,0
105493,20250329,1016,234,3,3,22,9,0.05
105494,20250329,1017,50,7,1,120,52,0.05
105495,20250329,1002,188,4,4,24,9,0.05
105496,20250329,1006,30,5,2,9,3,0.1
105497,20250329,1005,81,1,2,19,7,0.1
105498,20250329,1007,42,2,3,27,11,0.2
105499,20250329,1008,265,5,1,8,2,0
105500,20250329,1018,90,7,1,32,13,0
105501,20250329,1002,255,5,3,24,9,0
105502,20250329,1021,66,6,2,16,6,0.1
105503,20250329,1027,218,1,2,49,21,0.05
105504,20250329,1001,66,4,2,79,29,0.05
105505,20250329,1019,248,1,4,79,34,0
105506,20250329,1001,21,7,4,79,29,0
105507,20250330,1009,185,8,1,159,64,0
105508,20250330,1019,125,1,2,79,34,0
105509,20250330,1035,16,2,2,13,5,0.1
105510,20250330,1004,137,8,2,49,18,0
105511,20250330,1020,136,3,2,199,88,0.05
105512,20250330,1011,245,6,1,69,28,0.15
105513,20250330,1030,285,3,4,69,29,0.15
105514,20250330,1025,178,3,2,22,8,0.1
105515,20250330,1022,277,6,2,21,8,0.2
105516,20250330,1033,262,8,1,15,6,0
105517,20250330,1008,181,5,1,8,2,0
105518,20250330,1016,300,5,2,22,9,0
105519,20250330,1033,61,5,2,15,6,0
105520,20250330,1024,101,8,2,45,19,0
105521,20250330,1003,34,2,4,55,22,0.1
105522,20250330,1023,269,2,1,75,31,0
105523,20250330,1013,40,8,4,14,5,0
105524,20250330,1006,194,8,4,9,3,0.1
105525,20250330,1030,136,1,3,69,29,0
105526,20250330,1034,133,4,1,24,9,0
105527,20250330,1027,106,5,1,49,21,0
105528,20250330,1031,109,7,4,52,22,0.05
105529,20250330,1006,270,8,3,9,3,0.1
105530,20250330,1030,29,5,4,69,29,0
105531,20250331,1013,84,2,2,14,5,0.1
105532,20250331,1002,32,3,2,24,9,0
105533,20250331,1024,294,6,4,45,19,0
105534,20250331,1024,213,2,3,45,19,0.1
105535,20250331,1015,108,2,2,55,23,0
105536,20250331,1016,121,5,4,22,9,0
105537,20250331,1021,190,1,1,16,6,0
105538,20250331,1012,53,7,1,29,12,0
105539,20250331,1030,145,3,1,69,29,0
105540,20250331,1013,52,8,2,14,5,0
105541,20250401,1005,249,7,1,19,7,0.15
105542,20250401,1018,93,7,1,32,13,0
105543,20250401,1014,207,3,1,39,17,0
105544,20250401,1032,185,2,1,18,7,0
105545,20250401,1018,180,2,4,32,13,0
105546,20250401,1031,260,6,1,52,22,0
105547,20250401,1003,275,6,3,55,22,0.1
105548,20250401,1011,126,6,2,69,28,0.15
105549,20250401,1019,19,6,1,79,34,0
105550,20250401,1016,60,4,1,22,9,0
105551,20250401,1002,70,8,1,24,9,0.05
105552,20250401,1011,192,7,1,69,28,0
105553,20250401,1015,123,6,1,55,23,0
105554,20250401,1036,108,8,3,11,4,0.05
105555,20250401,1020,23,6,1,199,88,0.05
105556,20250401,1001,208,7,4,79,29,0.2
105557,20250402,1001,234,6,1,79,29,0
105558,20250402,1002,212,7,3,24,9,0
105559,20250402,1003,255,3,1,55,22,0.2
105560,20250402,1011,123,1,1,69,28,0
105561,20250402,1004,20,7,2,49,18,0.05
105562,20250402,1016,47,5,1,22,9,0.05
105563,20250402,1010,111,3,1,99,41,0.15
105564,20250402,1036,62,5,3,11,4,0.2
105565,20250402,1022,80,3,1,21,8,0.1
105566,20250402,1019,29,1,1,79,34,0.1
105567,20250402,1002,88,3,1,24,9,0.05
105568,20250402,1017,251,2,1,120,52,0.1
105569,20250402,1015,195,2,3,55,23,0.05
105570,20250403,1018,29,8,2,32,13,0
105571,20250403,1024,283,4,1,45,19,0
105572,20250403,1001,126,4,1,79,29,0
105573,20250403,1025,63,6,2,22,8,0
105574,20250403,1011,102,7,2,69,28,0.2
105575,20250403,1019,241,8,2,79,34,0.05
105576,20250403,1030,154,4,3,69,29,0
105577,20250403,1033,82,3,1,15,6,0
105578,20250403,1013,167,3,3,14,5,0
105579,20250403,1011,75,8,2,69,28,0
105580,20250403,1020,95,3,1,199,88,0.2
105581,20250403,1002,295,4,3,24,9,0.05
105582,20250403,1023,97,4,1,75,31,0
105583,20250403,1030,176,4,1,69,29,0
105584,20250404,1029,41,1,4,99,44,0
105585,20250404,1022,138,6,1,21,8,0.1
105586,20250404,1036,95,6,2,11,4,0
105587,20250404,1031,98,1,1,52,22,0.1
105588,20250404,1001,36,7,2,79,29,0.15
105589,20250404,1020,146,8,1,199,88,0.1
105590,20250404,1023,128,6,2,75,31,0
105591,20250404,1003,72,8,3,55,22,0.05
105592,20250404,1027,217,7,1,49,21,0
105593,20250404,1029,292,5,2,99,44,0
105594,20250404,1026,137,3,1,169,71,0
105595,20250405,1010,116,3,1,99,41,0.15
105596,20250405,1014,137,4,1,39,17,0.2
105597,20250405,1008,211,4,1,8,2,0.1
105598,20250405,1002,40,3,4,24,9,0
105599,20250405,1026,238,1,2,169,71,0
105600,20250405,1025,120,1,1,22,8,0
105601,20250405,1002,36,1,1,24,9,0
105602,20250405,1007,269,1,4,27,11,0.2
105603,20250405,1007,11,1,2,27,11,0
105604,20250405,1018,32,8,1,32,13,0
105605,20250405,1019,213,5,1,79,34,0.1
105606,20250405,1006,141,4,1,9,3,0
105607,20250405,1005,112,2,1,19,7,0.15
105608,20250405,1033,8,7,1,15,6,0
105609,20250405,1018,37,6,2,32,13,0
105610,20250405,1026,68,8,1,169,71,0
105611,20250405,1031,118,7,1,52,22,0
105612,20250405,1008,223,3,1,8,2,0
105613,20250406,1017,58,1,1,120,52,0
105614,20250406,1026,6,5,3,169,71,0.2
105615,20250406,1032,19,8,1,18,7,0
105616,20250406,1013,225,3,1,14,5,0
105617,20250406,1020,11,7,3,199,88,0
105618,20250406,1009,209,1,4,159,64,0.15
105619,20250406,1007,295,4,4,27,11,0.05
105620,20250406,1033,232,2,3,15,6,0.15
105621,20250406,1012,40,6,2,29,12,0.2
105622,20250406,1017,99,5,3,120,52,0
105623,20250406,1010,125,7,1,99,41,0
105624,20250406,1018,36,3,4,32,13,0
105625,20250406,1030,219,8,1,69,29,0
105626,20250406,1031,234,8,2,52,22,0.1
105627,20250406,1033,69,5,2,15,6,0.05
105628,20250406,1004,43,4,3,49,18,0.1
105629,20250407,1012,222,7,1,29,12,0
105630,20250407,1002,167,2,3,24,9,0.2
105631,20250407,1009,288,7,3,159,64,0
105632,20250407,1002,14,3,1,24,9,0
105633,20250407,1031,11,7,2,52,22,0.15
105634,20250407,1014,178,1,2,39,17,0.1
105635,20250407,1032,11,1,3,18,7,0
105636,20250407,1003,28,4,4,55,22,0.1
105637,20250407,1003,259,1,2,55,22,0
105638,20250407,1019,148,2,1,79,34,0.05
105639,20250407,1009,191,1,1,159,64,0
105640,20250407,1003,259,2,1,55,22,0
105641,20250407,1020,268,5,2,199,88,0
105642,20250407,1001,227,5,3,79,29,0
105643,20250408,1031,21,5,1,52,22,0
105644,20250408,1022,171,8,1,21,8,0.15
105645,20250408,1021,202,1,2,16,6,0.15
105646,20250408,1004,227,6,2,49,18,0.05
105647,20250408,1021,253,5,2,16,6,0.2
105648,20250408,1009,235,1,2,159,64,0
105649,20250408,1002,60,1,2,24,9,0.15
105650,20250408,1001,50,7,3,79,29,0
105651,20250408,1001,178,8,2,79,29,0.05
105652,20250408,1023,10,8,1,75,31,0
105653,20250408,1026,144,4,1,169,71,0.05
105654,20250409,1029,20,3,1,99,44,0
105655,20250409,1025,155,7,3,22,8,0.05
105656,20250409,1023,22,3,2,75,31,0
105657,20250409,1015,156,5,2,55,23,0
105658,20250409,1017,226,4,3,120,52,0
105659,20250409,1003,225,6,3,55,22,0.05
105660,20250409,1029,112,5,1,99,44,0.05
105661,20250409,1002,250,6,1,24,9,0.05
105662,20250409,1019,36,3,4,79,34,0
105663,20250410,1027,219,6,1,49,21,0.2
105664,20250410,1029,190,7,1,99,44,0
105665,20250410,1014,22,5,1,39,17,0.1
105666,20250410,1019,295,7,1,79,34,0
105667,20250410,1013,194,7,4,14,5,0.1
105668,20250410,1002,272,7,4,24,9,0
105669,20250410,1003,116,3,2,55,22,0.15
105670,20250410,1013,54,1,1,14,5,0.2
105671,20250410,1032,32,4,4,18,7,0
105672,20250410,1005,129,6,2,19,7,0.05
105673,20250410,1033,56,5,3,15,6,0.05
105674,20250410,1020,158,4,1,199,88,0
105675,20250410,1004,220,8,3,49,18,0
105676,20250411,1001,164,8,1,79,29,0.2
105677,20250411,1015,200,2,2,55,23,0
105678,20250411,1018,183,2,1,32,13,0
105679,20250411,1005,81,5,2,19,7,0.15
105680,20250411,1016,271,3,2,22,9,0
105681,20250411,1032,134,7,1,18,7,0
105682,20250411,1002,194,5,2,24,9,0.15
105683,20250411,1004,212,4,3,49,18,0
105684,20250411,1029,243,8,2,99,44,0.2
105685,20250411,1031,153,8,1,52,22,0
105686,20250411,1008,140,1,1,8,2,0
105687,20250411,1009,183,7,3,159,64,0
105688,20250412,1022,246,6,1,21,8,0.1
105689,20250412,1025,133,1,1,22,8,0
105690,20250412,1022,87,3,2,21,8,0.1
105691,20250412,1017,254,7,1,120,52,0.2
105692,20250412,1001,198,3,2,79,29,0.1
105693,20250412,1029,170,3,4,99,44,0.05
105694,20250412,1034,266,4,3,24,9,0
105695,20250412,1018,13,3,2,32,13,0
105696,20250412,1016,91,5,1,22,9,0.15
105697,20250412,1004,275,1,4,49,18,0.15
105698,20250412,1033,286,1,2,15,6,0.2
105699,20250412,1026,90,8,4,169,71,0
105700,20250412,1011,180,8,3,69,28,0
105701,20250412,1036,44,6,2,11,4,0.2
105702,20250412,1027,251,4,4,49,21,0
105703,20250412,1006,33,5,2,9,3,0
105704,20250412,1008,62,7,1,8,2,0.15
105705,20250412,1011,280,7,2,69,28,0
105706,20250412,1026,93,5,3,169,71,0.05
105707,20250412,1012,283,7,2,29,12,0.1
105708,20250413,1030,138,6,3,69,29,0
105709,20250413,1022,162,3,1,21,8,0
105710,20250413,1033,97,5,4,15,6,0.15
105711,20250413,1005,138,3,2,19,7,0
105712,20250413,1019,34,6,4,79,34,0.15
105713,20250413,1021,34,2,1,16,6,0
105714,20250413,1022,1,8,1,21,8,0.05
105715,20250413,1002,102,2,2,24,9,0
105716,20250413,1014,153,6,3,39,17,0.2
105717,20250413,1016,83,6,1,22,9,0.2
105718,20250413,1016,90,2,4,22,9,0.1
105719,20250413,1003,207,8,1,55,22,0
105720,20250413,1005,293,8,2,19,7,0.05
105721,20250413,1031,1,6,1,52,22,0.15
105722,20250413,1009,137,4,1,159,64,0
105723,20250413,1022,99,7,1,21,8,0.2
105724,20250413,1015,154,5,2,55,23,0
105725,20250414,1002,68,7,4,24,9,0
105726,20250414,1002,76,3,4,24,9,0.05
105727,20250414,1005,135,4,3,19,7,0
105728,20250414,1022,87,1,2,21,8,0
105729,20250414,1014,71,1,1,39,17,0
105730,20250414,1014,99,1,3,39,17,0.05
105731,20250414,1007,189,6,1,27,11,0.1
105732,20250414,1020,32,7,1,199,88,0
105733,20250414,1033,16,1,1,15,6,0
105734,20250414,1021,267,1,2,16,6,0.15
105735,20250414,1013,124,7,4,14,5,0
105736,20250414,1032,56,2,1,18,7,0.1
105737,20250414,1023,67,2,1,75,31,0.1
105738,20250414,1007,25,2,3,27,11,0.2
105739,20250414,1016,163,3,1,22,9,0.1
105740,20250414,1020,292,1,1,199,88,0
105741,20250414,1005,43,6,2,19,7,0
105742,20250415,1019,101,5,1,79,34,0.1
105743,20250415,1032,212,1,1,18,7,0.15
105744,20250415,1008,15,6,1,8,2,0.15
105745,20250415,1015,89,5,3,55,23,0.2
105746,20250415,1035,254,1,3,13,5,0.2
105747,20250415,1017,166,6,2,120,52,0.1
105748,20250415,1007,145,1,2,27,11,0
105749,20250415,1019,190,4,4,79,34,0.05
105750,20250415,1007,297,2,1,27,11,0.1
105751,20250415,1002,38,6,2,24,9,0
105752,20250415,1003,74,1,4,55,22,0.05
105753,20250416,1010,167,8,4,99,41,0.05
105754,20250416,1035,242,4,2,13,5,0
105755,20250416,1006,285,7,1,9,3,0.05
105756,20250416,1020,130,8,1,199,88,0
105757,20250416,1036,179,2,1,11,4,0.2
105758,20250416,1018,52,4,1,32,13,0
105759,20250416,1025,142,6,4,22,8,0
105760,20250416,1017,299,5,1,120,52,0.15
105761,20250416,1021,293,7,1,16,6,0
105762,20250416,1010,138,2,1,99,41,0
105763,20250416,1035,98,3,1,13,5,0.15
105764,20250416,1008,221,2,2,8,2,0
105765,20250416,1008,120,3,3,8,2,0.05
105766,20250416,1003,70,7,3,55,22,0.2
105767,20250416,1005,289,5,1,19,7,0.15
105768,20250416,1034,1,2,2,24,9,0.1
105769,20250417,1002,173,6,2,24,9,0.15
105770,20250417,1016,99,7,2,22,9,0.1
105771,20250417,1033,202,3,1,15,6,0
105772,20250417,1017,103,1,2,120,52,0
105773,20250417,1024,139,3,3,45,19,0.2
105774,20250417,1026,44,1,4,169,71,0
105775,20250417,1033,63,1,2,15,6,0.2
105776,20250417,1006,183,6,1,9,3,0.05
105777,20250417,1017,248,4,1,120,52,0
105778,20250417,1009,246,3,1,159,64,0.15
105779,20250417,1035,39,8,1,13,5,0.2
105780,20250417,1012,125,5,3,29,12,0.1
105781,20250417,1010,265,2,2,99,41,0.15
105782,20250417,1016,195,3,1,22,9,0.15
105783,20250417,1024,144,2,1,45,19,0.2
105784,20250417,1015,145,7,1,55,23,0
105785,20250418,1012,258,1,1,29,12,0.1
105786,20250418,1009,205,8,3,159,64,0.05
105787,20250418,1012,157,2,2,29,12,0
105788,20250418,1005,223,5,1,19,7,0
105789,20250418,1013,21,8,1,14,5,0
105790,20250418,1019,183,3,1,79,34,0.2
105791,20250418,1009,248,1,1,159,64,0.2
105792,20250418,1019,292,4,4,79,34,0
105793,20250418,1009,119,4,2,159,64,0.15
105794,20250418,1008,208,8,4,8,2,0
105795,20250418,1020,250,1,4,199,88,0
105796,20250418,1032,297,6,2,18,7,0.05
105797,20250418,1008,123,1,2,8,2,0
105798,20250419,1021,6,3,4,16,6,0.05
105799,20250419,1026,155,6,1,169,71,0.15
105800,20250419,1014,283,8,3,39,17,0
105801,20250419,1020,134,5,1,199,88,0.1
105802,20250419,1011,105,7,4,69,28,0
105803,20250419,1004,235,2,2,49,18,0
105804,20250419,1008,87,8,1,8,2,0
105805,20250419,1030,150,6,1,69,29,0.2
105806,20250419,1009,53,2,1,159,64,0.2
105807,20250419,1021,110,6,1,16,6,0
105808,20250419,1018,225,8,4,32,13,0
105809,20250419,1004,159,6,2,49,18,0
105810,20250419,1005,54,3,1,19,7,0.2
105811,20250419,1031,94,6,1,52,22,0
105812,20250419,1009,84,6,1,159,64,0
105813,20250419,1007,221,6,1,27,11,0.05
105814,20250419,1026,139,4,1,169,71,0.2
105815,20250419,1029,79,1,2,99,44,0
105816,20250419,1012,150,7,1,29,12,0
105817,20250419,1003,32,2,1,55,22,0
105818,20250419,1018,232,4,1,32,13,0.05
105819,20250420,1029,83,2,1,99,44,0.05
105820,20250420,1022,92,1,3,21,8,0.05
105821,20250420,1003,59,6,2,55,22,0.2
105822,20250420,1035,112,7,1,13,5,0
105823,20250420,1017,14,1,1,120,52,0
105824,20250420,1011,18,5,2,69,28,0
105825,20250420,1027,186,2,4,49,21,0
105826,20250420,1030,92,7,2,69,29,0
105827,20250420,1002,139,4,2,24,9,0
105828,20250420,1012,112,2,3,29,12,0.2
105829,20250420,1030,171,4,1,69,29,0
105830,20250420,1019,249,7,3,79,34,0
105831,20250420,1034,265,1,1,24,9,0.05
105832,20250420,1008,180,3,3,8,2,0
105833,20250420,1034,108,8,4,24,9,0
105834,20250420,1032,16,7,1,18,7,0.15
105835,20250420,1017,129,7,2,120,52,0
105836,20250420,1003,87,7,1,55,22,0.2
105837,20250420,1007,160,3,3,27,11,0
105838,20250420,1031,196,2,1,52,22,0.2
105839,20250421,1005,188,5,4,19,7,0.15
105840,20250421,1019,136,4,3,79,34,0.15
105841,20250421,1032,213,8,1,18,7,0.05
105842,20250421,1003,87,4,1,55,22,0
105843,20250421,1018,204,1,1,32,13,0
105844,20250421,1019,45,2,4,79,34,0
105845,20250421,1016,37,2,1,22,9,0
105846,20250421,1033,88,8,1,15,6,0.05
105847,20250421,1005,75,3,1,19,7,0
105848,20250421,1016,245,7,1,22,9,0
105849,20250421,1006,82,5,1,9,3,0
105850,20250421,1016,111,4,1,22,9,0.05
105851,20250421,1019,100,8,1,79,34,0.15
105852,20250422,1033,296,3,3,15,6,0
105853,20250422,1034,190,7,4,24,9,0
105854,20250422,1022,74,8,1,21,8,0
105855,20250422,1024,9,5,1,45,19,0
105856,20250422,1010,45,5,1,99,41,0
105857,20250422,1019,117,3,1,79,34,0.15
105858,20250422,1021,65,4,2,16,6,0
105859,20250422,1033,242,3,3,15,6,0
105860,20250422,1033,258,2,4,15,6,0.15
105861,20250422,1033,16,1,3,15,6,0.15
105862,20250422,1017,91,8,1,120,52,0
105863,20250422,1020,133,3,1,199,88,0
105864,20250423,1031,162,6,4,52,22,0
105865,20250423,1016,297,4,1,22,9,0
105866,20250423,1012,50,2,4,29,12,0
105867,20250423,1005,152,6,2,19,7,0
105868,20250423,1007,3,6,2,27,11,0
105869,20250423,1030,203,5,1,69,29,0.05
105870,20250423,1031,109,3,2,52,22,0.05
105871,20250423,1001,299,2,1,79,29,0.05
105872,20250423,1035,28,7,1,13,5,0.2
105873,20250423,1014,175,2,2,39,17,0.15
105874,20250423,1026,141,5,1,169,71,0
105875,20250423,1019,101,5,2,79,34,0.1
105876,20250424,1010,221,4,1,99,41,0
105877,20250424,1008,140,3,2,8,2,0
105878,20250424,1012,68,2,4,29,12,0.1
105879,20250424,1031,296,1,2,52,22,0.1
105880,20250424,1015,52,1,1,55,23,0
105881,20250424,1036,87,8,2,11,4,0
105882,20250424,1007,166,2,1,27,11,0.1
105883,20250424,1014,151,4,1,39,17,0
105884,20250424,1005,195,4,4,19,7,0.2
105885,20250424,1017,134,4,1,120,52,0
105886,20250424,1011,279,3,1,69,28,0.15
105887,20250424,1010,131,6,4,99,41,0
105888,20250424,1020,294,2,1,199,88,0.05
105889,20250425,1020,103,4,3,199,88,0
105890,20250425,1006,140,4,2,9,3,0
105891,20250425,1015,122,7,1,55,23,0.15
105892,20250425,1031,3,7,2,52,22,0
105893,20250425,1005,155,1,2,19,7,0.05
105894,20250425,1029,73,1,2,99,44,0
105895,20250425,1018,34,2,2,32,13,0.05
105896,20250425,1029,133,8,2,99,44,0.05
105897,20250425,1017,74,6,3,120,52,0
105898,20250425,1023,168,1,1,75,31,0.2
105899,20250425,1017,120,5,1,120,52,0
105900,20250425,1004,194,8,4,49,18,0
105901,20250425,1022,30,5,2,21,8,0.15
105902,20250426,1006,32,6,1,9,3,0.1
105903,20250426,1026,261,6,2,169,71,0
105904,20250426,1021,60,4,3,16,6,0
105905,20250426,1020,187,2,1,199,88,0.1
105906,20250426,1030,201,3,2,69,29,0.05
105907,20250426,1010,117,8,2,99,41,0.2
105908,20250426,1027,50,2,1,49,21,0.05
105909,20250426,1022,138,6,1,21,8,0.2
105910,20250426,1004,258,3,2,49,18,0.05
105911,20250426,1017,294,8,1,120,52,0.15
105912,20250426,1010,63,8,1,99,41,0.1
105913,20250426,1006,82,2,2,9,3,0
105914,20250426,1023,17,7,3,75,31,0.2
105915,20250426,1010,185,8,1,99,41,0.2
105916,20250426,1017,82,8,1,120,52,0.15
105917,20250426,1002,195,4,1,24,9,0
105918,20250426,1032,15,7,2,18,7,0
105919,20250426,1007,117,5,1,27,11,0
105920,20250426,1027,33,8,3,49,21,0
105921,20250427,1010,46,4,2,99,41,0.15
105922,20250427,1002,33,2,2,24,9,0
105923,20250427,1020,229,3,4,199,88,0.15
105924,20250427,1016,130,8,1,22,9,0.05
105925,20250427,1019,70,7,4,79,34,0
105926,20250427,1015,286,5,3,55,23,0
105927,20250427,1003,28,3,1,55,22,0
105928,20250427,1019,26,7,1,79,34,0
105929,20250427,1017,22,4,3,120,52,0.15
105930,20250427,1013,22,8,3,14,5,0.1
105931,20250427,1008,52,3,3,8,2,0.15
105932,20250427,1013,193,8,4,14,5,0
105933,20250427,1034,14,1,1,24,9,0.15
105934,20250427,1036,246,1,1,11,4,0.05
105935,20250427,1021,33,2,1,16,6,0
105936,20250427,1013,95,7,4,14,5,0
105937,20250427,1026,119,5,3,169,71,0.1
105938,20250427,1010,39,5,1,99,41,0.1
105939,20250427,1021,98,6,1,16,6,0.1
105940,20250427,1031,175,4,4,52,22,0.05
105941,20250428,1006,113,4,3,9,3,0
105942,20250428,1034,111,5,1,24,9,0.2
105943,20250428,1011,170,3,2,69,28,0.05
105944,20250428,1002,187,5,2,24,9,0
105945,20250428,1001,282,8,1,79,29,0
105946,20250428,1009,169,1,3,159,64,0
105947,20250428,1009,272,4,1,159,64,0.2
105948,20250428,1005,141,2,4,19,7,0
105949,20250428,1004,35,1,2,49,18,0.05
105950,20250428,1030,168,6,1,69,29,0.15
105951,20250428,1008,29,8,1,8,2,0
105952,20250428,1014,179,2,1,39,17,0
105953,20250428,1030,90,2,2,69,29,0.05
105954,20250428,1011,107,4,1,69,28,0
105955,20250429,1005,167,1,1,19,7,0.2
105956,20250429,1032,101,8,1,18,7,0
105957,20250429,1012,261,6,1,29,12,0
105958,20250429,1035,214,6,1,13,5,0
105959,20250429,1021,61,7,2,16,6,0
105960,20250429,1004,212,5,2,49,18,0.15
105961,20250429,1022,161,3,1,21,8,0.1
105962,20250429,1022,85,7,2,21,8,0
105963,20250429,1017,24,1,2,120,52,0.05
105964,20250429,1025,94,6,2,22,8,0.15
105965,20250429,1007,84,1,3,27,11,0
105966,20250430,1011,115,1,1,69,28,0
105967,20250430,1019,69,8,3,79,34,0.2
105968,20250430,1025,151,8,4,22,8,0
105969,20250430,1017,50,3,2,120,52,0
105970,20250430,1022,124,6,3,21,8,0.05
105971,20250430,1015,35,7,4,55,23,0
105972,20250430,1023,174,3,1,75,31,0.15
105973,20250430,1009,41,3,2,159,64,0.1
105974,20250430,1001,255,5,1,79,29,0.05
105975,20250430,1030,217,4,1,69,29,0
105976,20250430,1014,50,1,1,39,17,0.05
105977,20250430,1021,165,7,1,16,6,0.2
105978,20250430,1007,138,1,2,27,11,0.1
105979,20250430,1014,140,3,2,39,17,0
105980,20250430,1006,261,5,1,9,3,0
105981,20250430,1012,139,1,4,29,12,0
105982,20250430,1012,62,6,1,29,12,0
105983,20250430,1008,230,8,2,8,2,0
105984,20250501,1026,58,4,2,169,71,0.05
105985,20250501,1036,185,6,3,11,4,0
105986,20250501,1032,68,3,1,18,7,0
105987,20250501,1017,269,3,2,120,52,0
105988,20250501,1032,116,6,1,18,7,0
105989,20250501,1005,133,6,1,19,7,0.05
105990,20250501,1031,100,6,1,52,22,0
105991,20250501,1028,263,5,2,34,14,0.05
105992,20250501,1006,271,8,2,9,3,0
105993,20250501,1001,45,2,2,79,29,0.1
105994,20250501,1015,82,4,2,55,23,0
105995,20250501,1013,227,1,1,14,5,0
105996,20250501,1007,214,4,2,27,11,0.15
105997,20250501,1016,21,2,2,22,9,0.15
105998,20250502,1013,260,3,1,14,5,0.1
105999,20250502,1020,123,6,1,199,88,0.15
106000,20250502,1008,288,2,2,8,2,0.2
106001,20250502,1010,9,1,1,99,41,0.05
106002,20250502,1012,50,8,1,29,12,0
106003,20250502,1003,115,2,2,55,22,0.15
106004,20250502,1016,18,4,2,22,9,0
106005,20250502,1022,115,4,2,21,8,0
106006,20250502,1015,42,6,1,55,23,0
106007,20250502,1010,215,6,4,99,41,0
106008,20250502,1019,232,1,1,79,34,0
106009,20250503,1003,138,1,4,55,22,0.15
106010,20250503,1022,295,3,1,21,8,0
106011,20250503,1008,23,2,1,8,2,0.1
106012,20250503,1007,278,6,1,27,11,0.05
106013,20250503,1002,270,5,3,24,9,0
106014,20250503,1017,143,8,2,120,52,0.1
106015,20250503,1010,29,5,2,99,41,0
106016,20250503,1032,56,8,3,18,7,0.2
106017,20250503,1017,167,2,4,120,52,0.15
106018,20250503,1019,186,8,1,79,34,0.1
106019,20250503,1020,82,6,3,199,88,0.1
106020,20250503,1009,202,5,2,159,64,0.05
106021,20250503,1017,151,3,1,120,52,0.2
106022,20250503,1005,224,8,2,19,7,0
106023,20250503,1022,249,8,1,21,8,0
106024,20250503,1009,186,5,4,159,64,0.1
106025,20250503,1010,1,4,1,99,41,0.2
106026,20250503,1012,234,3,1,29,12,0
106027,20250503,1003,177,4,4,55,22,0.05
106028,20250503,1031,121,3,2,52,22,0.15
106029,20250503,1016,285,8,4,22,9,0.05
106030,20250503,1030,1,6,4,69,29,0
106031,20250503,1034,280,3,2,24,9,0
106032,20250504,1004,297,2,1,49,18,0.05
106033,20250504,1034,139,3,1,24,9,0.2
106034,20250504,1036,121,5,3,11,4,0.1
106035,20250504,1009,103,6,1,159,64,0
106036,20250504,1022,289,8,1,21,8,0
106037,20250504,1007,139,1,2,27,11,0.1
106038,20250504,1014,17,1,1,39,17,0.15
106039,20250504,1006,58,7,4,9,3,0
106040,20250504,1013,265,8,1,14,5,0
106041,20250504,1011,294,1,2,69,28,0
106042,20250504,1032,86,6,1,18,7,0.2
106043,20250504,1005,258,3,1,19,7,0
106044,20250504,1018,20,8,2,32,13,0
106045,20250504,1005,44,2,3,19,7,0.05
106046,20250504,1030,208,6,2,69,29,0
106047,20250504,1035,11,3,1,13,5,0
106048,20250504,1030,65,4,1,69,29,0.1
106049,20250504,1007,48,1,1,27,11,0
106050,20250504,1003,276,6,1,55,22,0
106051,20250504,1016,122,5,4,22,9,0
106052,20250505,1035,199,4,4,13,5,0.05
106053,20250505,1007,99,7,3,27,11,0.05
106054,20250505,1006,106,2,2,9,3,0.2
106055,20250505,1004,186,1,1,49,18,0
106056,20250505,1019,82,3,4,79,34,0.1
106057,20250505,1011,173,5,3,69,28,0.15
106058,20250505,1032,48,5,3,18,7,0
106059,20250505,1004,145,3,1,49,18,0
106060,20250505,1014,218,8,4,39,17,0
106061,20250505,1009,38,8,4,159,64,0
106062,20250505,1020,183,6,2,199,88,0
106063,20250505,1011,23,6,1,69,28,0.15
106064,20250505,1010,193,5,2,99,41,0.05
106065,20250505,1015,204,1,2,55,23,0.2
106066,20250505,1013,249,4,3,14,5,0.05
106067,20250506,1005,176,4,1,19,7,0
106068,20250506,1024,163,5,1,45,19,0.15
106069,20250506,1012,134,4,1,29,12,0
106070,20250506,1004,272,4,1,49,18,0.05
106071,20250506,1022,258,4,3,21,8,0.2
106072,20250506,1017,230,8,2,120,52,0.15
106073,20250506,1017,298,1,3,120,52,0.2
106074,20250506,1020,168,7,2,199,88,0.15
106075,20250506,1033,271,6,4,15,6,0.2
106076,20250506,1029,247,3,2,99,44,0
106077,20250506,1021,272,1,3,16,6,0
106078,20250506,1029,134,6,3,99,44,0.2
106079,20250506,1007,114,3,4,27,11,0.05
106080,20250506,1019,289,3,1,79,34,0.1
106081,20250506,1030,11,1,1,69,29,0.2
106082,20250506,1010,198,4,2,99,41,0.15
106083,20250506,1021,180,8,3,16,6,0.15
106084,20250507,1012,114,1,3,29,12,0
106085,20250507,1005,56,8,3,19,7,0
106086,20250507,1011,37,1,3,69,28,0.1
106087,20250507,1014,199,4,1,39,17,0.2
106088,20250507,1010,137,1,3,99,41,0.1
106089,20250507,1030,128,8,1,69,29,0
106090,20250507,1002,235,1,1,24,9,0
106091,20250507,1036,111,2,3,11,4,0
106092,20250507,1010,212,1,2,99,41,0
106093,20250507,1006,227,8,4,9,3,0.1
106094,20250507,1019,33,4,2,79,34,0
106095,20250507,1009,196,2,2,159,64,0.15
106096,20250507,1035,174,4,1,13,5,0.05
106097,20250507,1030,52,1,2,69,29,0.15
106098,20250507,1010,203,4,1,99,41,0
106099,20250507,1003,40,2,3,55,22,0
106100,20250507,1018,238,7,1,32,13,0.15
106101,20250507,1005,157,2,4,19,7,0
106102,20250508,1012,291,7,3,29,12,0
106103,20250508,1022,75,2,1,21,8,0
106104,20250508,1032,130,5,3,18,7,0.15
106105,20250508,1017,177,6,1,120,52,0.1
106106,20250508,1011,71,7,4,69,28,0.1
106107,20250508,1014,238,6,1,39,17,0
106108,20250508,1019,100,3,2,79,34,0
106109,20250508,1001,67,1,1,79,29,0.1
106110,20250508,1016,237,5,2,22,9,0
106111,20250508,1020,251,1,1,199,88,0.05
106112,20250508,1004,222,4,3,49,18,0
106113,20250508,1003,230,7,4,55,22,0
106114,20250508,1012,223,5,1,29,12,0
106115,20250509,1003,213,5,3,55,22,0
106116,20250509,1021,209,6,3,16,6,0.1
106117,20250509,1030,231,2,4,69,29,0
106118,20250509,1023,298,4,1,75,31,0.05
106119,20250509,1012,75,3,3,29,12,0.15
106120,20250509,1009,149,7,1,159,64,0.05
106121,20250509,1020,16,1,1,199,88,0
106122,20250509,1010,213,6,3,99,41,0
106123,20250509,1019,284,3,4,79,34,0.05
106124,20250509,1014,171,4,1,39,17,0.15
106125,20250509,1014,68,7,1,39,17,0.15
106126,20250509,1010,281,1,4,99,41,0.2
106127,20250509,1008,204,2,3,8,2,0
106128,20250509,1030,46,2,1,69,29,0.2
106129,20250509,1006,195,3,3,9,3,0
106130,20250509,1014,281,2,1,39,17,0
106131,20250509,1008,208,6,2,8,2,0.1
106132,20250510,1003,230,6,1,55,22,0
106133,20250510,1002,71,2,2,24,9,0.1
106134,20250510,1024,48,1,2,45,19,0.05
106135,20250510,1002,8,1,3,24,9,0
106136,20250510,1009,193,6,1,159,64,0.15
106137,20250510,1010,5,3,1,99,41,0
106138,20250510,1029,45,5,1,99,44,0.1
106139,20250510,1016,258,8,1,22,9,0
106140,20250510,1006,96,7,1,9,3,0.2
106141,20250510,1019,132,7,1,79,34,0.15
106142,20250510,1008,260,2,1,8,2,0.1
106143,20250510,1009,160,1,3,159,64,0.15
106144,20250510,1031,251,6,2,52,22,0.05
106145,20250510,1011,289,3,1,69,28,0.05
106146,20250510,1019,144,3,2,79,34,0
106147,20250510,1008,205,2,1,8,2,0.1
106148,20250510,1008,165,5,3,8,2,0
106149,20250510,1024,178,8,3,45,19,0.1
106150,20250510,1035,221,3,4,13,5,0.2
106151,20250510,1014,5,1,1,39,17,0
106152,20250510,1009,172,3,3,159,64,0.2
106153,20250510,1014,112,2,3,39,17,0.1
106154,20250511,1020,17,2,3,199,88,0
106155,20250511,1008,106,6,1,8,2,0
106156,20250511,1036,289,3,1,11,4,0
106157,20250511,1008,160,4,1,8,2,0.05
106158,20250511,1036,36,4,2,11,4,0
106159,20250511,1014,300,2,2,39,17,0.05
106160,20250511,1018,170,7,3,32,13,0.2
106161,20250511,1011,144,4,2,69,28,0.05
106162,20250511,1028,73,7,1,34,14,0.1
106163,20250511,1010,162,4,2,99,41,0
106164,20250511,1009,182,1,2,159,64,0.15
106165,20250511,1007,280,6,2,27,11,0.2
106166,20250511,1018,122,4,1,32,13,0.15
106167,20250511,1007,278,6,1,27,11,0
106168,20250511,1011,22,7,3,69,28,0
106169,20250511,1001,87,4,3,79,29,0
106170,20250511,1036,46,7,1,11,4,0.05
106171,20250511,1013,124,8,1,14,5,0
106172,20250511,1006,165,5,1,9,3,0
106173,20250511,1013,173,8,2,14,5,0
106174,20250511,1032,151,7,1,18,7,0.1
106175,20250512,1033,90,6,1,15,6,0
106176,20250512,1016,181,8,1,22,9,0
106177,20250512,1022,219,1,3,21,8,0
106178,20250512,1023,219,2,4,75,31,0.1
106179,20250512,1004,108,3,2,49,18,0
106180,20250512,1017,133,2,4,120,52,0.1
106181,20250512,1012,134,4,1,29,12,0.15
106182,20250512,1021,3,2,3,16,6,0
106183,20250512,1010,111,2,2,99,41,0
106184,20250512,1014,245,2,2,39,17,0.1
106185,20250512,1007,55,8,2,27,11,0
106186,20250512,1009,269,2,1,159,64,0
106187,20250512,1030,267,7,1,69,29,0.05
106188,20250513,1027,66,4,2,49,21,0
106189,20250513,1011,207,7,4,69,28,0.2
106190,20250513,1006,43,8,2,9,3,0
106191,20250513,1019,251,7,1,79,34,0
106192,20250513,1012,252,7,1,29,12,0.05
106193,20250513,1024,165,7,4,45,19,0.2
106194,20250513,1022,87,8,1,21,8,0
106195,20250513,1007,212,3,1,27,11,0.1
106196,20250513,1035,148,2,3,13,5,0.2
106197,20250513,1015,206,1,1,55,23,0
106198,20250513,1031,259,8,2,52,22,0.15
106199,20250513,1021,162,5,2,16,6,0
106200,20250513,1017,251,4,1,120,52,0.15
106201,20250513,1007,262,8,4,27,11,0.2
106202,20250513,1031,30,4,1,52,22,0.15
106203,20250513,1005,195,6,1,19,7,0.15
106204,20250513,1004,215,7,2,49,18,0
106205,20250513,1015,252,2,3,55,23,0
106206,20250513,1015,266,4,1,55,23,0.1
106207,20250514,1006,70,8,1,9,3,0
106208,20250514,1015,250,8,1,55,23,0.15
106209,20250514,1017,287,5,1,120,52,0.15
106210,20250514,1013,58,3,4,14,5,0.1
106211,20250514,1014,126,6,4,39,17,0
106212,20250514,1033,249,4,3,15,6,0
106213,20250514,1004,203,5,2,49,18,0
106214,20250514,1031,240,5,2,52,22,0.1
106215,20250514,1031,235,5,1,52,22,0.05
106216,20250515,1023,105,3,2,75,31,0.1
106217,20250515,1034,198,6,1,24,9,0
106218,20250515,1004,72,5,4,49,18,0.2
106219,20250515,1007,227,7,3,27,11,0
106220,20250515,1015,192,8,1,55,23,0.05
106221,20250515,1028,292,7,2,34,14,0.1
106222,20250515,1035,291,3,4,13,5,0.1
106223,20250515,1031,218,8,3,52,22,0
106224,20250515,1026,211,8,2,169,71,0.05
106225,20250515,1025,101,6,4,22,8,0.2
106226,20250515,1020,144,4,1,199,88,0
106227,20250515,1008,263,4,1,8,2,0.1
106228,20250516,1020,186,4,3,199,88,0.05
106229,20250516,1005,267,6,4,19,7,0
106230,20250516,1003,90,5,4,55,22,0
106231,20250516,1029,125,8,1,99,44,0
106232,20250516,1016,77,5,1,22,9,0.15
106233,20250516,1005,263,8,2,19,7,0
106234,20250516,1026,241,5,1,169,71,0
106235,20250516,1012,254,5,3,29,12,0
106236,20250516,1006,173,1,4,9,3,0.2
106237,20250516,1015,141,7,2,55,23,0.1
106238,20250516,1006,164,2,1,9,3,0.1
106239,20250516,1031,218,6,1,52,22,0
106240,20250516,1028,227,6,3,34,14,0.15
106241,20250516,1029,63,3,2,99,44,0.2
106242,20250516,1005,45,8,2,19,7,0
106243,20250516,1031,6,1,4,52,22,0.2
106244,20250517,1018,149,4,1,32,13,0.05
106245,20250517,1001,255,1,1,79,29,0.05
106246,20250517,1019,158,2,4,79,34,0.15
106247,20250517,1035,156,8,2,13,5,0.15
106248,20250517,1018,108,3,1,32,13,0
106249,20250517,1011,242,1,4,69,28,0
106250,20250517,1014,252,6,1,39,17,0.2
106251,20250517,1019,167,4,2,79,34,0.2
106252,20250517,1001,148,4,1,79,29,0.2
106253,20250517,1008,236,6,1,8,2,0
106254,20250517,1002,157,4,1,24,9,0
106255,20250517,1001,228,4,3,79,29,0
106256,20250517,1007,218,7,2,27,11,0.1
106257,20250517,1012,220,1,2,29,12,0
106258,20250517,1033,74,5,4,15,6,0
106259,20250517,1021,220,5,3,16,6,0.05
106260,20250517,1008,200,8,2,8,2,0
106261,20250517,1016,115,4,3,22,9,0.15
106262,20250517,1016,220,4,3,22,9,0.05
106263,20250517,1034,108,7,2,24,9,0.2
106264,20250517,1035,73,4,4,13,5,0
106265,20250517,1022,121,8,3,21,8,0.1
106266,20250517,1015,268,1,1,55,23,0
106267,20250517,1026,149,3,1,169,71,0
106268,20250517,1023,79,7,1,75,31,0
106269,20250517,1028,207,8,1,34,14,0
106270,20250518,1015,35,1,2,55,23,0.05
106271,20250518,1029,294,4,2,99,44,0.2
106272,20250518,1014,22,7,1,39,17,0
106273,20250518,1009,78,5,1,159,64,0
106274,20250518,1032,141,2,1,18,7,0.05
106275,20250518,1026,205,4,1,169,71,0
106276,20250518,1012,282,6,1,29,12,0
106277,20250518,1034,154,4,1,24,9,0
106278,20250518,1001,262,7,2,79,29,0.05
106279,20250518,1011,161,1,4,69,28,0.1
106280,20250518,1021,258,8,1,16,6,0
106281,20250518,1015,116,5,2,55,23,0
106282,20250518,1021,290,7,1,16,6,0
106283,20250518,1007,294,8,2,27,11,0.1
106284,20250518,1030,158,7,1,69,29,0.1
106285,20250518,1006,18,1,1,9,3,0
106286,20250518,1010,31,8,1,99,41,0.15
106287,20250518,1007,6,2,1,27,11,0.05
106288,20250519,1005,176,1,4,19,7,0
106289,20250519,1004,42,6,2,49,18,0.15
106290,20250519,1017,94,4,1,120,52,0
106291,20250519,1012,159,5,1,29,12,0.2
106292,20250519,1006,192,2,3,9,3,0.05
106293,20250519,1029,27,4,2,99,44,0
106294,20250519,1036,22,8,2,11,4,0
106295,20250519,1001,190,2,2,79,29,0.15
106296,20250519,1014,72,8,1,39,17,0.15
106297,20250519,1019,33,8,3,79,34,0.1
106298,20250519,1010,266,7,1,99,41,0.05
106299,20250519,1009,96,5,4,159,64,0
106300,20250519,1004,165,7,1,49,18,0
106301,20250519,1004,50,3,1,49,18,0
106302,20250519,1027,271,7,2,49,21,0.05
106303,20250519,1021,140,5,4,16,6,0
106304,20250519,1001,220,6,1,79,29,0.2
106305,20250519,1020,256,1,2,199,88,0
106306,20250520,1030,195,3,2,69,29,0
106307,20250520,1015,191,7,3,55,23,0.1
106308,20250520,1001,201,2,4,79,29,0
106309,20250520,1024,114,6,1,45,19,0.15
106310,20250520,1004,222,1,2,49,18,0.15
106311,20250520,1024,262,6,1,45,19,0
106312,20250520,1016,137,4,4,22,9,0
106313,20250520,1030,98,6,2,69,29,0.05
106314,20250520,1010,199,1,3,99,41,0.15
106315,20250520,1008,140,8,2,8,2,0.2
106316,20250520,1020,42,2,2,199,88,0
106317,20250520,1004,69,4,2,49,18,0.15
106318,20250520,1032,56,4,4,18,7,0.2
106319,20250521,1001,135,6,4,79,29,0
106320,20250521,1011,7,4,2,69,28,0.15
106321,20250521,1020,93,8,3,199,88,0.1
106322,20250521,1017,207,7,3,120,52,0
106323,20250521,1003,21,1,4,55,22,0.2
106324,20250521,1004,180,4,4,49,18,0.05
106325,20250521,1035,28,2,2,13,5,0
106326,20250521,1021,171,8,2,16,6,0.2
106327,20250521,1035,233,5,2,13,5,0.2
106328,20250521,1008,59,5,3,8,2,0.1
106329,20250521,1018,175,5,1,32,13,0.05
106330,20250521,1008,209,6,1,8,2,0.15
106331,20250521,1021,205,4,1,16,6,0.15
106332,20250521,1032,181,1,1,18,7,0.05
106333,20250521,1011,68,4,1,69,28,0.2
106334,20250521,1036,220,5,1,11,4,0
106335,20250521,1007,83,4,1,27,11,0
106336,20250521,1022,106,4,1,21,8,0
106337,20250522,1006,101,6,1,9,3,0
106338,20250522,1028,3,3,1,34,14,0
106339,20250522,1032,234,4,2,18,7,0
106340,20250522,1029,57,8,1,99,44,0.15
106341,20250522,1025,286,3,2,22,8,0.15
106342,20250522,1011,268,5,2,69,28,0.1
106343,20250522,1013,254,5,2,14,5,0.15
106344,20250522,1001,232,4,1,79,29,0
106345,20250522,1031,250,6,2,52,22,0
106346,20250522,1004,149,5,2,49,18,0
106347,20250522,1010,162,5,1,99,41,0
106348,20250522,1022,65,5,2,21,8,0.2
106349,20250522,1007,122,5,1,27,11,0.2
106350,20250522,1036,45,8,1,11,4,0
106351,20250522,1008,253,6,1,8,2,0.2
106352,20250522,1012,49,5,3,29,12,0
106353,20250523,1015,139,1,1,55,23,0.2
106354,20250523,1006,36,1,1,9,3,0
106355,20250523,1001,53,5,2,79,29,0
106356,20250523,1023,299,6,2,75,31,0
106357,20250523,1021,109,7,1,16,6,0
106358,20250523,1036,202,7,4,11,4,0
106359,20250523,1034,266,2,1,24,9,0.2
106360,20250523,1020,101,1,4,199,88,0.1
106361,20250523,1003,198,5,1,55,22,0
106362,20250523,1017,194,1,1,120,52,0.1
106363,20250523,1017,25,2,3,120,52,0.1
106364,20250523,1033,253,7,1,15,6,0
106365,20250523,1016,94,3,1,22,9,0.2
106366,20250523,1014,166,1,1,39,17,0
106367,20250523,1022,108,6,1,21,8,0
106368,20250523,1010,188,5,3,99,41,0.1
106369,20250523,1014,108,8,3,39,17,0.15
106370,20250523,1013,178,7,3,14,5,0
106371,20250523,1019,32,1,1,79,34,0
106372,20250524,1030,161,2,1,69,29,0
106373,20250524,1017,199,5,1,120,52,0.2
106374,20250524,1006,26,3,2,9,3,0
106375,20250524,1012,295,3,1,29,12,0
106376,20250524,1011,237,4,1,69,28,0
106377,20250524,1020,80,6,4,199,88,0.05
106378,20250524,1005,91,5,1,19,7,0
106379,20250524,1029,84,6,1,99,44,0
106380,20250524,1028,217,6,1,34,14,0
106381,20250524,1030,86,3,1,69,29,0
106382,20250524,1005,265,8,2,19,7,0.2
106383,20250524,1017,110,6,1,120,52,0.1
106384,20250524,1019,233,5,3,79,34,0.15
106385,20250524,1015,288,3,4,55,23,0.2
106386,20250524,1024,99,6,4,45,19,0
106387,20250524,1022,101,5,1,21,8,0
106388,20250524,1017,165,7,4,120,52,0
106389,20250524,1007,20,4,1,27,11,0.2
106390,20250524,1002,108,6,4,24,9,0.1
106391,20250524,1024,263,4,1,45,19,0.15
106392,20250524,1009,51,5,2,159,64,0.2
106393,20250524,1009,152,5,4,159,64,0
106394,20250524,1021,19,5,2,16,6,0
106395,20250525,1029,41,2,2,99,44,0
106396,20250525,1007,101,3,1,27,11,0
106397,20250525,1026,21,4,1,169,71,0
106398,20250525,1013,97,2,3,14,5,0.05
106399,20250525,1022,103,2,2,21,8,0
106400,20250525,1022,241,7,4,21,8,0.2
106401,20250525,1011,111,6,1,69,28,0
106402,20250525,1015,222,2,2,55,23,0.05
106403,20250525,1024,292,7,2,45,19,0
106404,20250525,1014,64,5,4,39,17,0.2
106405,20250525,1030,43,1,1,69,29,0
106406,20250525,1003,254,6,1,55,22,0
106407,20250525,1029,243,1,1,99,44,0
106408,20250525,1009,210,7,3,159,64,0.05
106409,20250525,1033,277,5,4,15,6,0.05
106410,20250525,1014,31,7,1,39,17,0.2
106411,20250525,1006,106,7,2,9,3,0.15
106412,20250525,1006,24,4,1,9,3,0
106413,20250525,1010,280,6,2,99,41,0
106414,20250525,1036,170,5,2,11,4,0
106415,20250526,1014,291,5,1,39,17,0
106416,20250526,1022,281,7,1,21,8,0
106417,20250526,1003,263,2,2,55,22,0.15
106418,20250526,1036,300,2,1,11,4,0.1
106419,20250526,1021,150,1,4,16,6,0.1
106420,20250526,1036,137,8,2,11,4,0.1
106421,20250526,1018,113,7,4,32,13,0.1
106422,20250526,1017,156,8,1,120,52,0.15
106423,20250526,1009,295,3,1,159,64,0
106424,20250526,1019,7,5,2,79,34,0.1
106425,20250526,1009,145,5,2,159,64,0
106426,20250526,1009,205,6,1,159,64,0.05
106427,20250526,1012,258,3,3,29,12,0.2
106428,20250526,1002,85,3,2,24,9,0.05
106429,20250526,1035,5,8,3,13,5,0
106430,20250526,1001,52,6,2,79,29,0
106431,20250526,1005,61,8,1,19,7,0
106432,20250526,1004,123,8,3,49,18,0.2
106433,20250526,1031,121,8,1,52,22,0
106434,20250526,1036,45,8,3,11,4,0
106435,20250526,1009,117,1,1,159,64,0
106436,20250526,1001,196,7,4,79,29,0
106437,20250526,1018,98,4,1,32,13,0.2
106438,20250527,1006,277,5,2,9,3,0.05
106439,20250527,1011,189,5,2,69,28,0
106440,20250527,1014,106,5,4,39,17,0.05
106441,20250527,1008,176,4,1,8,2,0
106442,20250527,1006,101,6,1,9,3,0.2
106443,20250527,1006,264,3,1,9,3,0
106444,20250527,1014,159,6,1,39,17,0
106445,20250527,1014,225,8,2,39,17,0
106446,20250527,1021,91,2,4,16,6,0
106447,20250527,1032,222,5,2,18,7,0
106448,20250527,1006,40,6,4,9,3,0.2
106449,20250527,1018,258,4,1,32,13,0.2
106450,20250527,1001,11,4,1,79,29,0
106451,20250527,1018,178,3,1,32,13,0.15
106452,20250527,1026,86,8,4,169,71,0.2
106453,20250527,1010,134,6,1,99,41,0.15
106454,20250527,1019,247,7,2,79,34,0.05
106455,20250528,1012,3,2,2,29,12,0.1
106456,20250528,1015,288,3,1,55,23,0.05
106457,20250528,1001,248,2,4,79,29,0.1
106458,20250528,1025,49,6,3,22,8,0
106459,20250528,1008,64,7,2,8,2,0
106460,20250528,1035,77,7,4,13,5,0.2
106461,20250528,1026,290,7,3,169,71,0.15
106462,20250528,1025,98,3,4,22,8,0.05
106463,20250528,1033,8,4,4,15,6,0
106464,20250528,1015,37,2,3,55,23,0
106465,20250528,1012,72,4,2,29,12,0
106466,20250529,1022,72,3,3,21,8,0.1
106467,20250529,1003,105,4,1,55,22,0
106468,20250529,1010,184,2,2,99,41,0.05
106469,20250529,1007,299,8,4,27,11,0.1
106470,20250529,1016,225,8,2,22,9,0.05
106471,20250529,1016,94,3,2,22,9,0.1
106472,20250529,1020,174,8,1,199,88,0.05
106473,20250529,1018,12,7,4,32,13,0
106474,20250529,1034,286,5,2,24,9,0.2
106475,20250529,1008,89,2,2,8,2,0
106476,20250529,1005,122,4,3,19,7,0.05
106477,20250529,1006,39,8,2,9,3,0.15
106478,20250529,1013,233,5,1,14,5,0
106479,20250529,1022,88,8,1,21,8,0
106480,20250529,1011,73,5,4,69,28,0.2
106481,20250529,1027,210,3,1,49,21,0
106482,20250530,1016,164,8,1,22,9,0
106483,20250530,1019,82,3,1,79,34,0
106484,20250530,1022,185,4,1,21,8,0
106485,20250530,1034,253,2,3,24,9,0
106486,20250530,1008,223,7,3,8,2,0
106487,20250530,1033,88,1,2,15,6,0.15
106488,20250530,1007,52,6,4,27,11,0.15
106489,20250530,1022,270,2,3,21,8,0.05
106490,20250530,1004,190,4,1,49,18,0
106491,20250530,1022,84,1,2,21,8,0
106492,20250530,1007,72,4,4,27,11,0.05
106493,20250530,1022,196,7,3,21,8,0
106494,20250530,1004,93,8,1,49,18,0.05
106495,20250531,1036,236,2,2,11,4,0.15
106496,20250531,1035,273,4,2,13,5,0.15
106497,20250531,1020,179,2,4,199,88,0.1
106498,20250531,1001,243,4,3,79,29,0.1
106499,20250531,1036,49,4,4,11,4,0
106500,20250531,1008,89,5,2,8,2,0.15
106501,20250531,1002,238,5,1,24,9,0
106502,20250531,1002,215,4,4,24,9,0.05
106503,20250531,1016,187,2,1,22,9,0
106504,20250531,1006,200,7,1,9,3,0
106505,20250531,1005,199,7,1,19,7,0.2
106506,20250531,1034,37,2,2,24,9,0.15
106507,20250531,1035,144,5,1,13,5,0
106508,20250531,1017,159,8,1,120,52,0
106509,20250531,1030,210,4,3,69,29,0.15
106510,20250531,1026,209,1,2,169,71,0.05
106511,20250531,1018,245,3,4,32,13,0.2
106512,20250531,1013,29,7,2,14,5,0
106513,20250601,1016,186,4,1,22,9,0.1
106514,20250601,1004,188,8,1,49,18,0
106515,20250601,1006,163,7,3,9,3,0.15
106516,20250601,1018,215,8,1,32,13,0
106517,20250601,1007,43,2,3,27,11,0.2
106518,20250601,1009,10,6,2,159,64,0
106519,20250601,1013,96,7,2,14,5,0
106520,20250601,1012,236,7,4,29,12,0
106521,20250601,1006,122,4,2,9,3,0.2
106522,20250601,1035,221,4,2,13,5,0
106523,20250601,1001,83,8,1,79,29,0.2
106524,20250601,1035,2,2,1,13,5,0.15
106525,20250601,1016,112,1,2,22,9,0.05
106526,20250601,1001,216,6,1,79,29,0
106527,20250601,1036,291,1,3,11,4,0.2
106528,20250601,1001,20,1,1,79,29,0.05
106529,20250601,1021,289,1,1,16,6,0.2
106530,20250601,1018,295,2,1,32,13,0.15
106531,20250601,1034,97,7,1,24,9,0.15
106532,20250601,1009,212,4,4,159,64,0
106533,20250602,1012,140,8,2,29,12,0
106534,20250602,1006,133,6,1,9,3,0.1
106535,20250602,1011,186,1,3,69,28,0
106536,20250602,1031,84,5,1,52,22,0
106537,20250602,1035,275,7,3,13,5,0.15
106538,20250602,1029,13,2,2,99,44,0
106539,20250602,1015,270,8,1,55,23,0.05
106540,20250602,1004,153,3,1,49,18,0.1
106541,20250602,1002,276,5,1,24,9,0.05
106542,20250602,1014,39,5,4,39,17,0
106543,20250602,1002,224,4,1,24,9,0
106544,20250602,1012,117,4,2,29,12,0
106545,20250602,1004,164,5,2,49,18,0
106546,20250602,1020,128,3,2,199,88,0.15
106547,20250603,1021,53,8,2,16,6,0.05
106548,20250603,1013,2,2,4,14,5,0.05
106549,20250603,1018,295,6,1,32,13,0
106550,20250603,1008,180,7,1,8,2,0.1
106551,20250603,1011,30,1,2,69,28,0
106552,20250603,1010,176,6,1,99,41,0.15
106553,20250603,1002,141,2,1,24,9,0
106554,20250603,1011,96,1,2,69,28,0.15
106555,20250603,1011,288,4,1,69,28,0.05
106556,20250603,1002,117,8,2,24,9,0
106557,20250603,1030,143,4,2,69,29,0
106558,20250603,1010,188,7,2,99,41,0.2
106559,20250603,1032,199,6,4,18,7,0.2
106560,20250603,1014,151,5,1,39,17,0.2
106561,20250604,1032,147,7,2,18,7,0.1
106562,20250604,1024,71,8,2,45,19,0
106563,20250604,1016,287,6,2,22,9,0
106564,20250604,1006,252,4,1,9,3,0.1
106565,20250604,1021,202,4,2,16,6,0
106566,20250604,1005,249,8,2,19,7,0
106567,20250604,1020,229,2,1,199,88,0
106568,20250604,1002,92,8,2,24,9,0
106569,20250604,1002,152,7,3,24,9,0
106570,20250604,1012,209,6,1,29,12,0
106571,20250604,1006,59,6,1,9,3,0
106572,20250605,1015,120,3,1,55,23,0.2
106573,20250605,1017,53,8,1,120,52,0
106574,20250605,1001,213,8,3,79,29,0.05
106575,20250605,1003,190,3,4,55,22,0.1
106576,20250605,1012,198,6,1,29,12,0
106577,20250605,1022,185,8,2,21,8,0.1
106578,20250605,1036,163,2,3,11,4,0.2
106579,20250605,1009,238,2,3,159,64,0
106580,20250605,1006,74,2,1,9,3,0
106581,20250605,1018,274,5,1,32,13,0.1
106582,20250605,1022,111,3,2,21,8,0
106583,20250605,1036,66,2,4,11,4,0
106584,20250605,1016,135,4,2,22,9,0.1
106585,20250605,1001,255,4,1,79,29,0.05
106586,20250605,1009,262,5,3,159,64,0.2
106587,20250606,1031,74,5,2,52,22,0
106588,20250606,1020,289,1,2,199,88,0
106589,20250606,1004,153,8,4,49,18,0
106590,20250606,1034,218,5,1,24,9,0
106591,20250606,1022,284,8,2,21,8,0.05
106592,20250606,1016,72,1,3,22,9,0.1
106593,20250606,1012,23,2,2,29,12,0.1
106594,20250606,1006,38,6,1,9,3,0.2
106595,20250606,1033,17,6,1,15,6,0.05
106596,20250606,1032,232,8,3,18,7,0.15
106597,20250606,1031,106,3,2,52,22,0.15
106598,20250606,1028,238,5,1,34,14,0.15
106599,20250606,1016,273,5,2,22,9,0
106600,20250607,1015,107,3,1,55,23,0.15
106601,20250607,1016,121,1,2,22,9,0.2
106602,20250607,1035,143,6,2,13,5,0.2
106603,20250607,1009,41,3,1,159,64,0
106604,20250607,1013,245,2,1,14,5,0
106605,20250607,1018,240,1,4,32,13,0.15
106606,20250607,1004,96,5,3,49,18,0.1
106607,20250607,1022,225,2,3,21,8,0
106608,20250607,1007,213,8,1,27,11,0.15
106609,20250607,1014,199,5,1,39,17,0
106610,20250607,1021,293,5,3,16,6,0.2
106611,20250607,1007,178,6,3,27,11,0
106612,20250607,1009,243,6,2,159,64,0.1
106613,20250607,1003,80,7,2,55,22,0
106614,20250607,1020,282,8,3,199,88,0
106615,20250607,1011,16,8,2,69,28,0.15
106616,20250607,1016,158,8,1,22,9,0.1
106617,20250607,1003,2,2,2,55,22,0
106618,20250608,1018,177,7,2,32,13,0.1
106619,20250608,1010,38,2,1,99,41,0
106620,20250608,1033,21,3,2,15,6,0.2
106621,20250608,1012,86,1,1,29,12,0
106622,20250608,1004,197,2,2,49,18,0
106623,20250608,1029,147,8,3,99,44,0.15
106624,20250608,1035,290,2,3,13,5,0.15
106625,20250608,1013,30,7,3,14,5,0
106626,20250608,1033,94,8,3,15,6,0.15
106627,20250608,1013,179,1,1,14,5,0.15
106628,20250608,1010,202,4,4,99,41,0
106629,20250608,1009,179,3,3,159,64,0.2
106630,20250608,1021,194,8,1,16,6,0.05
106631,20250608,1017,85,5,3,120,52,0
106632,20250608,1001,57,4,4,79,29,0.15
106633,20250608,1029,50,1,2,99,44,0
106634,20250608,1031,93,3,3,52,22,0
106635,20250608,1015,73,4,3,55,23,0.2
106636,20250608,1016,61,8,1,22,9,0
106637,20250608,1032,224,2,2,18,7,0.2
106638,20250609,1003,180,2,1,55,22,0
106639,20250609,1008,138,8,1,8,2,0.1
106640,20250609,1016,155,2,2,22,9,0
106641,20250609,1019,200,4,1,79,34,0.05
106642,20250609,1034,256,6,1,24,9,0
106643,20250609,1030,261,4,4,69,29,0
106644,20250609,1036,276,5,1,11,4,0
106645,20250609,1018,9,2,2,32,13,0.1
106646,20250609,1013,153,2,1,14,5,0.05
106647,20250609,1012,144,6,1,29,12,0
106648,20250609,1030,230,4,2,69,29,0.15
106649,20250609,1015,25,7,2,55,23,0
106650,20250609,1003,250,2,3,55,22,0.15
106651,20250609,1012,274,3,1,29,12,0.1
106652,20250609,1031,1,7,1,52,22,0.15
106653,20250609,1002,199,1,2,24,9,0.05
106654,20250610,1007,282,3,3,27,11,0.05
106655,20250610,1006,221,5,4,9,3,0
106656,20250610,1015,253,6,3,55,23,0
106657,20250610,1017,209,2,4,120,52,0
106658,20250610,1008,222,4,1,8,2,0
106659,20250610,1011,291,3,1,69,28,0.15
106660,20250610,1004,31,8,3,49,18,0
106661,20250610,1016,21,6,1,22,9,0
106662,20250610,1015,44,3,2,55,23,0.05
106663,20250611,1011,227,4,3,69,28,0.15
106664,20250611,1019,97,3,2,79,34,0.1
106665,20250611,1033,243,2,2,15,6,0
106666,20250611,1032,146,1,1,18,7,0
106667,20250611,1012,224,2,4,29,12,0.15
106668,20250611,1032,55,8,2,18,7,0.2
106669,20250611,1005,32,1,2,19,7,0
106670,20250611,1006,87,2,1,9,3,0.15
106671,20250611,1002,127,3,1,24,9,0
106672,20250611,1007,40,3,2,27,11,0.15
106673,20250611,1010,216,5,1,99,41,0
106674,20250611,1021,159,7,2,16,6,0.2
106675,20250611,1007,101,4,2,27,11,0.05
106676,20250611,1029,54,5,4,99,44,0.2
106677,20250611,1033,95,1,4,15,6,0
106678,20250612,1009,291,8,1,159,64,0
106679,20250612,1005,298,2,1,19,7,0.1
106680,20250612,1011,14,7,4,69,28,0.15
106681,20250612,1029,238,8,4,99,44,0.05
106682,20250612,1033,211,3,4,15,6,0
106683,20250612,1013,115,4,1,14,5,0
106684,20250612,1018,90,7,1,32,13,0
106685,20250612,1029,189,5,1,99,44,0.15
106686,20250612,1026,42,8,3,169,71,0
106687,20250612,1014,171,8,1,39,17,0
106688,20250612,1033,81,6,1,15,6,0
106689,20250612,1032,268,4,3,18,7,0
106690,20250613,1003,6,7,3,55,22,0.1
106691,20250613,1009,145,4,2,159,64,0
106692,20250613,1020,159,8,1,199,88,0.15
106693,20250613,1001,204,8,4,79,29,0
106694,20250613,1008,151,6,2,8,2,0.15
106695,20250613,1013,25,5,3,14,5,0.2
106696,20250613,1007,201,8,1,27,11,0.1
106697,20250613,1012,287,8,2,29,12,0
106698,20250613,1004,52,6,2,49,18,0
106699,20250613,1004,239,2,4,49,18,0
106700,20250613,1030,294,3,1,69,29,0
106701,20250613,1003,282,1,1,55,22,0.05
106702,20250613,1010,299,7,1,99,41,0.2
106703,20250613,1003,56,2,1,55,22,0
106704,20250613,1031,132,2,1,52,22,0.2
106705,20250613,1018,168,2,4,32,13,0
106706,20250613,1014,213,5,1,39,17,0.05
106707,20250613,1006,101,7,1,9,3,0
106708,20250613,1013,205,6,1,14,5,0
106709,20250613,1002,167,3,4,24,9,0
106710,20250613,1001,119,7,2,79,29,0
106711,20250614,1031,107,5,2,52,22,0.15
106712,20250614,1005,142,7,1,19,7,0
106713,20250614,1005,13,1,1,19,7,0
106714,20250614,1017,267,5,1,120,52,0.15
106715,20250614,1010,187,2,1,99,41,0.1
106716,20250614,1014,154,2,2,39,17,0
106717,20250614,1012,144,4,4,29,12,0.2
106718,20250614,1034,288,2,2,24,9,0
106719,20250614,1011,49,7,1,69,28,0.2
106720,20250614,1014,125,7,2,39,17,0.2
106721,20250614,1009,283,7,4,159,64,0
106722,20250614,1008,87,5,2,8,2,0.2
106723,20250614,1007,109,1,3,27,11,0.2
106724,20250614,1002,58,4,4,24,9,0.15
106725,20250614,1011,46,8,1,69,28,0
106726,20250614,1029,5,8,2,99,44,0.05
106727,20250614,1006,77,4,1,9,3,0.2
106728,20250614,1015,128,4,2,55,23,0.05
106729,20250614,1009,12,5,4,159,64,0.1
106730,20250614,1002,255,2,1,24,9,0.15
106731,20250614,1035,147,7,2,13,5,0
106732,20250614,1036,193,3,4,11,4,0
106733,20250615,1032,146,8,2,18,7,0.15
106734,20250615,1015,72,3,3,55,23,0
106735,20250615,1017,285,4,2,120,52,0
106736,20250615,1006,70,8,1,9,3,0
106737,20250615,1035,133,8,1,13,5,0
106738,20250615,1029,2,6,1,99,44,0
106739,20250615,1003,112,3,1,55,22,0.15
106740,20250615,1016,276,4,1,22,9,0.15
106741,20250615,1008,3,8,2,8,2,0
106742,20250615,1031,279,2,3,52,22,0
106743,20250615,1021,92,6,1,16,6,0
106744,20250615,1001,14,5,2,79,29,0
106745,20250615,1013,133,5,2,14,5,0.2
106746,20250615,1011,220,2,1,69,28,0.2
106747,20250615,1016,27,1,3,22,9,0.05
106748,20250615,1033,3,3,3,15,6,0.1
106749,20250615,1009,141,3,2,159,64,0
106750,20250615,1013,42,4,2,14,5,0
106751,20250615,1004,67,1,2,49,18,0.15
106752,20250615,1011,86,3,1,69,28,0.15
106753,20250615,1009,293,4,3,159,64,0.05
106754,20250615,1011,88,5,1,69,28,0
106755,20250615,1004,17,1,3,49,18,0
106756,20250615,1015,178,1,2,55,23,0
106757,20250616,1010,288,6,1,99,41,0.05
106758,20250616,1004,96,3,1,49,18,0
106759,20250616,1033,294,8,1,15,6,0
106760,20250616,1019,227,2,4,79,34,0
106761,20250616,1004,251,4,1,49,18,0.2
106762,20250616,1031,11,2,1,52,22,0.1
106763,20250616,1010,267,4,2,99,41,0.05
106764,20250616,1005,95,6,4,19,7,0.2
106765,20250616,1006,255,1,1,9,3,0.1
106766,20250616,1003,25,4,1,55,22,0.15
106767,20250616,1008,6,6,2,8,2,0
106768,20250616,1006,279,7,2,9,3,0.1
106769,20250616,1018,57,2,2,32,13,0
106770,20250617,1022,58,6,4,21,8,0.2
106771,20250617,1017,198,6,4,120,52,0.05
106772,20250617,1022,200,7,1,21,8,0
106773,20250617,1020,231,5,1,199,88,0
106774,20250617,1001,60,2,2,79,29,0
106775,20250617,1016,121,3,1,22,9,0.15
106776,20250617,1021,257,2,2,16,6,0.1
106777,20250617,1032,34,8,2,18,7,0.15
106778,20250617,1008,286,1,4,8,2,0
106779,20250617,1014,105,1,2,39,17,0
106780,20250617,1019,36,1,1,79,34,0
106781,20250617,1001,48,4,1,79,29,0.05
106782,20250617,1013,204,8,4,14,5,0
106783,20250617,1011,122,1,1,69,28,0
106784,20250617,1029,291,1,1,99,44,0.15
106785,20250618,1029,193,6,2,99,44,0
106786,20250618,1007,84,1,3,27,11,0
106787,20250618,1035,297,5,1,13,5,0
106788,20250618,1035,223,7,1,13,5,0.05
106789,20250618,1022,237,2,2,21,8,0
106790,20250618,1010,64,1,1,99,41,0.05
106791,20250618,1016,112,1,1,22,9,0
106792,20250618,1034,89,6,3,24,9,0
106793,20250618,1035,60,3,2,13,5,0.1
106794,20250618,1029,49,1,1,99,44,0
106795,20250618,1018,10,1,1,32,13,0
106796,20250618,1009,211,6,1,159,64,0
106797,20250618,1032,180,5,1,18,7,0
106798,20250619,1023,10,2,1,75,31,0
106799,20250619,1017,172,5,4,120,52,0.2
106800,20250619,1020,192,3,2,199,88,0
106801,20250619,1008,234,4,1,8,2,0.2
106802,20250619,1004,249,6,1,49,18,0.1
106803,20250619,1010,124,2,2,99,41,0
106804,20250619,1021,178,2,2,16,6,0
106805,20250619,1018,282,4,1,32,13,0
106806,20250619,1003,25,2,2,55,22,0.1
106807,20250619,1030,106,4,3,69,29,0
106808,20250619,1027,230,3,2,49,21,0.1
106809,20250619,1033,223,2,4,15,6,0
106810,20250619,1013,232,1,3,14,5,0.2
106811,20250619,1006,66,4,4,9,3,0.15
106812,20250619,1013,30,1,3,14,5,0.1
106813,20250619,1011,142,7,4,69,28,0
106814,20250620,1008,260,4,1,8,2,0
106815,20250620,1022,278,4,1,21,8,0.05
106816,20250620,1016,77,7,2,22,9,0
106817,20250620,1017,194,7,2,120,52,0.15
106818,20250620,1013,68,3,1,14,5,0
106819,20250620,1007,263,1,4,27,11,0.1
106820,20250620,1030,43,6,2,69,29,0.15
106821,20250620,1022,45,3,4,21,8,0.15
106822,20250620,1024,100,5,1,45,19,0.05
106823,20250620,1005,156,5,2,19,7,0.05
106824,20250620,1022,199,7,4,21,8,0.2
106825,20250620,1010,53,8,1,99,41,0.15
106826,20250620,1008,188,8,1,8,2,0
106827,20250620,1018,195,6,4,32,13,0
106828,20250620,1012,95,5,1,29,12,0.2
106829,20250620,1012,207,7,4,29,12,0
106830,20250620,1020,183,2,1,199,88,0.1
106831,20250620,1011,83,8,1,69,28,0
106832,20250620,1001,297,4,4,79,29,0.2
106833,20250621,1004,65,1,2,49,18,0.1
106834,20250621,1008,126,2,1,8,2,0.2
106835,20250621,1003,135,7,2,55,22,0
106836,20250621,1003,24,5,1,55,22,0.1
106837,20250621,1006,108,8,2,9,3,0.05
106838,20250621,1012,118,3,3,29,12,0.15
106839,20250621,1001,138,1,3,79,29,0
106840,20250621,1021,85,2,2,16,6,0.2
106841,20250621,1017,152,6,3,120,52,0
106842,20250621,1016,34,2,1,22,9,0.1
106843,20250621,1026,239,2,2,169,71,0.1
106844,20250621,1036,137,5,1,11,4,0.1
106845,20250621,1019,155,5,3,79,34,0.1
106846,20250621,1034,159,5,2,24,9,0.15
106847,20250621,1022,189,8,1,21,8,0
106848,20250621,1009,195,1,2,159,64,0
106849,20250621,1031,139,4,1,52,22,0.05
106850,20250621,1035,204,2,1,13,5,0
106851,20250621,1009,188,3,2,159,64,0
106852,20250621,1008,6,7,2,8,2,0.15
106853,20250621,1030,236,1,4,69,29,0
106854,20250621,1016,205,7,2,22,9,0
106855,20250621,1011,109,2,2,69,28,0.2
106856,20250621,1006,98,3,3,9,3,0.05
106857,20250621,1006,165,1,3,9,3,0.2
106858,20250622,1020,186,1,4,199,88,0
106859,20250622,1023,236,6,1,75,31,0
106860,20250622,1012,157,5,3,29,12,0.15
106861,20250622,1023,232,6,3,75,31,0
106862,20250622,1014,109,4,1,39,17,0
106863,20250622,1035,2,2,1,13,5,0
106864,20250622,1009,267,5,1,159,64,0.2
106865,20250622,1036,184,4,1,11,4,0.2
106866,20250622,1004,13,3,2,49,18,0.1
106867,20250622,1012,159,2,1,29,12,0.1
106868,20250622,1032,24,7,4,18,7,0.05
106869,20250622,1034,194,7,2,24,9,0.05
106870,20250622,1029,4,8,2,99,44,0
106871,20250622,1032,210,3,2,18,7,0
106872,20250622,1008,97,1,1,8,2,0
106873,20250622,1008,102,7,1,8,2,0.1
106874,20250622,1017,219,8,2,120,52,0
106875,20250622,1020,264,3,1,199,88,0
106876,20250622,1012,170,8,2,29,12,0
106877,20250622,1012,117,3,4,29,12,0
106878,20250623,1007,283,6,4,27,11,0.1
106879,20250623,1010,189,1,4,99,41,0
106880,20250623,1014,287,5,1,39,17,0
106881,20250623,1010,287,7,3,99,41,0.1
106882,20250623,1034,175,3,1,24,9,0.1
106883,20250623,1034,17,6,4,24,9,0.1
106884,20250623,1012,131,2,3,29,12,0
106885,20250623,1015,255,5,1,55,23,0.1
106886,20250623,1009,179,1,1,159,64,0.2
106887,20250623,1012,227,4,1,29,12,0.15
106888,20250623,1029,25,5,2,99,44,0.15
106889,20250623,1033,13,6,1,15,6,0
106890,20250623,1017,229,5,3,120,52,0.05
106891,20250623,1003,54,5,3,55,22,0
106892,20250623,1001,266,8,4,79,29,0.2
106893,20250623,1005,83,3,4,19,7,0.05
106894,20250624,1003,8,5,1,55,22,0.05
106895,20250624,1016,298,5,3,22,9,0.1
106896,20250624,1007,296,3,4,27,11,0.1
106897,20250624,1033,195,8,2,15,6,0.2
106898,20250624,1030,228,5,2,69,29,0
106899,20250624,1029,59,2,1,99,44,0
106900,20250624,1009,268,8,4,159,64,0
106901,20250624,1020,127,5,1,199,88,0
106902,20250624,1014,42,1,1,39,17,0
106903,20250624,1011,104,2,3,69,28,0.05
106904,20250624,1018,28,2,3,32,13,0
106905,20250624,1006,233,5,1,9,3,0
106906,20250624,1030,244,7,2,69,29,0.2
106907,20250624,1013,89,5,1,14,5,0.1
106908,20250625,1035,5,1,3,13,5,0
106909,20250625,1032,186,8,1,18,7,0.05
106910,20250625,1011,237,1,1,69,28,0
106911,20250625,1012,150,7,4,29,12,0.1
106912,20250625,1009,90,8,1,159,64,0.15
106913,20250625,1010,60,8,3,99,41,0
106914,20250625,1002,107,5,1,24,9,0.1
106915,20250625,1018,24,3,2,32,13,0.2
106916,20250625,1002,165,7,4,24,9,0.1
106917,20250625,1033,1,3,1,15,6,0
106918,20250625,1029,194,5,1,99,44,0
106919,20250625,1019,235,1,4,79,34,0.2
106920,20250625,1017,252,3,1,120,52,0
106921,20250625,1002,67,4,2,24,9,0.2
106922,20250625,1034,89,8,4,24,9,0
106923,20250625,1035,283,3,2,13,5,0.1
106924,20250625,1018,76,3,2,32,13,0
106925,20250625,1008,11,4,2,8,2,0
106926,20250625,1014,77,4,4,39,17,0.1
106927,20250625,1011,138,2,1,69,28,0
106928,20250626,1004,42,5,2,49,18,0.2
106929,20250626,1018,85,4,2,32,13,0.2
106930,20250626,1013,218,7,2,14,5,0.1
106931,20250626,1008,261,2,2,8,2,0
106932,20250626,1033,57,4,1,15,6,0.2
106933,20250626,1015,92,2,3,55,23,0
106934,20250626,1017,229,3,1,120,52,0
106935,20250626,1010,265,8,3,99,41,0.15
106936,20250626,1011,232,4,2,69,28,0.05
106937,20250626,1003,187,1,1,55,22,0.15
106938,20250626,1034,114,3,4,24,9,0.15
106939,20250626,1004,205,1,4,49,18,0.2
106940,20250626,1036,125,7,2,11,4,0
106941,20250626,1006,120,4,4,9,3,0
106942,20250626,1015,20,3,1,55,23,0
106943,20250626,1016,150,1,4,22,9,0.1
106944,20250626,1021,235,7,3,16,6,0.1
106945,20250626,1011,79,1,3,69,28,0.05
106946,20250626,1026,181,3,2,169,71,0.2
106947,20250627,1011,219,2,1,69,28,0
106948,20250627,1029,12,2,1,99,44,0.15
106949,20250627,1008,201,8,2,8,2,0
106950,20250627,1031,233,5,1,52,22,0.2
106951,20250627,1020,261,1,2,199,88,0.05
106952,20250627,1032,27,4,3,18,7,0.1
106953,20250627,1002,295,3,4,24,9,0.2
106954,20250627,1015,5,4,3,55,23,0.2
106955,20250627,1015,62,6,4,55,23,0
106956,20250627,1013,118,1,1,14,5,0.15
106957,20250627,1013,128,8,1,14,5,0
106958,20250627,1015,15,5,4,55,23,0.05
106959,20250628,1035,187,8,2,13,5,0
106960,20250628,1015,247,1,1,55,23,0.05
106961,20250628,1010,295,7,1,99,41,0.15
106962,20250628,1014,92,1,1,39,17,0
106963,20250628,1013,199,2,3,14,5,0.05
106964,20250628,1017,195,7,2,120,52,0
106965,20250628,1017,280,6,1,120,52,0
106966,20250628,1006,226,3,1,9,3,0.1
106967,20250628,1021,53,1,2,16,6,0
106968,20250628,1034,115,1,1,24,9,0
106969,20250628,1009,93,8,3,159,64,0.2
106970,20250628,1011,76,4,4,69,28,0.2
106971,20250628,1018,120,3,1,32,13,0
106972,20250628,1029,293,5,2,99,44,0
106973,20250628,1027,202,6,1,49,21,0.2
106974,20250628,1029,196,4,3,99,44,0
106975,20250628,1033,206,3,1,15,6,0
106976,20250628,1009,99,7,3,159,64,0
106977,20250628,1002,279,2,3,24,9,0.05
106978,20250629,1006,242,4,1,9,3,0
106979,20250629,1011,37,8,1,69,28,0.1
106980,20250629,1004,264,2,1,49,18,0
106981,20250629,1013,133,5,2,14,5,0
106982,20250629,1029,90,5,2,99,44,0.05
106983,20250629,1005,286,7,1,19,7,0.2
106984,20250629,1017,62,4,1,120,52,0.15
106985,20250629,1031,98,8,4,52,22,0.15
106986,20250629,1025,105,1,2,22,8,0
106987,20250629,1035,15,2,4,13,5,0
106988,20250629,1012,83,7,1,29,12,0.2
106989,20250629,1014,285,2,4,39,17,0.1
106990,20250629,1005,88,6,4,19,7,0
106991,20250629,1007,260,5,1,27,11,0
106992,20250629,1019,95,5,2,79,34,0.15
106993,20250629,1002,68,1,1,24,9,0
106994,20250629,1003,36,3,1,55,22,0.05
106995,20250630,1030,251,3,1,69,29,0.2
106996,20250630,1018,244,6,2,32,13,0.2
106997,20250630,1006,274,5,1,9,3,0.2
106998,20250630,1034,195,8,3,24,9,0
106999,20250630,1007,79,1,3,27,11,0
107000,20250630,1033,192,7,4,15,6,0
107001,20250630,1035,298,4,2,13,5,0.1
107002,20250630,1017,237,6,4,120,52,0
107003,20250630,1012,243,3,2,29,12,0.2
107004,20250630,1009,165,1,4,159,64,0
107005,20250630,1009,61,3,1,159,64,0
107006,20250630,1011,292,6,4,69,28,0.1
107007,20250630,1021,296,6,1,16,6,0
107008,20250630,1035,226,3,1,13,5,0
107009,20250630,1016,98,1,2,22,9,0
107010,20250630,1029,3,7,1,99,44,0
107011,20250701,1020,20,8,2,199,88,0.15
107012,20250701,1014,58,8,1,39,17,0.05
107013,20250701,1001,183,5,1,79,29,0.1
107014,20250701,1017,186,7,3,120,52,0.05
107015,20250701,1022,144,5,3,21,8,0.1
107016,20250701,1018,168,7,3,32,13,0.05
107017,20250701,1003,183,2,1,55,22,0.05
107018,20250701,1006,262,7,3,9,3,0.2
107019,20250701,1013,24,6,1,14,5,0.05
107020,20250701,1035,135,4,4,13,5,0
107021,20250701,1007,83,7,2,27,11,0
107022,20250701,1003,103,2,3,55,22,0
107023,20250701,1017,92,7,2,120,52,0
107024,20250701,1022,250,6,2,21,8,0.05
107025,20250701,1022,245,2,1,21,8,0.2
107026,20250701,1007,284,8,4,27,11,0.2
107027,20250702,1012,166,5,2,29,12,0.2
107028,20250702,1021,237,1,4,16,6,0.2
107029,20250702,1026,174,4,3,169,71,0.15
107030,20250702,1020,119,3,1,199,88,0
107031,20250702,1020,165,7,4,199,88,0.1
107032,20250702,1024,177,7,2,45,19,0.2
107033,20250702,1011,276,2,4,69,28,0.05
107034,20250702,1035,77,1,1,13,5,0
107035,20250702,1003,53,7,1,55,22,0
107036,20250702,1027,159,4,4,49,21,0
107037,20250702,1011,276,4,1,69,28,0.1
107038,20250702,1033,46,5,3,15,6,0
107039,20250702,1016,167,3,1,22,9,0
107040,20250702,1012,220,7,4,29,12,0.15
107041,20250702,1021,45,1,2,16,6,0
107042,20250702,1002,1,1,3,24,9,0.2
107043,20250702,1002,210,2,1,24,9,0
107044,20250703,1005,249,7,4,19,7,0.2
107045,20250703,1023,152,3,4,75,31,0.05
107046,20250703,1023,294,2,1,75,31,0
107047,20250703,1011,203,7,1,69,28,0.05
107048,20250703,1008,98,4,1,8,2,0.05
107049,20250703,1034,243,1,3,24,9,0
107050,20250703,1008,158,7,3,8,2,0.2
107051,20250703,1002,193,5,1,24,9,0.05
107052,20250703,1008,104,2,1,8,2,0
107053,20250703,1009,116,5,1,159,64,0.15
107054,20250703,1032,37,1,1,18,7,0
107055,20250703,1015,144,7,1,55,23,0
107056,20250703,1036,233,4,4,11,4,0.05
107057,20250703,1009,270,5,1,159,64,0
107058,20250704,1002,291,2,1,24,9,0.05
107059,20250704,1023,296,6,1,75,31,0.2
107060,20250704,1016,187,5,1,22,9,0.05
107061,20250704,1032,149,5,3,18,7,0.05
107062,20250704,1007,3,3,1,27,11,0.2
107063,20250704,1003,244,1,1,55,22,0.05
107064,20250704,1029,12,5,3,99,44,0.1
107065,20250704,1009,4,1,4,159,64,0
107066,20250704,1019,74,2,2,79,34,0
107067,20250704,1034,178,6,2,24,9,0
107068,20250704,1034,29,6,1,24,9,0
107069,20250704,1018,178,7,1,32,13,0
107070,20250704,1032,211,1,3,18,7,0.05
107071,20250705,1010,97,6,1,99,41,0.05
107072,20250705,1006,156,8,1,9,3,0
107073,20250705,1031,4,8,1,52,22,0
107074,20250705,1026,186,6,4,169,71,0.2
107075,20250705,1014,111,4,2,39,17,0.1
107076,20250705,1010,66,6,1,99,41,0.15
107077,20250705,1004,108,8,3,49,18,0
107078,20250705,1016,119,1,2,22,9,0
107079,20250705,1005,248,6,4,19,7,0
107080,20250705,1002,168,5,1,24,9,0.05
107081,20250705,1006,300,8,2,9,3,0
107082,20250705,1008,111,4,1,8,2,0.15
107083,20250705,1003,298,4,1,55,22,0.05
107084,20250705,1017,11,1,2,120,52,0
107085,20250705,1034,80,3,1,24,9,0.1
107086,20250705,1030,188,7,2,69,29,0
107087,20250705,1019,253,6,1,79,34,0
107088,20250705,1002,67,7,1,24,9,0.15
107089,20250705,1029,89,2,1,99,44,0.15
107090,20250705,1018,93,1,2,32,13,0.1
107091,20250705,1015,113,2,2,55,23,0
107092,20250705,1012,197,4,1,29,12,0
107093,20250705,1025,252,6,1,22,8,0
107094,20250705,1030,240,7,1,69,29,0
107095,20250705,1014,164,6,3,39,17,0.2
107096,20250705,1033,183,5,4,15,6,0
107097,20250705,1005,251,4,2,19,7,0.05
107098,20250705,1002,165,2,2,24,9,0.15
107099,20250706,1009,210,8,2,159,64,0.1
107100,20250706,1027,163,7,1,49,21,0
107101,20250706,1006,181,6,3,9,3,0.2
107102,20250706,1007,280,2,4,27,11,0.15
107103,20250706,1036,196,2,3,11,4,0.05
107104,20250706,1006,250,2,2,9,3,0
107105,20250706,1033,5,2,1,15,6,0
107106,20250706,1012,183,7,2,29,12,0.1
107107,20250706,1011,25,6,1,69,28,0
107108,20250706,1005,247,7,1,19,7,0.15
107109,20250706,1001,208,3,1,79,29,0.15
107110,20250706,1005,43,1,4,19,7,0.1
107111,20250706,1009,17,8,1,159,64,0.1
107112,20250706,1016,72,2,4,22,9,0
107113,20250706,1012,154,1,1,29,12,0.2
107114,20250706,1021,42,8,1,16,6,0.15
107115,20250706,1009,144,7,1,159,64,0
107116,20250706,1014,198,8,1,39,17,0
107117,20250706,1002,108,6,2,24,9,0
107118,20250706,1002,98,2,1,24,9,0
107119,20250706,1036,150,8,4,11,4,0
107120,20250706,1032,11,6,3,18,7,0
107121,20250706,1031,67,5,2,52,22,0.1
107122,20250706,1013,152,6,2,14,5,0
107123,20250706,1015,240,3,1,55,23,0.1
107124,20250706,1034,68,3,2,24,9,0
107125,20250706,1009,223,8,4,159,64,0
107126,20250707,1009,146,5,2,159,64,0
107127,20250707,1018,20,7,4,32,13,0.1
107128,20250707,1029,4,4,2,99,44,0
107129,20250707,1001,251,2,3,79,29,0
107130,20250707,1002,228,6,2,24,9,0
107131,20250707,1018,173,4,1,32,13,0.2
107132,20250707,1017,268,7,2,120,52,0.2
107133,20250707,1013,114,6,4,14,5,0.15
107134,20250707,1002,229,5,4,24,9,0
107135,20250707,1001,57,4,2,79,29,0
107136,20250707,1022,252,6,2,21,8,0.1
107137,20250707,1009,83,1,3,159,64,0.15
107138,20250707,1003,144,3,1,55,22,0
107139,20250707,1004,108,5,2,49,18,0.05
107140,20250707,1014,50,6,1,39,17,0
107141,20250708,1035,97,7,1,13,5,0.05
107142,20250708,1022,37,8,3,21,8,0.2
107143,20250708,1020,83,7,1,199,88,0
107144,20250708,1032,160,3,2,18,7,0
107145,20250708,1035,202,2,2,13,5,0.05
107146,20250708,1020,42,2,2,199,88,0
107147,20250708,1022,152,8,1,21,8,0.05
107148,20250708,1030,294,2,1,69,29,0.2
107149,20250708,1012,141,1,1,29,12,0.1
107150,20250708,1030,263,4,1,69,29,0
107151,20250709,1014,170,2,2,39,17,0
107152,20250709,1010,27,5,4,99,41,0
107153,20250709,1032,210,6,1,18,7,0
107154,20250709,1028,112,4,1,34,14,0.2
107155,20250709,1020,297,7,1,199,88,0
107156,20250709,1014,52,5,1,39,17,0.1
107157,20250709,1015,82,1,4,55,23,0.15
107158,20250709,1006,264,7,1,9,3,0
107159,20250709,1029,231,4,2,99,44,0.05
107160,20250709,1009,50,7,1,159,64,0
107161,20250709,1017,74,7,1,120,52,0.05
107162,20250709,1006,59,6,3,9,3,0.1
107163,20250709,1015,11,6,2,55,23,0
107164,20250709,1018,300,5,1,32,13,0.15
107165,20250710,1031,73,8,1,52,22,0
107166,20250710,1020,86,6,1,199,88,0.2
107167,20250710,1014,121,6,1,39,17,0
107168,20250710,1015,19,1,2,55,23,0.2
107169,20250710,1012,78,6,1,29,12,0.15
107170,20250710,1015,5,7,1,55,23,0.05
107171,20250710,1004,297,6,2,49,18,0
107172,20250710,1014,199,5,2,39,17,0.15
107173,20250710,1010,185,5,2,99,41,0
107174,20250710,1035,41,7,2,13,5,0.2
107175,20250711,1019,145,7,1,79,34,0
107176,20250711,1003,256,1,4,55,22,0
107177,20250711,1026,201,5,1,169,71,0
107178,20250711,1014,266,8,1,39,17,0.15
107179,20250711,1004,222,3,2,49,18,0.2
107180,20250711,1033,258,8,3,15,6,0.2
107181,20250711,1003,211,2,1,55,22,0
107182,20250711,1018,263,6,2,32,13,0.05
107183,20250711,1008,212,8,1,8,2,0
107184,20250711,1022,173,4,1,21,8,0.05
107185,20250711,1014,293,4,2,39,17,0.2
107186,20250711,1009,204,2,1,159,64,0.15
107187,20250711,1013,269,1,2,14,5,0
107188,20250711,1014,165,1,2,39,17,0.05
107189,20250712,1008,173,5,1,8,2,0.15
107190,20250712,1021,198,4,2,16,6,0
107191,20250712,1008,72,3,2,8,2,0.15
107192,20250712,1014,94,2,4,39,17,0.2
107193,20250712,1004,293,3,2,49,18,0.2
107194,20250712,1002,111,8,2,24,9,0.05
107195,20250712,1006,292,4,1,9,3,0.15
107196,20250712,1006,67,3,1,9,3,0.15
107197,20250712,1002,147,6,1,24,9,0
107198,20250712,1001,242,5,4,79,29,0
107199,20250712,1010,297,7,1,99,41,0.2
107200,20250712,1020,222,4,2,199,88,0
107201,20250712,1006,112,4,1,9,3,0
107202,20250712,1036,234,4,1,11,4,0
107203,20250712,1026,256,7,3,169,71,0
107204,20250712,1005,216,2,4,19,7,0.2
107205,20250712,1021,6,7,2,16,6,0.1
107206,20250712,1010,85,4,4,99,41,0.05
107207,20250713,1005,176,4,2,19,7,0.05
107208,20250713,1010,287,2,4,99,41,0
107209,20250713,1001,73,8,1,79,29,0.1
107210,20250713,1029,159,5,3,99,44,0
107211,20250713,1008,138,5,4,8,2,0
107212,20250713,1010,154,2,2,99,41,0
107213,20250713,1032,256,1,2,18,7,0
107214,20250713,1010,98,2,1,99,41,0.1
107215,20250713,1004,48,1,1,49,18,0.2
107216,20250713,1012,47,1,1,29,12,0
107217,20250713,1010,165,7,1,99,41,0
107218,20250713,1014,217,5,4,39,17,0.15
107219,20250713,1036,277,7,3,11,4,0.15
107220,20250713,1006,225,3,4,9,3,0.1
107221,20250713,1027,253,6,4,49,21,0
107222,20250713,1020,77,6,3,199,88,0.05
107223,20250713,1012,246,7,1,29,12,0
107224,20250713,1036,164,3,3,11,4,0.2
107225,20250713,1033,214,1,4,15,6,0
107226,20250713,1002,172,2,1,24,9,0
107227,20250713,1009,12,8,3,159,64,0
107228,20250713,1029,85,5,1,99,44,0
107229,20250713,1019,283,1,1,79,34,0
107230,20250713,1012,245,1,1,29,12,0
107231,20250713,1002,72,4,3,24,9,0
107232,20250714,1030,190,8,1,69,29,0.15
107233,20250714,1034,19,5,2,24,9,0
107234,20250714,1007,144,4,1,27,11,0
107235,20250714,1020,258,3,1,199,88,0.15
107236,20250714,1021,152,4,1,16,6,0
107237,20250714,1013,112,1,1,14,5,0.15
107238,20250714,1022,263,6,1,21,8,0
107239,20250714,1016,78,6,3,22,9,0
107240,20250714,1018,129,4,4,32,13,0.1
107241,20250714,1016,105,7,1,22,9,0.2
107242,20250714,1036,71,1,2,11,4,0.15
107243,20250714,1035,254,3,1,13,5,0.1
107244,20250714,1005,144,7,1,19,7,0.15
107245,20250714,1021,51,5,1,16,6,0
107246,20250714,1028,136,1,1,34,14,0
107247,20250714,1018,39,7,2,32,13,0
107248,20250714,1004,113,2,1,49,18,0.1
107249,20250715,1007,238,6,1,27,11,0.15
107250,20250715,1013,280,7,4,14,5,0
107251,20250715,1011,25,1,1,69,28,0.2
107252,20250715,1009,172,2,1,159,64,0.15
107253,20250715,1035,75,8,1,13,5,0
107254,20250715,1018,191,8,2,32,13,0.05
107255,20250715,1009,20,3,1,159,64,0.1
107256,20250715,1008,262,5,2,8,2,0.15
107257,20250715,1005,143,5,1,19,7,0.2
107258,20250715,1032,214,4,2,18,7,0
107259,20250715,1010,188,8,1,99,41,0
107260,20250715,1013,129,5,1,14,5,0
107261,20250716,1010,113,4,2,99,41,0
107262,20250716,1014,74,1,1,39,17,0.2
107263,20250716,1015,4,4,1,55,23,0
107264,20250716,1006,177,6,2,9,3,0
107265,20250716,1017,120,1,3,120,52,0.2
107266,20250716,1022,246,6,4,21,8,0.2
107267,20250716,1023,284,3,2,75,31,0.2
107268,20250716,1036,235,2,1,11,4,0
107269,20250716,1002,249,2,3,24,9,0.15
107270,20250716,1020,274,5,1,199,88,0
107271,20250717,1035,86,4,1,13,5,0.2
107272,20250717,1034,32,5,1,24,9,0
107273,20250717,1017,150,1,4,120,52,0
107274,20250717,1011,93,5,1,69,28,0
107275,20250717,1004,15,2,3,49,18,0
107276,20250717,1033,13,6,1,15,6,0.05
107277,20250717,1006,91,8,2,9,3,0.05
107278,20250717,1015,297,1,3,55,23,0
107279,20250717,1005,20,7,3,19,7,0
107280,20250717,1010,49,4,3,99,41,0.2
107281,20250717,1014,127,8,2,39,17,0.15
107282,20250717,1004,201,4,3,49,18,0
107283,20250717,1019,181,8,1,79,34,0
107284,20250717,1036,70,3,2,11,4,0
107285,20250717,1013,273,6,2,14,5,0
107286,20250717,1007,93,8,1,27,11,0
107287,20250717,1018,179,3,2,32,13,0
107288,20250718,1015,148,4,2,55,23,0
107289,20250718,1015,125,1,1,55,23,0
107290,20250718,1032,169,4,4,18,7,0.05
107291,20250718,1002,201,4,3,24,9,0.2
107292,20250718,1010,164,8,1,99,41,0
107293,20250718,1019,203,7,2,79,34,0.05
107294,20250718,1032,9,4,4,18,7,0
107295,20250718,1020,234,5,4,199,88,0.05
107296,20250718,1001,105,5,3,79,29,0.1
107297,20250718,1013,173,7,2,14,5,0.15
107298,20250718,1011,214,3,3,69,28,0
107299,20250718,1011,107,7,3,69,28,0
107300,20250718,1005,96,3,1,19,7,0
107301,20250718,1008,230,6,2,8,2,0.1
107302,20250718,1020,144,6,2,199,88,0
107303,20250718,1015,199,8,4,55,23,0
107304,20250719,1007,140,4,1,27,11,0
107305,20250719,1004,239,3,1,49,18,0
107306,20250719,1014,285,2,2,39,17,0.15
107307,20250719,1031,187,7,3,52,22,0.1
107308,20250719,1015,233,2,1,55,23,0.05
107309,20250719,1025,270,8,2,22,8,0.15
107310,20250719,1029,25,6,3,99,44,0
107311,20250719,1030,268,6,1,69,29,0.2
107312,20250719,1001,134,8,1,79,29,0.05
107313,20250719,1011,51,7,3,69,28,0
107314,20250719,1003,292,7,2,55,22,0.2
107315,20250719,1032,198,4,1,18,7,0.05
107316,20250719,1024,232,6,1,45,19,0
107317,20250719,1024,59,4,1,45,19,0.05
107318,20250719,1033,34,8,2,15,6,0
107319,20250719,1032,258,7,2,18,7,0.05
107320,20250719,1012,134,1,2,29,12,0
107321,20250719,1011,288,1,1,69,28,0.2
107322,20250719,1010,151,7,4,99,41,0.1
107323,20250719,1028,243,6,2,34,14,0
107324,20250719,1036,207,6,1,11,4,0
107325,20250720,1012,136,1,4,29,12,0.1
107326,20250720,1008,234,7,1,8,2,0.05
107327,20250720,1017,152,3,1,120,52,0
107328,20250720,1029,135,1,1,99,44,0.05
107329,20250720,1030,240,3,3,69,29,0
107330,20250720,1004,199,6,1,49,18,0
107331,20250720,1010,129,8,1,99,41,0.1
107332,20250720,1008,220,7,3,8,2,0
107333,20250720,1035,24,1,1,13,5,0.1
107334,20250720,1031,27,3,1,52,22,0.1
107335,20250720,1011,221,5,2,69,28,0
107336,20250720,1009,164,3,1,159,64,0
107337,20250720,1010,134,6,1,99,41,0
107338,20250720,1007,185,5,4,27,11,0
107339,20250720,1002,292,7,1,24,9,0.2
107340,20250720,1022,50,8,1,21,8,0.1
107341,20250720,1036,166,1,1,11,4,0.05
107342,20250720,1012,247,6,2,29,12,0.05
107343,20250720,1032,99,2,4,18,7,0.1
107344,20250720,1001,262,6,1,79,29,0.15
107345,20250720,1019,11,7,2,79,34,0.05
107346,20250720,1036,242,2,2,11,4,0
107347,20250720,1004,54,4,2,49,18,0
107348,20250720,1034,97,2,1,24,9,0.2
107349,20250720,1010,20,6,2,99,41,0.15
107350,20250720,1013,39,6,2,14,5,0
107351,20250720,1014,296,8,1,39,17,0
107352,20250721,1004,253,4,3,49,18,0
107353,20250721,1015,47,5,1,55,23,0
107354,20250721,1013,214,5,4,14,5,0.15
107355,20250721,1020,69,4,1,199,88,0
107356,20250721,1010,283,7,1,99,41,0.2
107357,20250721,1012,133,8,2,29,12,0.2
107358,20250721,1034,48,2,1,24,9,0.15
107359,20250721,1019,250,4,1,79,34,0
107360,20250721,1011,56,6,1,69,28,0.1
107361,20250721,1027,91,5,4,49,21,0.15
107362,20250721,1015,79,5,3,55,23,0
107363,20250721,1030,105,1,1,69,29,0.1
107364,20250721,1003,139,2,4,55,22,0.05
107365,20250721,1029,290,8,1,99,44,0
107366,20250721,1022,197,4,1,21,8,0.15
107367,20250721,1009,78,3,2,159,64,0
107368,20250721,1005,130,6,1,19,7,0
107369,20250721,1003,9,8,4,55,22,0
107370,20250721,1011,258,8,1,69,28,0
107371,20250721,1013,190,2,1,14,5,0
107372,20250722,1010,256,4,1,99,41,0.05
107373,20250722,1008,80,8,4,8,2,0.1
107374,20250722,1033,274,8,4,15,6,0.1
107375,20250722,1007,210,6,3,27,11,0.2
107376,20250722,1011,170,4,1,69,28,0.1
107377,20250722,1006,201,8,1,9,3,0
107378,20250722,1014,67,3,1,39,17,0.2
107379,20250722,1034,283,6,1,24,9,0.15
107380,20250722,1012,184,5,2,29,12,0
107381,20250722,1023,277,6,2,75,31,0
107382,20250722,1003,281,8,1,55,22,0
107383,20250723,1019,156,5,3,79,34,0.15
107384,20250723,1001,18,6,1,79,29,0
107385,20250723,1020,290,1,2,199,88,0
107386,20250723,1012,256,4,3,29,12,0
107387,20250723,1004,169,4,4,49,18,0.2
107388,20250723,1002,199,8,2,24,9,0
107389,20250723,1029,70,6,1,99,44,0
107390,20250723,1015,230,2,1,55,23,0.15
107391,20250723,1015,184,5,1,55,23,0
107392,20250723,1002,141,3,1,24,9,0
107393,20250723,1009,167,5,2,159,64,0
107394,20250723,1018,8,3,4,32,13,0.15
107395,20250723,1005,274,2,2,19,7,0
107396,20250723,1001,298,8,1,79,29,0
107397,20250723,1015,49,5,2,55,23,0.1
107398,20250723,1026,30,5,1,169,71,0
107399,20250723,1003,153,1,1,55,22,0.1
107400,20250723,1019,228,6,1,79,34,0
107401,20250724,1014,36,5,3,39,17,0
107402,20250724,1022,9,5,1,21,8,0
107403,20250724,1016,275,7,1,22,9,0.2
107404,20250724,1013,18,5,1,14,5,0.2
107405,20250724,1001,18,2,2,79,29,0.2
107406,20250724,1020,30,3,4,199,88,0
107407,20250724,1015,237,4,1,55,23,0.15
107408,20250724,1006,81,6,2,9,3,0
107409,20250724,1002,73,5,2,24,9,0
107410,20250724,1013,157,8,3,14,5,0
107411,20250724,1032,131,3,1,18,7,0
107412,20250724,1011,3,7,1,69,28,0
107413,20250724,1005,207,1,2,19,7,0.1
107414,20250724,1010,188,7,1,99,41,0
107415,20250724,1011,299,2,4,69,28,0.2
107416,20250724,1013,37,3,1,14,5,0.15
107417,20250724,1022,201,3,1,21,8,0
107418,20250724,1006,154,5,1,9,3,0
107419,20250724,1004,214,6,1,49,18,0
107420,20250725,1025,132,7,1,22,8,0
107421,20250725,1020,83,5,4,199,88,0
107422,20250725,1014,271,4,1,39,17,0.1
107423,20250725,1030,115,8,1,69,29,0.15
107424,20250725,1012,87,8,3,29,12,0.2
107425,20250725,1033,276,8,2,15,6,0
107426,20250725,1007,55,3,3,27,11,0
107427,20250725,1036,147,2,2,11,4,0.05
107428,20250725,1003,235,6,2,55,22,0
107429,20250725,1001,97,3,1,79,29,0
107430,20250725,1018,142,8,1,32,13,0.15
107431,20250726,1013,275,7,3,14,5,0.15
107432,20250726,1021,57,6,1,16,6,0
107433,20250726,1009,154,8,3,159,64,0.05
107434,20250726,1031,71,1,1,52,22,0.05
107435,20250726,1010,16,7,1,99,41,0
107436,20250726,1036,170,7,3,11,4,0.05
107437,20250726,1009,188,2,1,159,64,0.15
107438,20250726,1011,290,7,1,69,28,0
107439,20250726,1015,187,3,1,55,23,0.05
107440,20250726,1004,162,2,1,49,18,0
107441,20250726,1002,7,6,2,24,9,0.15
107442,20250726,1036,134,4,2,11,4,0.05
107443,20250726,1033,127,3,4,15,6,0.1
107444,20250726,1010,57,2,3,99,41,0
107445,20250726,1003,94,2,2,55,22,0.1
107446,20250726,1017,223,2,2,120,52,0.2
107447,20250726,1005,194,7,2,19,7,0
107448,20250726,1020,145,4,1,199,88,0
107449,20250726,1004,239,5,2,49,18,0
107450,20250726,1005,288,2,1,19,7,0
107451,20250726,1004,214,1,2,49,18,0.15
107452,20250726,1005,196,2,2,19,7,0.1
107453,20250726,1031,15,3,2,52,22,0.2
107454,20250726,1009,58,7,4,159,64,0
107455,20250726,1020,79,2,1,199,88,0.15
107456,20250727,1031,285,5,1,52,22,0
107457,20250727,1013,156,4,1,14,5,0
107458,20250727,1036,55,5,1,11,4,0.05
107459,20250727,1030,218,8,4,69,29,0
107460,20250727,1034,11,3,4,24,9,0
107461,20250727,1015,207,4,3,55,23,0.15
107462,20250727,1006,256,4,2,9,3,0.05
107463,20250727,1029,188,7,2,99,44,0.1
107464,20250727,1032,247,6,3,18,7,0
107465,20250727,1015,295,8,2,55,23,0
107466,20250727,1023,112,5,3,75,31,0
107467,20250727,1018,52,7,1,32,13,0
107468,20250727,1012,246,3,1,29,12,0.2
107469,20250727,1016,107,8,3,22,9,0
107470,20250727,1013,156,4,1,14,5,0.05
107471,20250727,1005,243,8,4,19,7,0
107472,20250727,1011,217,2,1,69,28,0
107473,20250727,1001,109,5,2,79,29,0.2
107474,20250727,1002,221,7,1,24,9,0
107475,20250727,1036,168,6,1,11,4,0
107476,20250727,1022,27,1,1,21,8,0.15
107477,20250728,1020,2,4,2,199,88,0
107478,20250728,1001,240,3,4,79,29,0.2
107479,20250728,1002,242,1,3,24,9,0
107480,20250728,1036,64,2,2,11,4,0
107481,20250728,1010,260,4,1,99,41,0.1
107482,20250728,1035,50,7,3,13,5,0.1
107483,20250728,1011,20,7,4,69,28,0.2
107484,20250728,1005,11,6,1,19,7,0
107485,20250728,1017,281,2,1,120,52,0
107486,20250729,1018,286,3,3,32,13,0.2
107487,20250729,1020,155,4,3,199,88,0.05
107488,20250729,1020,240,6,3,199,88,0.1
107489,20250729,1025,45,4,4,22,8,0
107490,20250729,1011,192,1,1,69,28,0.2
107491,20250729,1006,201,6,1,9,3,0.15
107492,20250729,1036,18,6,1,11,4,0
107493,20250729,1005,275,4,2,19,7,0.15
107494,20250729,1004,45,7,1,49,18,0.1
107495,20250729,1006,17,2,1,9,3,0
107496,20250729,1036,245,4,1,11,4,0
107497,20250729,1008,180,7,2,8,2,0.2
107498,20250729,1012,172,1,1,29,12,0
107499,20250729,1016,50,6,2,22,9,0
107500,20250729,1012,139,5,1,29,12,0
107501,20250729,1017,44,6,3,120,52,0
107502,20250729,1012,252,7,1,29,12,0.2
107503,20250729,1025,87,6,1,22,8,0.2
107504,20250730,1008,59,8,1,8,2,0
107505,20250730,1011,177,2,1,69,28,0
107506,20250730,1033,212,2,2,15,6,0
107507,20250730,1001,115,5,4,79,29,0
107508,20250730,1010,184,8,1,99,41,0
107509,20250730,1004,192,3,2,49,18,0.05
107510,20250730,1021,246,3,2,16,6,0
107511,20250730,1001,276,2,2,79,29,0.1
107512,20250730,1005,117,8,1,19,7,0
107513,20250730,1004,251,2,2,49,18,0
107514,20250730,1031,150,2,2,52,22,0
107515,20250730,1003,274,4,1,55,22,0
107516,20250730,1001,297,2,3,79,29,0
107517,20250730,1016,35,6,3,22,9,0
107518,20250730,1016,265,3,2,22,9,0.1
107519,20250730,1015,237,3,3,55,23,0
107520,20250730,1035,237,2,3,13,5,0.05
107521,20250730,1014,73,4,4,39,17,0
107522,20250731,1033,4,1,1,15,6,0.2
107523,20250731,1019,18,8,2,79,34,0
107524,20250731,1010,34,4,3,99,41,0.15
107525,20250731,1034,63,8,1,24,9,0
107526,20250731,1017,63,6,2,120,52,0
107527,20250731,1017,134,5,1,120,52,0
107528,20250731,1003,186,6,3,55,22,0.1
107529,20250731,1005,53,8,2,19,7,0
107530,20250731,1018,222,5,1,32,13,0
107531,20250731,1009,254,8,1,159,64,0
107532,20250731,1022,61,8,2,21,8,0.2
107533,20250801,1008,219,3,4,8,2,0.2
107534,20250801,1031,104,2,4,52,22,0
107535,20250801,1005,10,8,2,19,7,0.1
107536,20250801,1004,193,5,4,49,18,0
107537,20250801,1012,218,2,1,29,12,0.1
107538,20250801,1001,151,3,2,79,29,0.15
107539,20250801,1021,238,2,4,16,6,0.15
107540,20250801,1014,152,8,3,39,17,0.2
107541,20250801,1013,181,4,1,14,5,0.05
107542,20250801,1022,140,4,2,21,8,0
107543,20250801,1008,210,6,1,8,2,0.2
107544,20250801,1018,291,4,1,32,13,0
107545,20250801,1036,243,8,1,11,4,0.2
107546,20250802,1011,255,2,1,69,28,0.2
107547,20250802,1033,57,7,2,15,6,0
107548,20250802,1011,137,8,1,69,28,0
107549,20250802,1020,154,3,1,199,88,0.2
107550,20250802,1022,119,1,2,21,8,0
107551,20250802,1036,277,8,1,11,4,0.1
107552,20250802,1012,97,1,1,29,12,0.05
107553,20250802,1011,220,6,1,69,28,0
107554,20250802,1011,209,1,2,69,28,0.1
107555,20250802,1005,125,7,2,19,7,0.05
107556,20250802,1035,39,5,4,13,5,0.1
107557,20250802,1003,182,1,2,55,22,0
107558,20250802,1016,236,5,2,22,9,0.05
107559,20250802,1005,161,6,1,19,7,0.2
107560,20250802,1015,3,3,1,55,23,0
107561,20250802,1015,48,8,4,55,23,0.1
107562,20250802,1007,294,2,2,27,11,0.2
107563,20250802,1016,80,8,2,22,9,0
107564,20250802,1006,45,5,1,9,3,0.1
107565,20250802,1022,19,5,1,21,8,0.2
107566,20250802,1029,137,4,2,99,44,0
107567,20250802,1018,207,4,1,32,13,0
107568,20250803,1014,4,5,4,39,17,0
107569,20250803,1030,78,4,2,69,29,0.15
107570,20250803,1012,62,3,3,29,12,0.15
107571,20250803,1006,46,3,1,9,3,0
107572,20250803,1023,53,8,2,75,31,0.1
107573,20250803,1019,214,4,1,79,34,0
107574,20250803,1029,121,8,1,99,44,0
107575,20250803,1013,131,4,2,14,5,0
107576,20250803,1021,65,3,1,16,6,0.1
107577,20250803,1020,29,8,4,199,88,0
107578,20250803,1001,79,7,4,79,29,0
107579,20250803,1007,52,5,1,27,11,0
107580,20250803,1007,153,1,4,27,11,0.05
107581,20250803,1004,206,6,2,49,18,0.05
107582,20250803,1028,139,5,1,34,14,0.05
107583,20250803,1005,42,6,1,19,7,0
107584,20250803,1009,46,6,1,159,64,0
107585,20250803,1002,139,3,1,24,9,0.1
107586,20250803,1002,95,1,3,24,9,0
107587,20250803,1020,71,5,1,199,88,0
107588,20250803,1006,234,8,2,9,3,0
107589,20250803,1014,229,3,2,39,17,0
107590,20250803,1014,253,2,2,39,17,0
107591,20250803,1014,131,8,1,39,17,0
107592,20250803,1024,84,6,4,45,19,0.1
107593,20250803,1035,293,6,1,13,5,0
107594,20250803,1008,216,1,1,8,2,0
107595,20250803,1019,121,1,2,79,34,0.2
107596,20250803,1035,17,7,2,13,5,0
107597,20250803,1020,26,7,1,199,88,0.1
107598,20250804,1013,294,1,2,14,5,0.1
107599,20250804,1007,280,1,1,27,11,0
107600,20250804,1028,140,6,1,34,14,0
107601,20250804,1001,93,7,4,79,29,0.1
107602,20250804,1017,284,6,3,120,52,0.2
107603,20250804,1021,142,5,1,16,6,0.05
107604,20250804,1002,252,1,1,24,9,0
107605,20250804,1012,104,7,2,29,12,0
107606,20250804,1016,53,2,1,22,9,0
107607,20250804,1002,22,5,1,24,9,0.05
107608,20250804,1025,297,4,1,22,8,0.2
107609,20250804,1002,102,5,1,24,9,0
107610,20250804,1008,166,8,4,8,2,0
107611,20250804,1003,214,3,1,55,22,0
107612,20250804,1015,109,2,2,55,23,0.1
107613,20250804,1010,61,1,3,99,41,0.05
107614,20250805,1036,256,2,1,11,4,0
107615,20250805,1033,46,7,1,15,6,0
107616,20250805,1021,273,2,2,16,6,0
107617,20250805,1012,23,2,3,29,12,0.05
107618,20250805,1018,118,5,1,32,13,0.2
107619,20250805,1017,128,6,1,120,52,0.2
107620,20250805,1014,265,1,1,39,17,0
107621,20250805,1027,116,1,1,49,21,0
107622,20250805,1011,195,7,4,69,28,0.05
107623,20250805,1032,187,6,1,18,7,0.1
107624,20250805,1004,239,7,2,49,18,0
107625,20250805,1006,152,5,1,9,3,0
107626,20250806,1015,132,2,2,55,23,0.1
107627,20250806,1006,92,7,1,9,3,0.1
107628,20250806,1031,184,7,4,52,22,0.05
107629,20250806,1018,110,2,1,32,13,0
107630,20250806,1029,186,4,2,99,44,0
107631,20250806,1029,115,4,1,99,44,0
107632,20250806,1032,280,2,1,18,7,0.15
107633,20250806,1004,13,3,3,49,18,0.15
107634,20250806,1017,68,8,4,120,52,0
107635,20250806,1030,69,6,1,69,29,0.2
107636,20250806,1019,160,5,1,79,34,0.1
107637,20250806,1012,249,5,4,29,12,0
107638,20250806,1010,148,8,2,99,41,0
107639,20250806,1006,214,5,2,9,3,0
107640,20250806,1005,272,3,1,19,7,0
107641,20250806,1020,177,1,1,199,88,0.2
107642,20250806,1030,24,8,3,69,29,0
107643,20250806,1003,141,3,4,55,22,0
107644,20250806,1035,229,4,1,13,5,0
107645,20250807,1019,174,2,2,79,34,0.05
107646,20250807,1016,191,3,1,22,9,0.2
107647,20250807,1011,48,6,4,69,28,0.1
107648,20250807,1035,288,7,1,13,5,0.15
107649,20250807,1025,119,3,2,22,8,0.2
107650,20250807,1007,85,3,2,27,11,0
107651,20250807,1019,206,2,1,79,34,0
107652,20250807,1014,247,4,1,39,17,0
107653,20250807,1004,115,8,1,49,18,0
107654,20250808,1015,174,5,1,55,23,0
107655,20250808,1033,191,2,1,15,6,0.05
107656,20250808,1010,111,7,1,99,41,0
107657,20250808,1011,146,6,1,69,28,0.1
107658,20250808,1021,51,1,1,16,6,0
107659,20250808,1022,116,1,1,21,8,0.05
107660,20250808,1006,12,8,1,9,3,0.2
107661,20250808,1022,62,7,1,21,8,0.05
107662,20250808,1032,26,7,4,18,7,0
107663,20250808,1008,286,6,2,8,2,0
107664,20250808,1010,31,2,1,99,41,0.05
107665,20250809,1006,300,6,4,9,3,0
107666,20250809,1006,195,8,2,9,3,0
107667,20250809,1035,287,6,1,13,5,0.2
107668,20250809,1008,211,8,2,8,2,0
107669,20250809,1007,13,3,1,27,11,0
107670,20250809,1013,148,3,3,14,5,0
107671,20250809,1015,181,8,2,55,23,0.05
107672,20250809,1002,178,2,1,24,9,0.2
107673,20250809,1010,32,3,1,99,41,0.1
107674,20250809,1015,97,1,2,55,23,0.2
107675,20250809,1013,201,1,4,14,5,0.1
107676,20250809,1018,95,7,1,32,13,0.1
107677,20250809,1011,183,4,3,69,28,0.05
107678,20250809,1029,290,6,1,99,44,0
107679,20250809,1013,70,1,2,14,5,0
107680,20250809,1001,9,4,2,79,29,0
107681,20250809,1030,192,1,1,69,29,0.15
107682,20250809,1034,72,5,3,24,9,0.05
107683,20250809,1034,143,7,2,24,9,0.2
107684,20250809,1032,44,2,1,18,7,0
107685,20250809,1014,15,1,2,39,17,0.15
107686,20250809,1029,276,3,1,99,44,0.1
107687,20250809,1014,250,1,2,39,17,0.15
107688,20250809,1029,87,5,4,99,44,0
107689,20250810,1019,294,4,1,79,34,0.2
107690,20250810,1010,242,5,4,99,41,0.2
107691,20250810,1003,135,3,1,55,22,0.1
107692,20250810,1032,264,2,2,18,7,0
107693,20250810,1035,234,2,3,13,5,0
107694,20250810,1020,68,8,3,199,88,0.15
107695,20250810,1036,283,5,4,11,4,0
107696,20250810,1017,276,7,1,120,52,0
107697,20250810,1017,143,8,1,120,52,0
107698,20250810,1032,279,5,1,18,7,0.15
107699,20250810,1018,20,2,1,32,13,0
107700,20250810,1011,59,2,1,69,28,0.15
107701,20250810,1007,52,1,1,27,11,0
107702,20250810,1011,139,8,1,69,28,0
107703,20250810,1012,36,5,1,29,12,0
107704,20250810,1009,153,1,1,159,64,0.05
107705,20250811,1032,235,3,1,18,7,0.2
107706,20250811,1005,223,1,2,19,7,0
107707,20250811,1020,145,5,1,199,88,0
107708,20250811,1005,76,2,2,19,7,0
107709,20250811,1017,238,2,1,120,52,0
107710,20250811,1009,266,4,1,159,64,0
107711,20250811,1019,136,3,1,79,34,0.1
107712,20250811,1020,292,3,1,199,88,0.2
107713,20250811,1009,50,7,1,159,64,0
107714,20250811,1019,293,6,1,79,34,0.15
107715,20250811,1011,187,7,1,69,28,0.1
107716,20250811,1020,41,1,1,199,88,0.05
107717,20250811,1006,124,6,4,9,3,0
107718,20250811,1032,140,8,2,18,7,0.1
107719,20250811,1030,254,7,1,69,29,0.1
107720,20250812,1006,300,5,2,9,3,0
107721,20250812,1001,57,7,1,79,29,0
107722,20250812,1013,147,3,4,14,5,0
107723,20250812,1008,293,4,1,8,2,0
107724,20250812,1036,205,1,1,11,4,0.15
107725,20250812,1006,105,8,1,9,3,0
107726,20250812,1003,131,2,2,55,22,0.05
107727,20250812,1002,170,1,2,24,9,0
107728,20250812,1024,20,3,4,45,19,0.2
107729,20250812,1020,23,6,3,199,88,0.1
107730,20250812,1021,75,2,1,16,6,0.15
107731,20250812,1005,174,6,2,19,7,0
107732,20250812,1014,56,8,1,39,17,0.05
107733,20250812,1001,78,6,2,79,29,0.1
107734,20250812,1013,137,2,1,14,5,0.2
107735,20250813,1022,62,2,3,21,8,0.2
107736,20250813,1012,8,3,1,29,12,0
107737,20250813,1008,132,6,2,8,2,0.15
107738,20250813,1015,104,2,2,55,23,0
107739,20250813,1012,195,7,1,29,12,0.1
107740,20250813,1009,194,3,1,159,64,0
107741,20250813,1006,133,1,2,9,3,0.2
107742,20250813,1025,58,3,3,22,8,0
107743,20250813,1001,286,5,4,79,29,0
107744,20250813,1013,265,2,1,14,5,0
107745,20250813,1013,126,7,1,14,5,0
107746,20250813,1018,16,1,2,32,13,0
107747,20250813,1010,123,7,1,99,41,0.05
107748,20250814,1025,175,8,1,22,8,0.2
107749,20250814,1001,32,8,1,79,29,0.1
107750,20250814,1009,161,7,4,159,64,0.1
107751,20250814,1016,110,7,1,22,9,0
107752,20250814,1012,296,8,1,29,12,0
107753,20250814,1022,93,2,1,21,8,0.1
107754,20250814,1019,98,4,2,79,34,0.05
107755,20250814,1017,77,2,2,120,52,0
107756,20250814,1025,238,5,1,22,8,0.05
107757,20250814,1020,278,2,4,199,88,0
107758,20250814,1014,82,3,2,39,17,0.2
107759,20250814,1015,265,5,3,55,23,0
107760,20250814,1014,200,1,1,39,17,0.15
107761,20250815,1010,152,8,1,99,41,0
107762,20250815,1031,215,1,3,52,22,0.15
107763,20250815,1013,278,7,2,14,5,0.15
107764,20250815,1012,265,2,3,29,12,0.2
107765,20250815,1012,146,3,1,29,12,0
107766,20250815,1030,42,2,2,69,29,0.1
107767,20250815,1017,159,8,3,120,52,0
107768,20250815,1031,146,5,1,52,22,0.05
107769,20250815,1003,1,3,1,55,22,0
107770,20250815,1013,242,3,2,14,5,0
107771,20250815,1035,135,3,2,13,5,0
107772,20250815,1017,90,6,2,120,52,0
107773,20250815,1008,245,5,2,8,2,0.1
107774,20250815,1015,241,1,1,55,23,0.05
107775,20250815,1020,233,2,2,199,88,0
107776,20250815,1011,57,3,1,69,28,0.05
107777,20250816,1022,222,3,3,21,8,0.2
107778,20250816,1017,260,8,1,120,52,0
107779,20250816,1012,291,6,3,29,12,0.05
107780,20250816,1023,225,8,1,75,31,0
107781,20250816,1003,146,6,2,55,22,0.15
107782,20250816,1009,258,8,1,159,64,0
107783,20250816,1012,96,7,4,29,12,0.05
107784,20250816,1029,121,8,2,99,44,0.1
107785,20250816,1010,44,6,1,99,41,0
107786,20250816,1013,62,7,4,14,5,0.1
107787,20250816,1027,243,5,4,49,21,0.1
107788,20250816,1014,9,4,3,39,17,0
107789,20250816,1034,262,8,2,24,9,0
107790,20250816,1008,11,6,1,8,2,0.05
107791,20250816,1005,167,3,2,19,7,0
107792,20250816,1012,64,8,2,29,12,0
107793,20250816,1011,126,5,4,69,28,0
107794,20250816,1006,286,3,1,9,3,0.05
107795,20250816,1034,245,2,3,24,9,0
107796,20250817,1029,11,8,1,99,44,0.2
107797,20250817,1004,26,8,4,49,18,0.2
107798,20250817,1005,148,7,2,19,7,0
107799,20250817,1007,172,3,3,27,11,0
107800,20250817,1012,118,1,1,29,12,0
107801,20250817,1015,223,6,1,55,23,0
107802,20250817,1008,106,5,1,8,2,0.2
107803,20250817,1002,112,8,4,24,9,0.15
107804,20250817,1030,197,1,4,69,29,0.2
107805,20250817,1028,215,5,1,34,14,0.2
107806,20250817,1002,283,5,1,24,9,0
107807,20250817,1007,11,5,3,27,11,0
107808,20250817,1013,75,5,1,14,5,0
107809,20250817,1028,80,5,4,34,14,0
107810,20250817,1006,283,2,4,9,3,0
107811,20250817,1009,197,6,2,159,64,0
107812,20250817,1012,210,6,2,29,12,0.15
107813,20250817,1027,138,6,4,49,21,0.2
107814,20250817,1018,42,6,4,32,13,0.15
107815,20250818,1007,130,5,2,27,11,0.05
107816,20250818,1001,233,5,2,79,29,0
107817,20250818,1004,30,8,1,49,18,0.15
107818,20250818,1031,198,6,4,52,22,0
107819,20250818,1003,217,1,2,55,22,0
107820,20250818,1033,35,1,1,15,6,0.05
107821,20250818,1033,277,2,4,15,6,0.05
107822,20250818,1015,146,8,1,55,23,0
107823,20250818,1001,130,5,2,79,29,0
107824,20250818,1015,208,8,3,55,23,0
107825,20250818,1009,289,6,3,159,64,0.1
107826,20250818,1006,68,7,1,9,3,0.1
107827,20250819,1023,6,1,3,75,31,0
107828,20250819,1001,242,7,2,79,29,0.1
107829,20250819,1007,82,3,2,27,11,0
107830,20250819,1033,297,4,4,15,6,0
107831,20250819,1018,37,1,1,32,13,0.05
107832,20250819,1032,37,1,2,18,7,0.15
107833,20250819,1016,50,1,2,22,9,0
107834,20250819,1011,233,6,1,69,28,0.15
107835,20250819,1015,178,2,4,55,23,0
107836,20250819,1019,136,7,1,79,34,0
107837,20250819,1031,268,2,2,52,22,0.15
107838,20250819,1007,25,8,2,27,11,0
107839,20250819,1003,187,6,4,55,22,0.05
107840,20250819,1003,240,7,1,55,22,0.1
107841,20250819,1016,201,7,1,22,9,0
107842,20250819,1012,254,3,2,29,12,0.2
107843,20250819,1014,80,2,1,39,17,0
107844,20250820,1028,268,3,1,34,14,0.2
107845,20250820,1031,31,5,1,52,22,0.05
107846,20250820,1011,149,7,1,69,28,0.1
107847,20250820,1001,207,6,2,79,29,0.2
107848,20250820,1005,118,4,2,19,7,0.15
107849,20250820,1020,108,5,2,199,88,0
107850,20250820,1019,159,5,1,79,34,0
107851,20250820,1007,198,5,1,27,11,0
107852,20250820,1007,226,1,1,27,11,0
107853,20250820,1029,21,7,1,99,44,0
107854,20250820,1026,14,6,4,169,71,0.15
107855,20250820,1007,258,1,1,27,11,0.2
107856,20250820,1018,10,8,1,32,13,0
107857,20250821,1015,224,1,1,55,23,0.15
107858,20250821,1006,191,6,3,9,3,0
107859,20250821,1018,180,2,2,32,13,0.1
107860,20250821,1010,164,3,3,99,41,0.2
107861,20250821,1026,31,7,1,169,71,0
107862,20250821,1033,243,3,2,15,6,0.1
107863,20250821,1030,284,2,1,69,29,0.1
107864,20250821,1027,10,1,2,49,21,0
107865,20250821,1016,201,2,4,22,9,0.2
107866,20250821,1022,123,1,3,21,8,0.1
107867,20250821,1022,256,7,4,21,8,0.2
107868,20250821,1001,33,1,1,79,29,0
107869,20250821,1005,193,2,3,19,7,0.15
107870,20250822,1010,220,7,2,99,41,0
107871,20250822,1008,37,8,1,8,2,0
107872,20250822,1036,238,5,1,11,4,0
107873,20250822,1013,146,3,1,14,5,0
107874,20250822,1006,82,2,1,9,3,0.15
107875,20250822,1010,123,4,2,99,41,0.1
107876,20250822,1035,20,4,1,13,5,0.1
107877,20250822,1011,184,8,3,69,28,0.05
107878,20250822,1015,152,2,4,55,23,0
107879,20250822,1002,17,8,4,24,9,0
107880,20250822,1013,41,4,1,14,5,0
107881,20250822,1024,166,5,4,45,19,0.15
107882,20250823,1011,133,2,4,69,28,0.2
107883,20250823,1016,162,7,3,22,9,0
107884,20250823,1007,110,1,3,27,11,0.2
107885,20250823,1015,125,8,1,55,23,0.1
107886,20250823,1004,109,6,3,49,18,0
107887,20250823,1012,40,2,1,29,12,0.15
107888,20250823,1036,300,4,3,11,4,0.05
107889,20250823,1015,97,2,2,55,23,0.15
107890,20250823,1002,262,3,4,24,9,0.15
107891,20250823,1035,266,7,1,13,5,0.15
107892,20250823,1016,5,6,1,22,9,0.1
107893,20250823,1035,224,1,3,13,5,0
107894,20250823,1030,144,5,2,69,29,0
107895,20250823,1018,96,8,3,32,13,0.15
107896,20250823,1010,135,1,4,99,41,0.2
107897,20250823,1006,107,7,1,9,3,0.05
107898,20250823,1013,201,6,2,14,5,0
107899,20250823,1033,55,5,2,15,6,0.1
107900,20250823,1018,142,6,1,32,13,0
107901,20250824,1016,97,3,2,22,9,0.2
107902,20250824,1027,30,2,1,49,21,0.1
107903,20250824,1019,138,1,1,79,34,0
107904,20250824,1004,8,3,1,49,18,0
107905,20250824,1011,214,1,3,69,28,0
107906,20250824,1034,186,1,1,24,9,0
107907,20250824,1020,139,5,2,199,88,0.15
107908,20250824,1005,162,8,2,19,7,0
107909,20250824,1009,7,1,1,159,64,0
107910,20250824,1015,18,8,1,55,23,0
107911,20250824,1030,111,4,2,69,29,0.2
107912,20250824,1030,57,4,1,69,29,0.15
107913,20250824,1014,117,2,4,39,17,0.15
107914,20250824,1007,132,1,2,27,11,0
107915,20250824,1010,63,6,1,99,41,0.1
107916,20250824,1010,43,1,4,99,41,0
107917,20250825,1022,215,3,2,21,8,0.05
107918,20250825,1003,45,2,1,55,22,0
107919,20250825,1034,85,7,4,24,9,0
107920,20250825,1015,280,2,1,55,23,0.15
107921,20250825,1019,132,2,3,79,34,0
107922,20250825,1009,53,4,2,159,64,0.2
107923,20250825,1008,287,3,2,8,2,0.1
107924,20250825,1030,135,7,1,69,29,0
107925,20250825,1015,271,7,3,55,23,0.05
107926,20250826,1030,229,3,2,69,29,0
107927,20250826,1029,104,2,2,99,44,0
107928,20250826,1035,218,8,1,13,5,0
107929,20250826,1033,182,5,1,15,6,0
107930,20250826,1011,232,8,2,69,28,0.05
107931,20250826,1002,173,7,1,24,9,0.15
107932,20250826,1006,189,1,1,9,3,0
107933,20250826,1033,134,5,1,15,6,0
107934,20250826,1019,296,8,3,79,34,0.2
107935,20250826,1034,36,7,2,24,9,0.1
107936,20250826,1014,276,4,2,39,17,0
107937,20250826,1003,274,3,2,55,22,0.1
107938,20250826,1002,121,4,4,24,9,0.05
107939,20250826,1034,97,7,1,24,9,0.2
107940,20250826,1009,172,3,2,159,64,0
107941,20250827,1012,12,6,2,29,12,0.1
107942,20250827,1019,6,6,2,79,34,0.15
107943,20250827,1022,66,3,1,21,8,0
107944,20250827,1015,49,5,4,55,23,0.1
107945,20250827,1012,264,1,1,29,12,0.1
107946,20250827,1008,92,5,3,8,2,0.15
107947,20250827,1011,293,7,4,69,28,0.15
107948,20250827,1015,239,6,4,55,23,0
107949,20250827,1007,44,6,1,27,11,0
107950,20250827,1004,77,5,1,49,18,0.2
107951,20250827,1015,122,4,4,55,23,0.1
107952,20250828,1002,210,5,2,24,9,0
107953,20250828,1010,186,6,1,99,41,0.2
107954,20250828,1024,4,1,2,45,19,0
107955,20250828,1034,137,2,1,24,9,0.2
107956,20250828,1015,263,6,1,55,23,0
107957,20250828,1032,131,1,1,18,7,0
107958,20250828,1007,261,3,1,27,11,0.2
107959,20250828,1012,85,6,1,29,12,0.1
107960,20250828,1004,81,2,1,49,18,0
107961,20250828,1014,277,6,2,39,17,0
107962,20250828,1032,138,2,1,18,7,0
107963,20250828,1004,298,6,1,49,18,0.15
107964,20250828,1015,246,5,4,55,23,0
107965,20250828,1012,46,5,3,29,12,0.1
107966,20250828,1016,156,2,3,22,9,0.1
107967,20250828,1032,53,2,1,18,7,0
107968,20250828,1014,27,2,3,39,17,0.1
107969,20250829,1036,179,7,3,11,4,0
107970,20250829,1010,281,4,1,99,41,0
107971,20250829,1012,75,4,1,29,12,0.15
107972,20250829,1030,65,1,4,69,29,0.1
107973,20250829,1021,49,7,1,16,6,0.1
107974,20250829,1010,160,5,3,99,41,0.2
107975,20250829,1002,231,3,1,24,9,0.2
107976,20250829,1016,299,8,1,22,9,0.15
107977,20250829,1003,218,8,1,55,22,0
107978,20250829,1008,70,3,4,8,2,0.15
107979,20250829,1019,48,7,1,79,34,0
107980,20250829,1007,85,6,2,27,11,0.1
107981,20250830,1035,209,1,1,13,5,0.15
107982,20250830,1019,96,8,2,79,34,0.05
107983,20250830,1036,175,7,4,11,4,0.2
107984,20250830,1031,263,2,1,52,22,0
107985,20250830,1015,279,5,4,55,23,0
107986,20250830,1014,233,4,2,39,17,0
107987,20250830,1014,26,6,4,39,17,0
107988,20250830,1010,269,1,1,99,41,0
107989,20250830,1013,184,7,1,14,5,0.05
107990,20250830,1024,125,6,3,45,19,0.1
107991,20250830,1003,155,3,4,55,22,0.15
107992,20250830,1002,45,3,1,24,9,0
107993,20250830,1034,293,5,3,24,9,0.15
107994,20250830,1009,294,6,2,159,64,0
107995,20250830,1019,211,4,4,79,34,0.2
107996,20250830,1022,227,7,4,21,8,0.15
107997,20250830,1019,87,2,2,79,34,0.05
107998,20250830,1011,259,5,1,69,28,0
107999,20250830,1025,223,7,4,22,8,0.2
108000,20250830,1001,99,4,2,79,29,0.15
108001,20250831,1003,235,6,1,55,22,0
108002,20250831,1010,197,3,1,99,41,0.1
108003,20250831,1030,217,6,1,69,29,0
108004,20250831,1033,217,7,2,15,6,0
108005,20250831,1015,300,7,4,55,23,0
108006,20250831,1010,89,6,1,99,41,0
108007,20250831,1006,255,5,1,9,3,0.05
108008,20250831,1029,111,4,1,99,44,0
108009,20250831,1016,241,7,4,22,9,0
108010,20250831,1031,145,6,2,52,22,0
108011,20250831,1003,52,7,4,55,22,0.15
108012,20250831,1004,160,7,1,49,18,0.05
108013,20250831,1020,268,6,3,199,88,0
108014,20250831,1020,193,4,3,199,88,0
108015,20250831,1011,208,3,1,69,28,0.15
108016,20250831,1010,73,2,4,99,41,0.2
108017,20250831,1030,223,7,1,69,29,0.2
108018,20250901,1030,23,8,2,69,29,0
108019,20250901,1011,100,7,2,69,28,0
108020,20250901,1027,211,6,1,49,21,0.1
108021,20250901,1027,57,3,4,49,21,0
108022,20250901,1013,174,8,4,14,5,0.1
108023,20250901,1012,234,7,1,29,12,0.2
108024,20250901,1018,155,2,4,32,13,0
108025,20250901,1002,245,2,4,24,9,0
108026,20250901,1036,252,1,2,11,4,0.15
108027,20250901,1008,5,6,3,8,2,0.2
108028,20250901,1003,103,7,1,55,22,0.05
108029,20250901,1004,281,6,1,49,18,0
108030,20250901,1006,278,8,3,9,3,0
108031,20250901,1014,133,1,2,39,17,0
108032,20250901,1005,51,4,2,19,7,0.2
108033,20250901,1001,100,7,1,79,29,0.05
108034,20250901,1006,7,5,3,9,3,0.15
108035,20250901,1001,299,8,2,79,29,0.2
108036,20250902,1004,236,2,3,49,18,0
108037,20250902,1014,291,4,2,39,17,0
108038,20250902,1002,104,1,3,24,9,0.2
108039,20250902,1008,39,5,2,8,2,0
108040,20250902,1028,43,7,1,34,14,0
108041,20250902,1028,101,4,1,34,14,0
108042,20250903,1016,21,1,3,22,9,0
108043,20250903,1008,139,4,1,8,2,0.1
108044,20250903,1028,208,3,1,34,14,0.1
108045,20250903,1016,89,1,2,22,9,0.15
108046,20250903,1021,113,7,2,16,6,0.15
108047,20250903,1001,69,8,1,79,29,0.05
108048,20250903,1003,168,4,1,55,22,0
108049,20250903,1004,245,1,2,49,18,0.1
108050,20250903,1025,136,4,2,22,8,0
108051,20250903,1015,37,7,4,55,23,0.2
108052,20250903,1028,42,1,1,34,14,0
108053,20250903,1011,205,8,1,69,28,0
108054,20250903,1011,21,2,1,69,28,0
108055,20250903,1003,140,3,1,55,22,0.1
108056,20250903,1003,270,1,2,55,22,0.05
108057,20250903,1018,52,2,4,32,13,0.05
108058,20250904,1011,127,7,1,69,28,0
108059,20250904,1034,136,7,1,24,9,0.15
108060,20250904,1031,107,1,3,52,22,0.05
108061,20250904,1014,232,8,1,39,17,0.05
108062,20250904,1018,266,3,2,32,13,0
108063,20250904,1002,179,5,4,24,9,0.15
108064,20250904,1011,246,5,1,69,28,0.05
108065,20250904,1012,279,1,2,29,12,0
108066,20250904,1033,218,1,4,15,6,0.05
108067,20250904,1035,113,4,3,13,5,0
108068,20250905,1017,211,6,1,120,52,0.05
108069,20250905,1024,228,2,4,45,19,0
108070,20250905,1003,228,1,3,55,22,0.2
108071,20250905,1020,190,3,3,199,88,0.05
108072,20250905,1017,230,5,1,120,52,0
108073,20250905,1021,104,2,1,16,6,0.05
108074,20250905,1003,267,7,4,55,22,0
108075,20250905,1005,166,8,1,19,7,0
108076,20250906,1008,67,7,1,8,2,0
108077,20250906,1028,175,8,4,34,14,0
108078,20250906,1022,110,7,1,21,8,0
108079,20250906,1002,86,5,1,24,9,0
108080,20250906,1021,248,5,1,16,6,0.2
108081,20250906,1007,211,4,1,27,11,0.05
108082,20250906,1011,273,1,1,69,28,0
108083,20250906,1033,192,7,1,15,6,0
108084,20250906,1013,229,4,2,14,5,0
108085,20250906,1012,251,6,1,29,12,0.2
108086,20250906,1007,229,2,1,27,11,0.05
108087,20250906,1033,227,8,1,15,6,0.1
108088,20250906,1025,102,1,2,22,8,0.05
108089,20250906,1026,202,2,3,169,71,0
108090,20250906,1006,286,4,2,9,3,0.05
108091,20250906,1018,24,4,1,32,13,0.1
108092,20250906,1030,157,1,2,69,29,0
108093,20250906,1036,186,5,3,11,4,0
108094,20250906,1012,174,7,1,29,12,0
108095,20250906,1029,287,2,3,99,44,0
108096,20250907,1013,203,5,1,14,5,0
108097,20250907,1004,147,1,2,49,18,0
108098,20250907,1010,120,6,1,99,41,0.15
108099,20250907,1007,260,7,1,27,11,0
108100,20250907,1011,7,6,2,69,28,0.15
108101,20250907,1033,193,3,1,15,6,0.05
108102,20250907,1019,34,3,3,79,34,0
108103,20250907,1010,237,7,1,99,41,0
108104,20250907,1003,213,7,4,55,22,0
108105,20250907,1032,226,1,1,18,7,0.2
108106,20250907,1023,67,6,2,75,31,0.05
108107,20250907,1014,37,6,4,39,17,0
108108,20250907,1035,259,2,2,13,5,0.15
108109,20250907,1008,106,8,4,8,2,0
108110,20250907,1034,295,6,2,24,9,0
108111,20250907,1031,91,2,4,52,22,0.2
108112,20250907,1002,293,5,2,24,9,0.15
108113,20250908,1020,73,8,1,199,88,0
108114,20250908,1019,100,8,2,79,34,0.2
108115,20250908,1028,141,8,1,34,14,0.1
108116,20250908,1010,209,3,1,99,41,0
108117,20250908,1009,199,3,2,159,64,0.2
108118,20250908,1015,261,8,4,55,23,0
108119,20250908,1028,202,3,1,34,14,0.05
108120,20250908,1033,201,6,2,15,6,0
108121,20250908,1013,259,3,1,14,5,0.1
108122,20250908,1028,229,3,4,34,14,0.1
108123,20250908,1020,267,8,2,199,88,0
108124,20250908,1035,252,3,1,13,5,0.05
108125,20250908,1036,94,8,2,11,4,0
108126,20250908,1021,242,1,3,16,6,0.2
108127,20250909,1032,58,4,1,18,7,0
108128,20250909,1020,54,1,4,199,88,0
108129,20250909,1030,105,7,1,69,29,0.15
108130,20250909,1001,156,6,3,79,29,0.2
108131,20250909,1009,233,4,1,159,64,0
108132,20250909,1023,292,8,1,75,31,0
108133,20250909,1008,162,2,1,8,2,0.2
108134,20250909,1016,31,2,1,22,9,0.2
108135,20250909,1033,27,3,4,15,6,0.1
108136,20250909,1023,242,1,4,75,31,0.1
108137,20250909,1003,284,7,4,55,22,0
108138,20250910,1009,65,5,1,159,64,0
108139,20250910,1026,125,2,1,169,71,0.2
108140,20250910,1002,168,2,3,24,9,0.2
108141,20250910,1022,32,4,2,21,8,0
108142,20250910,1022,6,7,3,21,8,0
108143,20250910,1005,51,8,1,19,7,0
108144,20250910,1024,237,8,1,45,19,0.2
108145,20250910,1017,243,8,2,120,52,0.05
108146,20250910,1008,33,7,4,8,2,0
108147,20250910,1020,271,3,1,199,88,0.1
108148,20250910,1003,283,7,1,55,22,0
108149,20250911,1013,178,8,2,14,5,0.1
108150,20250911,1036,284,5,2,11,4,0
108151,20250911,1011,216,7,1,69,28,0
108152,20250911,1032,44,5,4,18,7,0
108153,20250911,1002,91,7,2,24,9,0.1
108154,20250911,1012,79,1,3,29,12,0.15
108155,20250911,1015,87,7,1,55,23,0.2
108156,20250911,1034,298,3,3,24,9,0
108157,20250912,1009,168,3,1,159,64,0
108158,20250912,1028,55,3,1,34,14,0
108159,20250912,1031,288,1,2,52,22,0.15
108160,20250912,1005,102,7,1,19,7,0
108161,20250912,1007,140,6,1,27,11,0.15
108162,20250912,1004,237,2,4,49,18,0
108163,20250912,1021,64,2,2,16,6,0
108164,20250912,1021,83,6,2,16,6,0
108165,20250912,1033,267,3,3,15,6,0
108166,20250912,1003,286,1,1,55,22,0
108167,20250912,1007,56,2,4,27,11,0
108168,20250912,1003,196,2,1,55,22,0
108169,20250912,1032,179,4,1,18,7,0
108170,20250913,1019,34,3,1,79,34,0.2
108171,20250913,1030,95,5,1,69,29,0
108172,20250913,1004,158,8,3,49,18,0.1
108173,20250913,1022,36,8,3,21,8,0.15
108174,20250913,1036,194,5,3,11,4,0
108175,20250913,1022,180,8,1,21,8,0.05
108176,20250913,1031,232,6,4,52,22,0
108177,20250913,1031,237,2,4,52,22,0.2
108178,20250913,1025,17,4,1,22,8,0
108179,20250913,1002,120,7,4,24,9,0.1
108180,20250913,1034,240,1,2,24,9,0
108181,20250913,1036,1,1,1,11,4,0.2
108182,20250913,1034,162,1,1,24,9,0
108183,20250913,1029,157,4,2,99,44,0
108184,20250913,1017,205,3,3,120,52,0
108185,20250913,1023,117,4,4,75,31,0.05
108186,20250913,1013,156,2,2,14,5,0.05
108187,20250913,1012,237,8,3,29,12,0.05
108188,20250913,1030,211,2,1,69,29,0.05
108189,20250913,1026,125,8,1,169,71,0
108190,20250913,1033,237,3,3,15,6,0.05
108191,20250913,1016,242,3,1,22,9,0.15
108192,20250913,1021,3,7,1,16,6,0.15
108193,20250913,1002,197,7,3,24,9,0
108194,20250913,1001,265,1,4,79,29,0
108195,20250914,1030,227,1,2,69,29,0
108196,20250914,1002,54,8,1,24,9,0
108197,20250914,1003,100,1,1,55,22,0.2
108198,20250914,1011,219,5,3,69,28,0.05
108199,20250914,1029,163,1,2,99,44,0.1
108200,20250914,1011,151,5,1,69,28,0
108201,20250914,1032,27,4,1,18,7,0
108202,20250914,1031,16,1,4,52,22,0.1
108203,20250914,1031,77,7,2,52,22,0.2
108204,20250914,1035,74,2,1,13,5,0
108205,20250914,1012,218,8,2,29,12,0.1
108206,20250914,1032,259,7,2,18,7,0.1
108207,20250914,1029,239,4,1,99,44,0
108208,20250914,1028,299,5,3,34,14,0
108209,20250914,1014,286,2,1,39,17,0
108210,20250914,1032,235,2,1,18,7,0
108211,20250914,1004,218,2,1,49,18,0.15
108212,20250914,1033,123,8,3,15,6,0.2
108213,20250914,1027,182,6,2,49,21,0
108214,20250915,1027,101,5,1,49,21,0.05
108215,20250915,1018,265,6,1,32,13,0
108216,20250915,1021,234,8,4,16,6,0
108217,20250915,1007,127,6,3,27,11,0
108218,20250915,1033,83,1,1,15,6,0.05
108219,20250915,1001,202,6,3,79,29,0.05
108220,20250915,1019,202,3,1,79,34,0
108221,20250915,1009,47,4,2,159,64,0
108222,20250915,1032,114,2,2,18,7,0
108223,20250915,1009,161,8,1,159,64,0.2
108224,20250915,1007,69,3,1,27,11,0
108225,20250915,1030,210,7,1,69,29,0.05
108226,20250915,1028,17,5,1,34,14,0.05
108227,20250916,1004,232,4,2,49,18,0.05
108228,20250916,1028,82,2,1,34,14,0.2
108229,20250916,1011,222,5,2,69,28,0.15
108230,20250916,1005,70,2,2,19,7,0.15
108231,20250916,1006,124,1,4,9,3,0.05
108232,20250916,1033,91,3,2,15,6,0
108233,20250916,1002,40,4,4,24,9,0.15
108234,20250916,1024,209,7,2,45,19,0
108235,20250916,1019,244,8,2,79,34,0
108236,20250916,1018,170,8,1,32,13,0.2
108237,20250916,1024,130,8,3,45,19,0
108238,20250916,1026,279,2,1,169,71,0.1
108239,20250916,1031,300,5,2,52,22,0
108240,20250916,1018,299,7,2,32,13,0.05
108241,20250916,1012,86,6,1,29,12,0
108242,20250917,1011,46,7,2,69,28,0.2
108243,20250917,1036,93,5,1,11,4,0.15
108244,20250917,1010,225,7,2,99,41,0
108245,20250917,1013,114,2,2,14,5,0.05
108246,20250917,1036,27,6,4,11,4,0.05
108247,20250917,1008,263,3,2,8,2,0.1
108248,20250917,1018,60,2,1,32,13,0.2
108249,20250917,1034,206,8,3,24,9,0.1
108250,20250917,1028,136,8,1,34,14,0
108251,20250917,1016,126,8,1,22,9,0.1
108252,20250917,1029,66,3,2,99,44,0
108253,20250917,1026,145,7,1,169,71,0
108254,20250918,1031,5,2,1,52,22,0
108255,20250918,1030,122,6,1,69,29,0.05
108256,20250918,1019,13,2,4,79,34,0.2
108257,20250918,1024,70,4,4,45,19,0.05
108258,20250918,1032,254,5,2,18,7,0
108259,20250918,1025,109,3,4,22,8,0.1
108260,20250918,1025,164,7,3,22,8,0.15
108261,20250918,1018,89,3,1,32,13,0.15
108262,20250918,1010,157,4,1,99,41,0
108263,20250919,1014,193,2,1,39,17,0
108264,20250919,1015,43,2,3,55,23,0.05
108265,20250919,1010,144,2,4,99,41,0.1
108266,20250919,1015,71,4,2,55,23,0
108267,20250919,1010,135,1,2,99,41,0.05
108268,20250919,1035,176,5,1,13,5,0.2
108269,20250919,1020,238,4,3,199,88,0
108270,20250919,1032,119,4,2,18,7,0
108271,20250919,1017,191,8,1,120,52,0.1
108272,20250919,1015,101,2,1,55,23,0
108273,20250919,1025,216,5,1,22,8,0.15
108274,20250919,1003,48,6,1,55,22,0.15
108275,20250920,1015,191,6,1,55,23,0.15
108276,20250920,1002,58,1,1,24,9,0.05
108277,20250920,1006,72,1,1,9,3,0
108278,20250920,1009,117,3,1,159,64,0.2
108279,20250920,1002,279,7,4,24,9,0.15
108280,20250920,1022,10,3,4,21,8,0
108281,20250920,1034,98,6,2,24,9,0.05
108282,20250920,1016,199,5,2,22,9,0
108283,20250920,1009,7,7,4,159,64,0.15
108284,20250920,1013,37,2,2,14,5,0.2
108285,20250920,1036,57,2,1,11,4,0.1
108286,20250920,1022,130,7,3,21,8,0
108287,20250920,1022,192,8,1,21,8,0.05
108288,20250920,1036,8,1,2,11,4,0
108289,20250920,1019,21,1,1,79,34,0
108290,20250920,1034,98,2,4,24,9,0
108291,20250920,1018,11,6,1,32,13,0.2
108292,20250921,1014,114,2,2,39,17,0.1
108293,20250921,1001,258,3,4,79,29,0
108294,20250921,1008,252,3,3,8,2,0
108295,20250921,1011,49,1,3,69,28,0.15
108296,20250921,1007,251,5,1,27,11,0
108297,20250921,1016,159,6,1,22,9,0.05
108298,20250921,1013,143,3,3,14,5,0.15
108299,20250921,1025,41,5,3,22,8,0
108300,20250921,1023,101,4,4,75,31,0.15
108301,20250921,1024,133,4,2,45,19,0.2
108302,20250921,1006,147,4,4,9,3,0.15
108303,20250921,1027,224,8,4,49,21,0
108304,20250921,1025,239,3,1,22,8,0
108305,20250921,1021,207,4,2,16,6,0.05
108306,20250921,1008,263,2,1,8,2,0.15
108307,20250921,1001,267,3,1,79,29,0
108308,20250922,1022,73,3,1,21,8,0
108309,20250922,1009,133,5,1,159,64,0
108310,20250922,1010,200,6,1,99,41,0
108311,20250922,1029,56,3,1,99,44,0.15
108312,20250922,1032,278,5,1,18,7,0
108313,20250922,1002,134,7,1,24,9,0.05
108314,20250922,1036,53,8,3,11,4,0
108315,20250922,1028,193,6,1,34,14,0.2
108316,20250922,1030,81,7,1,69,29,0
108317,20250922,1003,233,5,4,55,22,0
108318,20250923,1035,240,7,2,13,5,0.15
108319,20250923,1016,88,1,3,22,9,0.1
108320,20250923,1004,127,6,2,49,18,0
108321,20250923,1034,89,1,2,24,9,0.1
108322,20250923,1019,161,3,1,79,34,0.2
108323,20250923,1031,282,4,3,52,22,0
108324,20250923,1004,138,4,3,49,18,0
108325,20250923,1013,10,1,3,14,5,0
108326,20250923,1006,100,3,1,9,3,0
108327,20250923,1016,174,6,1,22,9,0.15
108328,20250923,1022,249,2,3,21,8,0.15
108329,20250923,1036,274,6,1,11,4,0
108330,20250923,1019,231,7,2,79,34,0
108331,20250923,1028,17,7,2,34,14,0.1
108332,20250923,1021,206,6,1,16,6,0
108333,20250923,1013,34,5,1,14,5,0.15
108334,20250923,1008,271,8,1,8,2,0
108335,20250923,1001,29,7,1,79,29,0.2
108336,20250923,1031,60,3,2,52,22,0.05
108337,20250923,1014,106,8,4,39,17,0
108338,20250924,1003,122,7,1,55,22,0
108339,20250924,1003,227,7,2,55,22,0.05
108340,20250924,1002,197,7,2,24,9,0
108341,20250924,1002,34,5,1,24,9,0.15
108342,20250924,1018,200,2,2,32,13,0.1
108343,20250924,1007,23,1,1,27,11,0
108344,20250924,1015,46,7,1,55,23,0.05
108345,20250924,1014,128,7,4,39,17,0.15
108346,20250924,1013,16,5,3,14,5,0
108347,20250924,1015,143,5,3,55,23,0
108348,20250924,1007,50,6,2,27,11,0
108349,20250925,1007,10,8,2,27,11,0.1
108350,20250925,1017,15,7,2,120,52,0.1
108351,20250925,1007,16,3,2,27,11,0
108352,20250925,1010,225,2,2,99,41,0.2
108353,20250925,1020,201,6,4,199,88,0
108354,20250925,1002,231,8,1,24,9,0.05
108355,20250925,1027,159,7,2,49,21,0
108356,20250925,1002,159,7,1,24,9,0
108357,20250925,1027,33,3,1,49,21,0.05
108358,20250925,1024,257,1,3,45,19,0.15
108359,20250925,1012,141,3,1,29,12,0.15
108360,20250925,1019,177,2,1,79,34,0
108361,20250925,1014,277,1,2,39,17,0.05
108362,20250926,1025,20,1,1,22,8,0.05
108363,20250926,1029,93,1,1,99,44,0
108364,20250926,1033,201,3,2,15,6,0
108365,20250926,1014,300,5,1,39,17,0.1
108366,20250926,1028,82,6,2,34,14,0.1
108367,20250926,1009,176,3,2,159,64,0
108368,20250926,1009,34,5,2,159,64,0
108369,20250926,1006,298,8,4,9,3,0
108370,20250926,1001,293,4,2,79,29,0.1
108371,20250926,1012,118,6,2,29,12,0
108372,20250926,1020,142,6,2,199,88,0.2
108373,20250926,1014,139,4,2,39,17,0.2
108374,20250926,1005,135,8,1,19,7,0.2
108375,20250927,1012,86,1,1,29,12,0
108376,20250927,1007,215,4,4,27,11,0
108377,20250927,1004,11,2,1,49,18,0.15
108378,20250927,1030,295,8,1,69,29,0.05
108379,20250927,1003,285,1,1,55,22,0.05
108380,20250927,1022,12,1,4,21,8,0
108381,20250927,1010,36,8,4,99,41,0
108382,20250927,1029,170,5,2,99,44,0.15
108383,20250927,1028,265,2,1,34,14,0
108384,20250927,1008,124,1,2,8,2,0.05
108385,20250927,1018,212,8,1,32,13,0.05
108386,20250927,1008,26,2,1,8,2,0
108387,20250927,1011,227,7,3,69,28,0
108388,20250927,1026,60,6,2,169,71,0.15
108389,20250927,1022,36,4,2,21,8,0
108390,20250927,1035,255,4,1,13,5,0
108391,20250928,1032,15,7,3,18,7,0.15
108392,20250928,1013,61,6,2,14,5,0
108393,20250928,1003,90,3,2,55,22,0.05
108394,20250928,1018,43,2,4,32,13,0
108395,20250928,1001,233,8,1,79,29,0.05
108396,20250928,1006,130,6,2,9,3,0
108397,20250928,1015,193,4,2,55,23,0.05
108398,20250928,1021,280,2,3,16,6,0.15
108399,20250928,1004,101,8,4,49,18,0
108400,20250928,1003,7,8,1,55,22,0.1
108401,20250928,1035,211,2,3,13,5,0.05
108402,20250928,1020,187,8,4,199,88,0.15
108403,20250928,1005,211,7,1,19,7,0
108404,20250928,1029,228,2,4,99,44,0
108405,20250928,1018,191,6,4,32,13,0
108406,20250928,1026,291,5,3,169,71,0.15
108407,20250928,1018,171,7,1,32,13,0.1
108408,20250928,1011,87,4,1,69,28,0
108409,20250928,1010,17,2,3,99,41,0
108410,20250928,1009,100,8,4,159,64,0.05
108411,20250929,1007,293,5,3,27,11,0.1
108412,20250929,1008,29,1,1,8,2,0.1
108413,20250929,1020,134,2,2,199,88,0
108414,20250929,1013,58,1,2,14,5,0.15
108415,20250929,1029,33,2,3,99,44,0.2
108416,20250929,1029,140,7,1,99,44,0.2
108417,20250929,1030,249,3,4,69,29,0.1
108418,20250929,1009,29,7,3,159,64,0.1
108419,20250929,1026,155,6,2,169,71,0.2
108420,20250930,1030,188,5,1,69,29,0.15
108421,20250930,1012,209,5,1,29,12,0
108422,20250930,1008,192,7,4,8,2,0
108423,20250930,1005,121,3,2,19,7,0
108424,20250930,1028,227,5,2,34,14,0
108425,20250930,1003,24,2,1,55,22,0.15
108426,20250930,1033,250,1,2,15,6,0
108427,20250930,1036,251,8,4,11,4,0.2
108428,20250930,1007,165,1,3,27,11,0
108429,20250930,1028,19,5,4,34,14,0
108430,20250930,1013,298,8,2,14,5,0.2
108431,20251001,1006,199,2,2,9,3,0.2
108432,20251001,1026,221,8,1,169,71,0
108433,20251001,1034,49,5,1,24,9,0
108434,20251001,1005,187,8,2,19,7,0
108435,20251001,1003,57,3,1,55,22,0
108436,20251001,1029,182,2,3,99,44,0
108437,20251001,1030,130,3,3,69,29,0
108438,20251001,1034,144,1,1,24,9,0
108439,20251001,1021,58,3,1,16,6,0.2
108440,20251001,1002,244,4,1,24,9,0
108441,20251001,1031,258,8,1,52,22,0.05
108442,20251001,1031,65,8,2,52,22,0
108443,20251001,1033,289,2,3,15,6,0.05
108444,20251001,1018,69,7,1,32,13,0
108445,20251002,1032,291,4,2,18,7,0
108446,20251002,1032,81,7,2,18,7,0
108447,20251002,1029,104,6,1,99,44,0.2
108448,20251002,1018,38,7,1,32,13,0.2
108449,20251002,1032,158,7,1,18,7,0.05
108450,20251002,1025,12,7,4,22,8,0
108451,20251002,1026,254,3,3,169,71,0.1
108452,20251002,1020,211,1,1,199,88,0.1
108453,20251002,1004,206,2,1,49,18,0.05
108454,20251003,1002,108,3,3,24,9,0.1
108455,20251003,1012,265,4,1,29,12,0.2
108456,20251003,1034,110,1,2,24,9,0.15
108457,20251003,1005,12,7,1,19,7,0
108458,20251003,1007,68,5,1,27,11,0.05
108459,20251003,1007,190,1,3,27,11,0.2
108460,20251003,1030,296,7,4,69,29,0
108461,20251003,1012,202,5,2,29,12,0
108462,20251004,1028,78,7,2,34,14,0.1
108463,20251004,1028,193,3,2,34,14,0
108464,20251004,1020,50,8,1,199,88,0.1
108465,20251004,1025,196,2,3,22,8,0.2
108466,20251004,1020,60,2,1,199,88,0.2
108467,20251004,1024,89,8,4,45,19,0
108468,20251004,1028,243,2,2,34,14,0
108469,20251004,1035,27,5,1,13,5,0
108470,20251004,1015,52,5,2,55,23,0.1
108471,20251004,1005,172,4,3,19,7,0.05
108472,20251004,1022,62,3,1,21,8,0.2
108473,20251004,1028,24,7,2,34,14,0.2
108474,20251004,1026,2,3,3,169,71,0.15
108475,20251004,1020,68,1,3,199,88,0.1
108476,20251004,1006,47,6,1,9,3,0
108477,20251005,1035,262,1,1,13,5,0
108478,20251005,1021,56,6,1,16,6,0.1
108479,20251005,1025,75,2,1,22,8,0
108480,20251005,1007,286,7,1,27,11,0
108481,20251005,1033,279,6,2,15,6,0
108482,20251005,1029,211,6,3,99,44,0
108483,20251005,1032,269,5,1,18,7,0
108484,20251005,1035,211,3,1,13,5,0
108485,20251005,1028,53,1,1,34,14,0
108486,20251005,1001,293,3,1,79,29,0.1
108487,20251006,1032,48,6,2,18,7,0
108488,20251006,1022,146,8,4,21,8,0
108489,20251006,1027,33,5,1,49,21,0.2
108490,20251006,1022,4,6,3,21,8,0.05
108491,20251006,1004,66,7,1,49,18,0
108492,20251006,1004,261,8,1,49,18,0
108493,20251006,1003,142,7,1,55,22,0.2
108494,20251006,1006,34,1,1,9,3,0.2
108495,20251006,1028,270,6,1,34,14,0.15
108496,20251006,1023,104,5,3,75,31,0
108497,20251006,1006,28,4,4,9,3,0.1
108498,20251007,1003,158,5,2,55,22,0.1
108499,20251007,1019,286,6,1,79,34,0
108500,20251007,1015,187,3,2,55,23,0.2
108501,20251007,1023,182,1,3,75,31,0.1
108502,20251007,1019,177,5,1,79,34,0.2
108503,20251007,1024,286,3,2,45,19,0
108504,20251007,1030,127,4,1,69,29,0.2
108505,20251007,1003,80,5,3,55,22,0
108506,20251007,1005,99,7,2,19,7,0
108507,20251007,1032,81,2,2,18,7,0.15
108508,20251007,1007,298,3,1,27,11,0.1
108509,20251007,1032,190,6,1,18,7,0.05
108510,20251007,1007,292,7,1,27,11,0
108511,20251007,1035,152,2,3,13,5,0
108512,20251007,1010,183,7,2,99,41,0
108513,20251008,1032,70,6,1,18,7,0.2
108514,20251008,1027,15,4,3,49,21,0
108515,20251008,1008,154,5,3,8,2,0.2
108516,20251008,1020,245,5,1,199,88,0
108517,20251008,1007,187,6,2,27,11,0
108518,20251008,1032,5,8,2,18,7,0.2
108519,20251008,1020,266,7,2,199,88,0
108520,20251008,1032,259,5,1,18,7,0
108521,20251008,1021,293,2,1,16,6,0
108522,20251008,1028,7,1,1,34,14,0
108523,20251008,1003,45,5,1,55,22,0.2
108524,20251008,1019,130,4,1,79,34,0
108525,20251008,1011,299,3,2,69,28,0
108526,20251009,1015,184,1,1,55,23,0.1
108527,20251009,1014,300,6,1,39,17,0
108528,20251009,1013,244,5,1,14,5,0.1
108529,20251009,1012,195,5,1,29,12,0
108530,20251009,1036,184,5,3,11,4,0
108531,20251009,1026,258,6,1,169,71,0
108532,20251009,1023,51,1,2,75,31,0.2
108533,20251009,1031,296,6,4,52,22,0
108534,20251009,1036,54,2,2,11,4,0.15
108535,20251009,1005,107,3,1,19,7,0.05
108536,20251009,1028,232,7,4,34,14,0.15
108537,20251009,1009,234,4,1,159,64,0.15
108538,20251010,1007,280,8,1,27,11,0
108539,20251010,1023,126,1,1,75,31,0
108540,20251010,1025,40,6,1,22,8,0.2
108541,20251010,1025,124,4,4,22,8,0
108542,20251010,1025,291,5,2,22,8,0
108543,20251010,1010,186,1,1,99,41,0.05
108544,20251010,1010,30,8,2,99,41,0
108545,20251010,1031,108,3,2,52,22,0
108546,20251010,1026,69,6,2,169,71,0.2
108547,20251010,1005,146,1,1,19,7,0.15
108548,20251010,1031,67,3,4,52,22,0.05
108549,20251010,1031,115,2,1,52,22,0
108550,20251010,1032,248,4,1,18,7,0
108551,20251010,1018,246,7,1,32,13,0.05
108552,20251011,1029,247,4,1,99,44,0
108553,20251011,1003,295,5,2,55,22,0
108554,20251011,1003,270,3,1,55,22,0
108555,20251011,1012,237,1,2,29,12,0.2
108556,20251011,1035,73,6,1,13,5,0
108557,20251011,1020,251,8,2,199,88,0
108558,20251011,1019,257,4,3,79,34,0
108559,20251011,1025,270,1,3,22,8,0.05
108560,20251011,1013,150,2,2,14,5,0
108561,20251011,1023,15,4,4,75,31,0
108562,20251011,1031,69,2,1,52,22,0.15
108563,20251011,1026,65,6,1,169,71,0.15
108564,20251011,1028,197,1,1,34,14,0.2
108565,20251011,1019,124,7,2,79,34,0.05
108566,20251011,1021,151,8,4,16,6,0
108567,20251011,1033,177,2,2,15,6,0
108568,20251011,1015,84,7,1,55,23,0.15
108569,20251011,1001,200,4,1,79,29,0.15
108570,20251011,1019,234,2,1,79,34,0.2
108571,20251012,1031,263,3,3,52,22,0
108572,20251012,1005,52,5,1,19,7,0
108573,20251012,1024,106,4,1,45,19,0
108574,20251012,1008,121,8,1,8,2,0
108575,20251012,1017,45,4,2,120,52,0
108576,20251012,1021,5,4,4,16,6,0
108577,20251012,1014,255,2,2,39,17,0.15
108578,20251012,1026,251,2,2,169,71,0
108579,20251012,1011,216,1,3,69,28,0
108580,20251012,1013,191,7,2,14,5,0.05
108581,20251012,1023,8,5,1,75,31,0.05
108582,20251012,1004,251,2,3,49,18,0
108583,20251013,1016,71,3,1,22,9,0
108584,20251013,1032,58,5,4,18,7,0
108585,20251013,1022,35,5,1,21,8,0
108586,20251013,1008,72,2,4,8,2,0
108587,20251013,1019,62,2,4,79,34,0
108588,20251013,1021,294,5,2,16,6,0
108589,20251013,1018,158,7,1,32,13,0
108590,20251013,1022,112,8,2,21,8,0.05
108591,20251013,1029,190,4,1,99,44,0.05
108592,20251013,1008,47,3,2,8,2,0.05
108593,20251014,1017,259,8,2,120,52,0.15
108594,20251014,1008,285,1,3,8,2,0
108595,20251014,1005,34,3,4,19,7,0.2
108596,20251014,1025,3,7,2,22,8,0.1
108597,20251014,1008,200,8,3,8,2,0.1
108598,20251014,1031,100,2,1,52,22,0
108599,20251014,1020,296,1,1,199,88,0
108600,20251014,1035,43,8,1,13,5,0.2
108601,20251014,1029,295,7,1,99,44,0
108602,20251014,1017,201,7,1,120,52,0
108603,20251014,1015,167,7,2,55,23,0.1
108604,20251014,1017,10,5,2,120,52,0
108605,20251014,1033,178,3,1,15,6,0.15
108606,20251014,1005,35,8,1,19,7,0
108607,20251014,1012,84,6,2,29,12,0
108608,20251015,1013,91,2,1,14,5,0
108609,20251015,1033,235,4,4,15,6,0
108610,20251015,1019,282,6,2,79,34,0.2
108611,20251015,1018,265,7,4,32,13,0.15
108612,20251015,1030,32,2,2,69,29,0.05
108613,20251015,1032,189,6,4,18,7,0.1
108614,20251015,1031,18,1,2,52,22,0.15
108615,20251015,1028,126,3,1,34,14,0.1
108616,20251015,1003,41,3,2,55,22,0
108617,20251015,1005,56,3,2,19,7,0.2
108618,20251016,1025,78,8,1,22,8,0.2
108619,20251016,1009,7,7,4,159,64,0
108620,20251016,1031,75,4,1,52,22,0
108621,20251016,1023,187,6,2,75,31,0.1
108622,20251016,1029,84,1,2,99,44,0
108623,20251016,1021,130,1,1,16,6,0.1
108624,20251016,1018,235,3,4,32,13,0
108625,20251016,1014,147,3,2,39,17,0.15
108626,20251016,1017,78,1,4,120,52,0
108627,20251016,1005,39,2,1,19,7,0.05
108628,20251016,1035,279,4,3,13,5,0.15
108629,20251016,1013,40,3,1,14,5,0.15
108630,20251017,1036,135,1,3,11,4,0.15
108631,20251017,1034,48,4,1,24,9,0.15
108632,20251017,1030,53,6,1,69,29,0
108633,20251017,1009,187,4,1,159,64,0
108634,20251017,1035,267,8,4,13,5,0
108635,20251017,1015,282,3,2,55,23,0
108636,20251017,1022,265,1,2,21,8,0
108637,20251017,1022,207,5,1,21,8,0
108638,20251017,1004,20,5,1,49,18,0
108639,20251017,1034,23,5,1,24,9,0
108640,20251018,1018,234,8,1,32,13,0.1
108641,20251018,1003,233,7,3,55,22,0
108642,20251018,1030,230,4,1,69,29,0.05
108643,20251018,1007,36,4,1,27,11,0
108644,20251018,1028,189,8,4,34,14,0.2
108645,20251018,1034,77,3,4,24,9,0
108646,20251018,1009,261,7,1,159,64,0.1
108647,20251018,1031,298,6,3,52,22,0
108648,20251018,1032,286,6,1,18,7,0.2
108649,20251018,1017,291,2,3,120,52,0.1
108650,20251018,1023,114,5,4,75,31,0
108651,20251018,1014,242,4,2,39,17,0.15
108652,20251018,1018,14,8,1,32,13,0.15
108653,20251018,1009,226,1,2,159,64,0.05
108654,20251019,1021,83,3,1,16,6,0
108655,20251019,1027,217,2,3,49,21,0.05
108656,20251019,1030,281,4,2,69,29,0
108657,20251019,1022,15,6,3,21,8,0.05
108658,20251019,1010,161,8,4,99,41,0
108659,20251019,1035,60,4,1,13,5,0
108660,20251019,1022,135,5,3,21,8,0
108661,20251019,1002,281,5,2,24,9,0.05
108662,20251019,1015,44,2,1,55,23,0
108663,20251019,1020,190,4,1,199,88,0
108664,20251019,1001,217,7,4,79,29,0
108665,20251019,1013,148,3,1,14,5,0.15
108666,20251019,1001,152,6,2,79,29,0.2
108667,20251019,1009,73,1,1,159,64,0.05
108668,20251019,1029,82,7,1,99,44,0.05
108669,20251019,1020,11,3,1,199,88,0
108670,20251019,1009,267,4,2,159,64,0.1
108671,20251019,1023,241,7,2,75,31,0.2
108672,20251019,1009,297,8,3,159,64,0
108673,20251019,1013,267,1,1,14,5,0.05
108674,20251020,1008,179,5,1,8,2,0
108675,20251020,1003,264,2,1,55,22,0
108676,20251020,1023,8,7,1,75,31,0
108677,20251020,1036,290,1,1,11,4,0
108678,20251020,1020,152,5,1,199,88,0.05
108679,20251020,1036,252,3,4,11,4,0
108680,20251020,1014,9,5,4,39,17,0.05
108681,20251020,1036,146,7,3,11,4,0
108682,20251020,1011,282,5,3,69,28,0
108683,20251020,1015,119,5,1,55,23,0.15
108684,20251020,1032,66,4,2,18,7,0.1
108685,20251020,1033,108,3,3,15,6,0
108686,20251021,1029,118,6,1,99,44,0.15
108687,20251021,1002,37,4,1,24,9,0.2
108688,20251021,1016,2,3,2,22,9,0
108689,20251021,1028,217,2,2,34,14,0
108690,20251021,1034,198,8,4,24,9,0.15
108691,20251021,1030,202,4,4,69,29,0
108692,20251021,1031,75,2,4,52,22,0.1
108693,20251022,1031,10,5,1,52,22,0.1
108694,20251022,1006,96,4,3,9,3,0.2
108695,20251022,1035,43,1,4,13,5,0.05
108696,20251022,1035,68,8,2,13,5,0
108697,20251022,1002,103,4,1,24,9,0
108698,20251022,1036,65,8,4,11,4,0
108699,20251022,1029,76,4,2,99,44,0.05
108700,20251022,1005,181,5,1,19,7,0
108701,20251023,1001,265,8,2,79,29,0
108702,20251023,1036,138,8,4,11,4,0
108703,20251023,1016,248,4,1,22,9,0
108704,20251023,1026,228,7,1,169,71,0
108705,20251023,1030,125,2,4,69,29,0.15
108706,20251023,1028,200,4,1,34,14,0
108707,20251024,1009,103,5,3,159,64,0.05
108708,20251024,1020,58,1,2,199,88,0
108709,20251024,1001,87,7,1,79,29,0
108710,20251024,1032,276,1,3,18,7,0
108711,20251024,1032,236,2,1,18,7,0.1
108712,20251024,1002,181,6,2,24,9,0
108713,20251024,1003,104,2,1,55,22,0
108714,20251024,1003,250,7,4,55,22,0
108715,20251024,1023,152,5,2,75,31,0
108716,20251025,1025,219,2,1,22,8,0.05
108717,20251025,1032,130,1,1,18,7,0.15
108718,20251025,1002,86,6,4,24,9,0.1
108719,20251025,1008,91,3,2,8,2,0
108720,20251025,1026,137,7,2,169,71,0
108721,20251025,1031,285,4,2,52,22,0.2
108722,20251025,1004,81,7,4,49,18,0.05
108723,20251025,1007,18,4,1,27,11,0
108724,20251025,1029,37,3,3,99,44,0
108725,20251025,1005,250,4,2,19,7,0
108726,20251025,1030,145,8,1,69,29,0
108727,20251025,1020,32,6,2,199,88,0
108728,20251025,1010,246,7,1,99,41,0.1
108729,20251025,1027,273,7,1,49,21,0.15
108730,20251025,1025,234,4,1,22,8,0.05
108731,20251025,1014,155,8,3,39,17,0.15
108732,20251025,1026,228,8,1,169,71,0
108733,20251026,1017,247,6,4,120,52,0
108734,20251026,1009,170,3,2,159,64,0.1
108735,20251026,1024,233,6,1,45,19,0.05
108736,20251026,1022,29,1,3,21,8,0
108737,20251026,1019,51,3,2,79,34,0
108738,20251026,1034,141,2,2,24,9,0
108739,20251026,1008,47,1,2,8,2,0
108740,20251026,1034,71,8,1,24,9,0
108741,20251026,1036,20,7,3,11,4,0
108742,20251026,1019,279,5,4,79,34,0
108743,20251026,1017,185,8,1,120,52,0.05
108744,20251026,1011,278,4,2,69,28,0
108745,20251026,1021,177,4,2,16,6,0.2
108746,20251026,1013,178,2,1,14,5,0
108747,20251026,1036,92,8,1,11,4,0.1
108748,20251026,1034,212,8,3,24,9,0.1
108749,20251026,1024,266,6,2,45,19,0
108750,20251026,1027,112,5,1,49,21,0.2
108751,20251026,1034,138,1,4,24,9,0
108752,20251026,1008,259,5,4,8,2,0.1
108753,20251026,1011,123,6,4,69,28,0
108754,20251027,1036,69,7,2,11,4,0
108755,20251027,1029,93,8,4,99,44,0.2
108756,20251027,1002,75,6,2,24,9,0
108757,20251027,1007,32,6,4,27,11,0.05
108758,20251027,1016,123,7,1,22,9,0
108759,20251027,1004,110,2,2,49,18,0.1
108760,20251027,1005,73,8,1,19,7,0.15
108761,20251027,1011,251,5,1,69,28,0.2
108762,20251027,1016,172,7,1,22,9,0.15
108763,20251027,1016,72,7,2,22,9,0
108764,20251027,1028,218,7,1,34,14,0.1
108765,20251028,1029,108,2,2,99,44,0
108766,20251028,1012,95,4,4,29,12,0
108767,20251028,1031,210,1,3,52,22,0.15
108768,20251028,1013,128,7,1,14,5,0.1
108769,20251028,1008,47,5,2,8,2,0
108770,20251028,1029,173,3,1,99,44,0.15
108771,20251028,1022,196,8,2,21,8,0
108772,20251028,1005,113,8,1,19,7,0.1
108773,20251028,1016,150,4,1,22,9,0
108774,20251028,1015,97,3,4,55,23,0.05
108775,20251028,1028,90,2,3,34,14,0
108776,20251028,1033,199,5,3,15,6,0.05
108777,20251028,1004,30,7,3,49,18,0
108778,20251028,1013,15,7,2,14,5,0
108779,20251028,1023,253,5,1,75,31,0.1
108780,20251029,1031,156,1,1,52,22,0
108781,20251029,1029,102,7,2,99,44,0.2
108782,20251029,1029,65,2,3,99,44,0.1
108783,20251029,1014,70,4,4,39,17,0.05
108784,20251029,1024,15,6,3,45,19,0
108785,20251029,1027,184,3,1,49,21,0
108786,20251029,1026,91,1,4,169,71,0
108787,20251029,1024,100,7,4,45,19,0
108788,20251029,1008,223,1,1,8,2,0
108789,20251029,1022,289,6,4,21,8,0
108790,20251029,1001,241,3,3,79,29,0.05
108791,20251029,1026,214,8,1,169,71,0
108792,20251030,1001,171,5,1,79,29,0.15
108793,20251030,1006,297,8,2,9,3,0
108794,20251030,1017,77,6,3,120,52,0.2
108795,20251030,1019,57,7,3,79,34,0
108796,20251030,1036,294,8,4,11,4,0.1
108797,20251030,1020,221,4,4,199,88,0
108798,20251030,1023,258,1,2,75,31,0.2
108799,20251030,1034,20,3,1,24,9,0
108800,20251030,1023,295,1,1,75,31,0
108801,20251030,1019,24,8,1,79,34,0.1
108802,20251030,1035,254,1,1,13,5,0
108803,20251031,1005,63,8,1,19,7,0.1
108804,20251031,1006,207,8,1,9,3,0
108805,20251031,1009,117,5,1,159,64,0.2
108806,20251031,1026,163,5,2,169,71,0.1
108807,20251031,1006,132,5,1,9,3,0.05
108808,20251031,1005,132,6,1,19,7,0.2
108809,20251031,1014,270,2,3,39,17,0
108810,20251031,1003,202,2,2,55,22,0.2
108811,20251031,1032,263,6,1,18,7,0.2
108812,20251031,1005,30,7,4,19,7,0.2
108813,20251031,1019,148,5,4,79,34,0
108814,20251031,1023,88,8,3,75,31,0.05
108815,20251101,1031,80,6,1,52,22,0.1
108816,20251101,1036,113,4,1,11,4,0.2
108817,20251101,1032,131,6,2,18,7,0
108818,20251101,1036,46,8,4,11,4,0.05
108819,20251101,1017,288,3,2,120,52,0
108820,20251101,1030,241,8,1,69,29,0
108821,20251101,1005,97,7,1,19,7,0
108822,20251101,1010,222,3,2,99,41,0.15
108823,20251101,1025,256,6,2,22,8,0.15
108824,20251101,1005,128,4,1,19,7,0.05
108825,20251101,1005,296,8,1,19,7,0
108826,20251101,1018,202,2,1,32,13,0.1
108827,20251101,1017,233,5,2,120,52,0.15
108828,20251102,1019,130,1,4,79,34,0.2
108829,20251102,1026,31,6,2,169,71,0.1
108830,20251102,1030,114,3,2,69,29,0
108831,20251102,1028,132,4,1,34,14,0
108832,20251102,1018,52,1,1,32,13,0
108833,20251102,1023,29,7,1,75,31,0
108834,20251102,1027,210,4,1,49,21,0
108835,20251102,1017,279,3,2,120,52,0
108836,20251102,1029,286,3,2,99,44,0.1
108837,20251102,1027,280,8,1,49,21,0.05
108838,20251102,1020,276,2,2,199,88,0.1
108839,20251102,1018,237,8,3,32,13,0
108840,20251102,1014,87,8,2,39,17,0
108841,20251102,1017,82,5,2,120,52,0.05
108842,20251102,1018,170,1,1,32,13,0.15
108843,20251102,1024,25,6,1,45,19,0
108844,20251103,1018,111,3,2,32,13,0.1
108845,20251103,1023,121,3,2,75,31,0.1
108846,20251103,1034,19,3,4,24,9,0
108847,20251103,1035,132,8,1,13,5,0
108848,20251103,1030,127,4,2,69,29,0.05
108849,20251103,1025,283,5,2,22,8,0
108850,20251103,1022,250,2,1,21,8,0.05
108851,20251103,1026,128,4,2,169,71,0.1
108852,20251103,1023,86,3,1,75,31,0.05
108853,20251103,1031,160,3,2,52,22,0
108854,20251103,1033,20,3,1,15,6,0.15
108855,20251104,1016,177,5,1,22,9,0.2
108856,20251104,1025,47,3,1,22,8,0.1
108857,20251104,1027,134,2,1,49,21,0.1
108858,20251104,1033,109,2,1,15,6,0
108859,20251104,1011,7,7,2,69,28,0.1
108860,20251104,1005,58,5,4,19,7,0
108861,20251104,1034,97,1,1,24,9,0
108862,20251104,1024,178,5,1,45,19,0
108863,20251105,1026,134,1,2,169,71,0.15
108864,20251105,1024,94,7,1,45,19,0.1
108865,20251105,1012,212,8,2,29,12,0.1
108866,20251105,1018,232,5,2,32,13,0
108867,20251105,1016,197,8,2,22,9,0.1
108868,20251105,1001,154,8,2,79,29,0.2
108869,20251105,1024,45,3,2,45,19,0
108870,20251105,1025,178,7,1,22,8,0
108871,20251105,1012,273,1,1,29,12,0
108872,20251106,1026,233,6,4,169,71,0
108873,20251106,1030,38,8,4,69,29,0
108874,20251106,1033,156,2,1,15,6,0
108875,20251106,1013,221,5,2,14,5,0
108876,20251106,1028,122,6,3,34,14,0
108877,20251106,1028,253,2,1,34,14,0
108878,20251107,1025,19,3,3,22,8,0
108879,20251107,1032,36,7,3,18,7,0
108880,20251107,1018,27,5,1,32,13,0.2
108881,20251107,1006,103,3,2,9,3,0
108882,20251107,1033,153,8,4,15,6,0
108883,20251107,1028,217,7,1,34,14,0.1
108884,20251107,1031,228,7,2,52,22,0
108885,20251107,1006,227,6,4,9,3,0
108886,20251107,1015,193,1,4,55,23,0
108887,20251107,1007,58,6,4,27,11,0.15
108888,20251108,1005,265,3,2,19,7,0.1
108889,20251108,1032,152,2,1,18,7,0.15
108890,20251108,1029,224,4,1,99,44,0.1
108891,20251108,1020,255,6,1,199,88,0.2
108892,20251108,1024,96,3,4,45,19,0
108893,20251108,1004,193,8,2,49,18,0
108894,20251108,1023,197,4,2,75,31,0.05
108895,20251108,1021,234,2,2,16,6,0.2
108896,20251108,1027,240,1,2,49,21,0.2
108897,20251108,1029,79,2,1,99,44,0
108898,20251108,1028,279,5,1,34,14,0
108899,20251108,1021,238,3,1,16,6,0.1
108900,20251108,1018,104,8,4,32,13,0
108901,20251108,1006,86,4,4,9,3,0
108902,20251108,1025,195,7,4,22,8,0
108903,20251108,1002,173,7,4,24,9,0
108904,20251109,1002,279,1,1,24,9,0.05
108905,20251109,1031,97,7,3,52,22,0.1
108906,20251109,1002,110,1,3,24,9,0.1
108907,20251109,1008,256,8,2,8,2,0.1
108908,20251109,1025,57,7,1,22,8,0.1
108909,20251109,1022,247,3,2,21,8,0
108910,20251109,1022,107,6,2,21,8,0
108911,20251109,1033,96,1,1,15,6,0.2
108912,20251109,1024,231,1,4,45,19,0.1
108913,20251109,1017,136,4,1,120,52,0
108914,20251109,1013,90,2,1,14,5,0.15
108915,20251109,1013,38,4,1,14,5,0
108916,20251109,1009,297,1,2,159,64,0
108917,20251109,1017,7,2,4,120,52,0.15
108918,20251110,1036,215,7,3,11,4,0.05
108919,20251110,1022,98,4,4,21,8,0
108920,20251110,1023,234,1,2,75,31,0
108921,20251110,1003,43,4,3,55,22,0
108922,20251110,1026,216,1,2,169,71,0
108923,20251110,1021,192,2,1,16,6,0.1
108924,20251110,1023,212,3,2,75,31,0.2
108925,20251110,1016,222,1,1,22,9,0.1
108926,20251110,1016,67,8,1,22,9,0.2
108927,20251110,1030,8,1,1,69,29,0
108928,20251110,1032,96,4,3,18,7,0
108929,20251111,1027,291,6,2,49,21,0.15
108930,20251111,1025,269,2,3,22,8,0.05
108931,20251111,1029,83,3,4,99,44,0
108932,20251111,1036,109,5,1,11,4,0
108933,20251111,1014,118,1,1,39,17,0
108934,20251111,1025,102,1,1,22,8,0
108935,20251111,1002,26,1,3,24,9,0
108936,20251111,1026,4,7,1,169,71,0.2
108937,20251111,1011,124,8,2,69,28,0
108938,20251111,1019,180,4,2,79,34,0
108939,20251111,1023,121,1,1,75,31,0
108940,20251112,1032,96,6,1,18,7,0.15
108941,20251112,1025,46,4,3,22,8,0.05
108942,20251112,1007,256,6,4,27,11,0
108943,20251112,1026,128,2,1,169,71,0.15
108944,20251112,1020,242,5,1,199,88,0.05
108945,20251112,1024,237,2,3,45,19,0.1
108946,20251112,1019,260,6,2,79,34,0.1
108947,20251112,1027,280,6,2,49,21,0
108948,20251112,1010,147,2,3,99,41,0
108949,20251112,1026,185,2,2,169,71,0.15
108950,20251112,1024,245,1,3,45,19,0
108951,20251112,1034,21,5,1,24,9,0
108952,20251113,1024,36,7,1,45,19,0.1
108953,20251113,1028,105,7,1,34,14,0.1
108954,20251113,1010,95,7,2,99,41,0
108955,20251113,1022,231,3,1,21,8,0.1
108956,20251113,1031,152,8,1,52,22,0.1
108957,20251113,1023,143,7,1,75,31,0.2
108958,20251113,1021,147,5,1,16,6,0.1
108959,20251113,1032,81,7,2,18,7,0
108960,20251113,1002,28,1,2,24,9,0.2
108961,20251113,1007,75,4,4,27,11,0.05
108962,20251113,1033,262,1,2,15,6,0.1
108963,20251113,1007,160,7,1,27,11,0.1
108964,20251113,1022,90,3,2,21,8,0
108965,20251114,1006,62,8,2,9,3,0.15
108966,20251114,1028,298,7,3,34,14,0
108967,20251114,1031,190,5,3,52,22,0
108968,20251114,1036,272,6,2,11,4,0
108969,20251114,1029,276,8,2,99,44,0
108970,20251114,1034,114,7,1,24,9,0
108971,20251114,1020,91,3,2,199,88,0
108972,20251115,1018,144,6,1,32,13,0.15
108973,20251115,1005,42,6,2,19,7,0
108974,20251115,1034,176,2,3,24,9,0
108975,20251115,1017,177,1,1,120,52,0.2
108976,20251115,1023,39,6,1,75,31,0.1
108977,20251115,1035,127,6,2,13,5,0
108978,20251115,1027,39,5,2,49,21,0.1
108979,20251115,1031,55,8,1,52,22,0
108980,20251115,1003,94,4,4,55,22,0
108981,20251115,1019,78,2,2,79,34,0.1
108982,20251115,1019,13,2,2,79,34,0
108983,20251115,1035,18,5,1,13,5,0
108984,20251115,1023,251,2,1,75,31,0.15
108985,20251115,1027,206,2,1,49,21,0.1
108986,20251115,1024,205,5,1,45,19,0.05
108987,20251116,1025,166,7,1,22,8,0
108988,20251116,1025,82,6,3,22,8,0.2
108989,20251116,1027,61,4,3,49,21,0
108990,20251116,1028,271,4,1,34,14,0
108991,20251116,1002,46,1,2,24,9,0.05
108992,20251116,1016,60,7,1,22,9,0.15
108993,20251116,1026,4,4,3,169,71,0
108994,20251116,1006,79,7,1,9,3,0.05
108995,20251116,1002,111,6,1,24,9,0.05
108996,20251116,1032,173,2,3,18,7,0.05
108997,20251116,1029,125,3,1,99,44,0.2
108998,20251116,1023,126,1,1,75,31,0
108999,20251116,1025,263,1,2,22,8,0.05
109000,20251116,1007,181,1,4,27,11,0.1
109001,20251117,1033,31,8,4,15,6,0
109002,20251117,1007,56,2,1,27,11,0
109003,20251117,1036,262,5,1,11,4,0.2
109004,20251117,1027,114,4,1,49,21,0
109005,20251117,1011,167,8,1,69,28,0
109006,20251117,1021,275,8,1,16,6,0.05
109007,20251118,1010,226,8,2,99,41,0
109008,20251118,1026,280,8,3,169,71,0.2
109009,20251118,1008,258,4,1,8,2,0.1
109010,20251118,1032,218,4,4,18,7,0
109011,20251118,1028,225,5,2,34,14,0
109012,20251118,1001,153,1,2,79,29,0.15
109013,20251118,1017,182,4,2,120,52,0
109014,20251118,1001,190,4,1,79,29,0.05
109015,20251118,1036,36,5,1,11,4,0
109016,20251118,1020,200,1,4,199,88,0.15
109017,20251118,1013,262,2,1,14,5,0.1
109018,20251119,1023,188,3,3,75,31,0.1
109019,20251119,1027,219,1,2,49,21,0.15
109020,20251119,1002,4,2,3,24,9,0.1
109021,20251119,1024,94,6,1,45,19,0
109022,20251119,1023,207,6,1,75,31,0
109023,20251119,1033,276,7,4,15,6,0
109024,20251119,1009,115,6,1,159,64,0.1
109025,20251119,1003,181,8,1,55,22,0.15
109026,20251119,1020,261,3,3,199,88,0.15
109027,20251120,1002,268,6,1,24,9,0
109028,20251120,1018,184,6,4,32,13,0
109029,20251120,1003,192,2,2,55,22,0
109030,20251120,1021,164,7,2,16,6,0
109031,20251120,1031,286,4,2,52,22,0
109032,20251120,1031,50,6,1,52,22,0.15
109033,20251120,1030,63,5,2,69,29,0.2
109034,20251120,1019,86,6,2,79,34,0
109035,20251121,1030,57,4,1,69,29,0
109036,20251121,1002,119,8,4,24,9,0
109037,20251121,1023,120,4,4,75,31,0
109038,20251121,1024,17,4,3,45,19,0
109039,20251121,1035,11,3,2,13,5,0
109040,20251121,1019,289,4,1,79,34,0.2
109041,20251121,1021,17,1,4,16,6,0
109042,20251121,1026,23,2,1,169,71,0.15
109043,20251122,1012,210,1,2,29,12,0.15
109044,20251122,1032,10,7,4,18,7,0.15
109045,20251122,1028,165,3,1,34,14,0.05
109046,20251122,1031,286,4,3,52,22,0.15
109047,20251122,1011,275,8,3,69,28,0.05
109048,20251122,1001,131,5,4,79,29,0.1
109049,20251122,1023,111,8,2,75,31,0
109050,20251122,1001,145,8,1,79,29,0.05
109051,20251122,1034,72,8,1,24,9,0.1
109052,20251122,1019,60,2,1,79,34,0.05
109053,20251122,1025,277,1,1,22,8,0
109054,20251122,1027,68,8,2,49,21,0
109055,20251122,1026,98,4,1,169,71,0
109056,20251122,1002,96,3,3,24,9,0.15
109057,20251122,1033,106,5,3,15,6,0.05
109058,20251122,1030,164,3,3,69,29,0
109059,20251122,1015,108,3,1,55,23,0.2
109060,20251123,1012,66,6,1,29,12,0.15
109061,20251123,1021,201,3,1,16,6,0.05
109062,20251123,1020,149,8,3,199,88,0.2
109063,20251123,1032,194,3,1,18,7,0
109064,20251123,1022,57,7,4,21,8,0
109065,20251123,1023,156,2,1,75,31,0.05
109066,20251123,1001,223,6,1,79,29,0.05
109067,20251123,1032,154,1,3,18,7,0.05
109068,20251123,1033,56,8,3,15,6,0
109069,20251123,1029,7,1,3,99,44,0.05
109070,20251123,1027,98,2,1,49,21,0.15
109071,20251123,1024,163,3,4,45,19,0
109072,20251123,1027,132,5,2,49,21,0.2
109073,20251123,1021,296,2,2,16,6,0.2
109074,20251123,1030,61,5,1,69,29,0.2
109075,20251123,1033,59,3,3,15,6,0
109076,20251123,1027,124,3,1,49,21,0
109077,20251123,1016,69,1,2,22,9,0.15
109078,20251123,1021,248,2,1,16,6,0
109079,20251123,1033,125,6,2,15,6,0.05
109080,20251124,1007,19,6,1,27,11,0
109081,20251124,1031,104,2,3,52,22,0.1
109082,20251124,1027,122,7,4,49,21,0.1
109083,20251124,1023,50,7,1,75,31,0.2
109084,20251124,1013,225,5,3,14,5,0
109085,20251124,1019,184,6,1,79,34,0.15
109086,20251124,1026,96,2,1,169,71,0.2
109087,20251124,1002,250,8,3,24,9,0.05
109088,20251124,1022,288,8,2,21,8,0.2
109089,20251124,1026,251,5,1,169,71,0.1
109090,20251124,1017,231,5,1,120,52,0
109091,20251125,1005,60,1,4,19,7,0.15
109092,20251125,1024,230,4,1,45,19,0
109093,20251125,1021,56,5,1,16,6,0.15
109094,20251125,1006,191,3,1,9,3,0
109095,20251125,1032,222,5,4,18,7,0
109096,20251125,1021,295,1,1,16,6,0.1
109097,20251125,1007,294,3,2,27,11,0
109098,20251125,1026,18,6,1,169,71,0
109099,20251125,1008,43,3,3,8,2,0.05
109100,20251125,1010,51,6,3,99,41,0.2
109101,20251125,1036,45,8,1,11,4,0.1
109102,20251125,1011,45,4,2,69,28,0.05
109103,20251125,1023,15,8,1,75,31,0.2
109104,20251125,1035,118,7,3,13,5,0
109105,20251126,1013,161,3,3,14,5,0.15
109106,20251126,1031,130,7,1,52,22,0.2
109107,20251126,1036,250,6,2,11,4,0
109108,20251126,1019,28,4,2,79,34,0.15
109109,20251126,1003,52,8,1,55,22,0.2
109110,20251126,1003,279,8,1,55,22,0.2
109111,20251126,1033,238,1,1,15,6,0.1
109112,20251126,1009,248,1,4,159,64,0.05
109113,20251126,1028,27,8,1,34,14,0.2
109114,20251126,1031,223,8,1,52,22,0.2
109115,20251126,1017,27,7,1,120,52,0.2
109116,20251127,1020,140,7,1,199,88,0
109117,20251127,1019,91,8,1,79,34,0
109118,20251127,1027,122,2,4,49,21,0.2
109119,20251127,1022,239,4,1,21,8,0
109120,20251127,1012,56,7,1,29,12,0.2
109121,20251127,1034,153,6,3,24,9,0
109122,20251127,1027,33,1,2,49,21,0.2
109123,20251127,1019,284,3,4,79,34,0.05
109124,20251127,1020,267,8,1,199,88,0
109125,20251127,1022,94,8,1,21,8,0
109126,20251127,1026,132,1,1,169,71,0
109127,20251127,1036,133,3,4,11,4,0.05
109128,20251127,1027,60,3,2,49,21,0
109129,20251127,1031,95,1,2,52,22,0
109130,20251128,1035,184,3,4,13,5,0
109131,20251128,1024,265,5,1,45,19,0.05
109132,20251128,1026,202,2,1,169,71,0.2
109133,20251128,1021,220,1,2,16,6,0
109134,20251128,1020,4,5,1,199,88,0.15
109135,20251128,1036,298,4,1,11,4,0.2
109136,20251128,1013,230,7,3,14,5,0
109137,20251128,1024,139,1,3,45,19,0.15
109138,20251129,1029,232,3,1,99,44,0.05
109139,20251129,1033,235,2,4,15,6,0
109140,20251129,1020,146,7,1,199,88,0.15
109141,20251129,1017,243,4,2,120,52,0.05
109142,20251129,1028,231,6,4,34,14,0.05
109143,20251129,1024,85,1,1,45,19,0
109144,20251129,1006,167,5,2,9,3,0.05
109145,20251129,1021,71,2,3,16,6,0.2
109146,20251129,1024,97,4,1,45,19,0
109147,20251129,1036,292,5,4,11,4,0
109148,20251129,1003,27,6,2,55,22,0.2
109149,20251129,1030,195,4,1,69,29,0.1
109150,20251129,1027,111,7,4,49,21,0.2
109151,20251129,1017,293,1,2,120,52,0.1
109152,20251129,1023,21,3,1,75,31,0
109153,20251129,1026,141,1,1,169,71,0
109154,20251130,1027,131,1,3,49,21,0.05
109155,20251130,1028,78,6,3,34,14,0
109156,20251130,1015,291,6,2,55,23,0.05
109157,20251130,1020,8,8,1,199,88,0
109158,20251130,1028,255,6,1,34,14,0
109159,20251130,1031,63,3,3,52,22,0
109160,20251130,1031,214,6,2,52,22,0
109161,20251130,1031,54,4,4,52,22,0
109162,20251130,1017,66,8,3,120,52,0
109163,20251130,1026,112,5,3,169,71,0
109164,20251130,1034,77,6,1,24,9,0
109165,20251130,1008,61,6,1,8,2,0
109166,20251130,1014,194,4,2,39,17,0
109167,20251130,1033,180,5,2,15,6,0.05
109168,20251130,1012,128,7,1,29,12,0.05
109169,20251130,1004,133,4,2,49,18,0.05
109170,20251130,1032,69,1,4,18,7,0.2
109171,20251130,1030,221,6,1,69,29,0
109172,20251130,1036,84,5,1,11,4,0
109173,20251130,1001,43,6,1,79,29,0
109174,20251130,1020,209,8,1,199,88,0
109175,20251130,1017,4,5,1,120,52,0.05
109176,20251201,1019,115,7,2,79,34,0.05
109177,20251201,1027,191,2,4,49,21,0
109178,20251201,1013,290,6,1,14,5,0
109179,20251201,1014,88,4,4,39,17,0
109180,20251201,1027,297,7,1,49,21,0
109181,20251201,1036,285,2,2,11,4,0
109182,20251201,1019,113,6,1,79,34,0.1
109183,20251201,1021,87,5,1,16,6,0.1
109184,20251201,1032,246,3,1,18,7,0.2
109185,20251201,1032,118,8,1,18,7,0.1
109186,20251201,1004,298,8,1,49,18,0.15
109187,20251201,1019,242,4,2,79,34,0
109188,20251201,1012,84,2,1,29,12,0.2
109189,20251202,1007,271,2,3,27,11,0.2
109190,20251202,1008,96,6,1,8,2,0
109191,20251202,1002,205,3,2,24,9,0
109192,20251202,1008,19,5,4,8,2,0
109193,20251202,1033,58,3,2,15,6,0.05
109194,20251202,1002,150,2,4,24,9,0.15
109195,20251203,1022,118,5,3,21,8,0
109196,20251203,1015,114,2,1,55,23,0
109197,20251203,1011,125,5,2,69,28,0.15
109198,20251203,1028,120,2,1,34,14,0
109199,20251203,1027,227,4,4,49,21,0
109200,20251203,1001,21,1,1,79,29,0.15
109201,20251203,1023,138,7,2,75,31,0
109202,20251203,1030,248,8,4,69,29,0
109203,20251203,1009,223,5,1,159,64,0.1
109204,20251203,1017,38,6,2,120,52,0
109205,20251203,1001,7,4,2,79,29,0
109206,20251203,1033,154,6,1,15,6,0
109207,20251203,1025,23,7,1,22,8,0.15
109208,20251203,1028,147,5,2,34,14,0.2
109209,20251204,1027,189,2,1,49,21,0
109210,20251204,1004,143,3,1,49,18,0.05
109211,20251204,1035,22,8,1,13,5,0
109212,20251204,1033,250,5,2,15,6,0
109213,20251204,1018,169,7,1,32,13,0
109214,20251204,1031,222,5,1,52,22,0.2
109215,20251204,1025,59,7,1,22,8,0.1
109216,20251204,1027,257,7,2,49,21,0.15
109217,20251204,1031,44,6,3,52,22,0.1
109218,20251205,1036,13,1,2,11,4,0.05
109219,20251205,1020,191,8,1,199,88,0
109220,20251205,1035,76,1,3,13,5,0.1
109221,20251205,1015,27,8,4,55,23,0
109222,20251205,1025,121,3,2,22,8,0.1
109223,20251205,1024,95,4,1,45,19,0.2
109224,20251205,1003,202,4,4,55,22,0
109225,20251205,1011,41,3,4,69,28,0.05
109226,20251205,1018,20,7,1,32,13,0
109227,20251205,1026,180,8,2,169,71,0
109228,20251205,1013,149,5,2,14,5,0.1
109229,20251206,1031,25,3,2,52,22,0.1
109230,20251206,1008,109,3,2,8,2,0
109231,20251206,1032,60,7,4,18,7,0.15
109232,20251206,1024,191,2,2,45,19,0
109233,20251206,1024,134,6,1,45,19,0.05
109234,20251206,1036,44,8,2,11,4,0
109235,20251206,1027,283,1,1,49,21,0
109236,20251206,1036,115,1,4,11,4,0.1
109237,20251206,1013,169,6,1,14,5,0
109238,20251206,1012,167,7,4,29,12,0.1
109239,20251206,1002,151,3,1,24,9,0.15
109240,20251206,1027,45,1,1,49,21,0.15
109241,20251206,1025,44,4,1,22,8,0
109242,20251206,1001,82,4,1,79,29,0.2
109243,20251206,1023,133,6,1,75,31,0.1
109244,20251206,1022,160,2,3,21,8,0
109245,20251206,1012,85,5,1,29,12,0.2
109246,20251206,1025,250,3,1,22,8,0.2
109247,20251207,1006,16,8,4,9,3,0
109248,20251207,1027,175,6,3,49,21,0
109249,20251207,1010,191,4,2,99,41,0.05
109250,20251207,1018,5,2,1,32,13,0.05
109251,20251207,1027,161,8,2,49,21,0
109252,20251207,1026,268,7,2,169,71,0
109253,20251207,1027,194,4,1,49,21,0.1
109254,20251207,1004,87,5,1,49,18,0
109255,20251207,1018,277,2,3,32,13,0
109256,20251207,1025,34,8,4,22,8,0.2
109257,20251207,1035,95,2,2,13,5,0.05
109258,20251208,1028,118,2,4,34,14,0.05
109259,20251208,1027,141,1,1,49,21,0.1
109260,20251208,1027,103,8,2,49,21,0
109261,20251208,1031,153,1,2,52,22,0.05
109262,20251208,1010,207,5,2,99,41,0.15
109263,20251208,1027,128,1,2,49,21,0.1
109264,20251208,1020,102,2,1,199,88,0
109265,20251208,1033,178,1,4,15,6,0.1
109266,20251208,1010,192,4,1,99,41,0
109267,20251209,1032,41,7,1,18,7,0
109268,20251209,1018,58,4,4,32,13,0
109269,20251209,1014,106,3,2,39,17,0.15
109270,20251209,1027,133,4,2,49,21,0
109271,20251209,1033,298,7,1,15,6,0
109272,20251209,1026,16,6,3,169,71,0.05
109273,20251209,1026,193,4,3,169,71,0
109274,20251209,1021,56,6,2,16,6,0.2
109275,20251209,1030,132,1,1,69,29,0.05
109276,20251210,1026,156,4,2,169,71,0
109277,20251210,1002,46,3,4,24,9,0
109278,20251210,1026,209,8,3,169,71,0.05
109279,20251210,1025,257,6,1,22,8,0.1
109280,20251210,1021,49,2,2,16,6,0.2
109281,20251210,1027,255,1,4,49,21,0.2
109282,20251210,1021,54,6,1,16,6,0.1
109283,20251210,1018,215,2,1,32,13,0.2
109284,20251210,1020,285,3,2,199,88,0
109285,20251210,1033,5,2,2,15,6,0
109286,20251210,1023,88,2,1,75,31,0
109287,20251210,1027,18,2,1,49,21,0.1
109288,20251210,1026,297,8,4,169,71,0
109289,20251211,1036,162,5,2,11,4,0.05
109290,20251211,1023,23,2,1,75,31,0
109291,20251211,1028,235,8,2,34,14,0
109292,20251211,1028,297,8,2,34,14,0
109293,20251211,1026,185,8,2,169,71,0
109294,20251211,1025,184,4,1,22,8,0
109295,20251211,1022,287,7,4,21,8,0.15
109296,20251211,1030,233,3,3,69,29,0.2
109297,20251211,1031,168,7,1,52,22,0
109298,20251211,1031,129,8,1,52,22,0.05
109299,20251211,1036,300,5,2,11,4,0
109300,20251212,1023,95,4,1,75,31,0
109301,20251212,1027,279,6,1,49,21,0
109302,20251212,1026,204,5,1,169,71,0.15
109303,20251212,1030,9,4,2,69,29,0
109304,20251212,1031,210,1,1,52,22,0.2
109305,20251212,1021,246,8,3,16,6,0
109306,20251212,1026,78,7,2,169,71,0
109307,20251212,1023,32,6,3,75,31,0.15
109308,20251212,1028,202,2,2,34,14,0.05
109309,20251212,1028,105,6,2,34,14,0
109310,20251212,1035,55,1,1,13,5,0.2
109311,20251212,1031,222,1,4,52,22,0
109312,20251213,1018,79,2,1,32,13,0
109313,20251213,1016,124,1,1,22,9,0.2
109314,20251213,1023,90,7,2,75,31,0
109315,20251213,1002,225,5,1,24,9,0.2
109316,20251213,1033,132,3,3,15,6,0.05
109317,20251213,1030,83,3,4,69,29,0.2
109318,20251213,1023,163,3,3,75,31,0
109319,20251213,1010,269,1,1,99,41,0.05
109320,20251213,1015,239,2,4,55,23,0
109321,20251213,1026,153,7,3,169,71,0.05
109322,20251213,1030,148,5,2,69,29,0.15
109323,20251213,1005,177,2,4,19,7,0.15
109324,20251213,1024,142,6,2,45,19,0
109325,20251213,1030,119,5,1,69,29,0.2
109326,20251213,1032,56,8,1,18,7,0.1
109327,20251213,1026,71,7,2,169,71,0
109328,20251214,1033,300,1,1,15,6,0
109329,20251214,1006,126,1,1,9,3,0
109330,20251214,1036,19,7,1,11,4,0
109331,20251214,1030,98,5,4,69,29,0
109332,20251214,1021,258,3,1,16,6,0.2
109333,20251214,1003,146,4,1,55,22,0
109334,20251214,1031,262,4,1,52,22,0
109335,20251214,1009,101,4,1,159,64,0.05
109336,20251214,1011,112,7,3,69,28,0
109337,20251214,1027,211,2,2,49,21,0
109338,20251214,1021,77,4,2,16,6,0.05
109339,20251214,1023,273,5,4,75,31,0.2
109340,20251214,1025,172,7,1,22,8,0.05
109341,20251214,1032,270,1,4,18,7,0.05
109342,20251214,1031,222,7,1,52,22,0.05
109343,20251214,1024,27,3,1,45,19,0.2
109344,20251215,1030,12,6,1,69,29,0
109345,20251215,1020,98,8,3,199,88,0.15
109346,20251215,1007,226,8,4,27,11,0.15
109347,20251215,1010,220,1,4,99,41,0
109348,20251215,1034,43,7,1,24,9,0
109349,20251215,1004,122,6,1,49,18,0
109350,20251215,1026,131,1,3,169,71,0.1
109351,20251216,1030,238,1,1,69,29,0
109352,20251216,1026,210,5,2,169,71,0
109353,20251216,1025,230,5,2,22,8,0
109354,20251216,1030,294,4,1,69,29,0.05
109355,20251216,1001,227,1,2,79,29,0
109356,20251216,1029,168,2,2,99,44,0
109357,20251216,1017,147,3,2,120,52,0.15
109358,20251216,1026,55,1,4,169,71,0
109359,20251216,1025,47,3,3,22,8,0
109360,20251216,1027,263,6,1,49,21,0.2
109361,20251216,1026,104,5,1,169,71,0
109362,20251216,1036,175,4,1,11,4,0
109363,20251216,1013,74,2,2,14,5,0.1
109364,20251216,1028,185,8,2,34,14,0
109365,20251216,1025,175,4,2,22,8,0.2
109366,20251217,1025,253,3,1,22,8,0.05
109367,20251217,1032,264,3,1,18,7,0.1
109368,20251217,1021,95,2,1,16,6,0
109369,20251217,1017,164,5,4,120,52,0
109370,20251217,1016,184,5,1,22,9,0
109371,20251217,1013,111,3,2,14,5,0
109372,20251217,1012,57,1,2,29,12,0.2
109373,20251217,1030,206,4,4,69,29,0.2
109374,20251217,1024,263,6,4,45,19,0
109375,20251218,1019,155,7,1,79,34,0.1
109376,20251218,1024,20,2,1,45,19,0
109377,20251218,1034,117,1,1,24,9,0
109378,20251218,1019,90,3,1,79,34,0.2
109379,20251218,1025,199,2,2,22,8,0.15
109380,20251218,1024,148,3,2,45,19,0
109381,20251218,1033,16,5,2,15,6,0.05
109382,20251218,1030,5,4,1,69,29,0.15
109383,20251218,1002,26,2,1,24,9,0.05
109384,20251219,1018,78,3,4,32,13,0.1
109385,20251219,1024,1,6,1,45,19,0.05
109386,20251219,1024,203,2,2,45,19,0
109387,20251219,1023,283,7,2,75,31,0.2
109388,20251219,1022,136,8,1,21,8,0.2
109389,20251219,1026,25,8,2,169,71,0
109390,20251219,1026,286,8,1,169,71,0
109391,20251219,1023,173,5,3,75,31,0
109392,20251219,1028,14,5,4,34,14,0
109393,20251220,1020,177,2,2,199,88,0.2
109394,20251220,1026,108,4,1,169,71,0
109395,20251220,1021,181,2,2,16,6,0.1
109396,20251220,1008,52,7,2,8,2,0.2
109397,20251220,1034,219,7,4,24,9,0
109398,20251220,1013,237,5,4,14,5,0
109399,20251220,1026,272,3,1,169,71,0.2
109400,20251220,1024,228,7,1,45,19,0.15
109401,20251220,1027,60,1,1,49,21,0.05
109402,20251220,1035,273,4,1,13,5,0
109403,20251220,1027,128,2,3,49,21,0
109404,20251220,1036,95,1,2,11,4,0.15
109405,20251220,1025,150,7,3,22,8,0
109406,20251220,1004,244,2,3,49,18,0.2
109407,20251220,1025,77,8,1,22,8,0.05
109408,20251220,1016,253,8,2,22,9,0
109409,20251220,1031,1,6,4,52,22,0.1
109410,20251221,1027,245,7,3,49,21,0
109411,20251221,1033,224,8,2,15,6,0.2
109412,20251221,1020,237,7,4,199,88,0.1
109413,20251221,1017,83,6,2,120,52,0.05
109414,20251221,1034,152,2,2,24,9,0
109415,20251221,1023,36,8,1,75,31,0
109416,20251221,1028,90,3,2,34,14,0
109417,20251221,1024,173,2,3,45,19,0
109418,20251221,1024,103,1,2,45,19,0
109419,20251221,1023,122,2,1,75,31,0.05
109420,20251221,1024,262,7,1,45,19,0
109421,20251221,1024,258,1,1,45,19,0
109422,20251221,1028,89,6,2,34,14,0
109423,20251221,1028,194,8,3,34,14,0.1
109424,20251221,1023,289,4,1,75,31,0.15
109425,20251221,1024,157,2,1,45,19,0
109426,20251221,1004,5,8,3,49,18,0
109427,20251221,1034,142,7,3,24,9,0
109428,20251221,1028,99,5,2,34,14,0
109429,20251222,1017,227,8,4,120,52,0
109430,20251222,1002,45,5,2,24,9,0.15
109431,20251222,1005,29,7,1,19,7,0
109432,20251222,1034,226,7,2,24,9,0
109433,20251222,1026,255,5,3,169,71,0
109434,20251222,1011,20,1,1,69,28,0
109435,20251222,1003,3,7,2,55,22,0
109436,20251222,1012,5,7,1,29,12,0.05
109437,20251222,1020,212,4,1,199,88,0
109438,20251222,1018,136,1,1,32,13,0
109439,20251222,1023,33,4,1,75,31,0
109440,20251223,1014,261,4,1,39,17,0
109441,20251223,1031,246,5,3,52,22,0
109442,20251223,1020,78,2,1,199,88,0.2
109443,20251223,1033,138,8,2,15,6,0.15
109444,20251223,1021,205,2,4,16,6,0.1
109445,20251223,1024,152,6,1,45,19,0
109446,20251223,1030,49,8,1,69,29,0
109447,20251223,1030,88,7,4,69,29,0
109448,20251223,1005,108,6,3,19,7,0.05
109449,20251223,1024,128,6,1,45,19,0
109450,20251223,1020,300,6,3,199,88,0
109451,20251224,1034,157,7,1,24,9,0
109452,20251224,1033,245,3,2,15,6,0
109453,20251224,1022,100,6,2,21,8,0.05
109454,20251224,1027,249,1,1,49,21,0
109455,20251224,1029,274,3,1,99,44,0
109456,20251224,1018,258,6,1,32,13,0
109457,20251224,1034,82,8,2,24,9,0
109458,20251224,1023,269,1,2,75,31,0
109459,20251224,1005,56,5,1,19,7,0.1
109460,20251224,1028,113,4,1,34,14,0.15
109461,20251224,1033,259,8,2,15,6,0
109462,20251225,1033,38,2,2,15,6,0.05
109463,20251225,1032,273,7,3,18,7,0
109464,20251225,1035,155,6,1,13,5,0.1
109465,20251225,1007,39,8,1,27,11,0
109466,20251225,1031,272,7,1,52,22,0.1
109467,20251225,1015,282,8,2,55,23,0.15
109468,20251225,1033,184,3,2,15,6,0
109469,20251225,1033,239,3,3,15,6,0.1
109470,20251225,1031,264,8,2,52,22,0
109471,20251225,1009,126,7,2,159,64,0.1
109472,20251225,1025,140,5,2,22,8,0.05
109473,20251225,1035,232,4,1,13,5,0
109474,20251226,1009,284,1,3,159,64,0
109475,20251226,1030,187,7,1,69,29,0.05
109476,20251226,1019,170,1,4,79,34,0.2
109477,20251226,1019,120,6,1,79,34,0.15
109478,20251226,1025,83,7,2,22,8,0
109479,20251226,1017,92,8,4,120,52,0.1
109480,20251226,1003,46,4,1,55,22,0
109481,20251226,1011,259,8,4,69,28,0.05
109482,20251226,1019,75,8,4,79,34,0.2
109483,20251226,1027,231,7,2,49,21,0.2
109484,20251226,1028,149,5,2,34,14,0.1
109485,20251227,1007,80,4,2,27,11,0.1
109486,20251227,1016,162,2,2,22,9,0.05
109487,20251227,1028,138,3,4,34,14,0
109488,20251227,1025,263,5,1,22,8,0
109489,20251227,1026,167,6,2,169,71,0
109490,20251227,1018,73,6,1,32,13,0
109491,20251227,1024,157,5,4,45,19,0
109492,20251227,1024,217,6,4,45,19,0.1
109493,20251227,1027,149,1,2,49,21,0.1
109494,20251227,1028,102,4,4,34,14,0.05
109495,20251227,1023,233,7,1,75,31,0.05
109496,20251227,1006,222,4,2,9,3,0.05
109497,20251227,1003,218,6,2,55,22,0.2
109498,20251227,1036,282,6,3,11,4,0.05
109499,20251227,1011,85,4,2,69,28,0.05
109500,20251228,1023,300,4,2,75,31,0
109501,20251228,1017,277,1,2,120,52,0
109502,20251228,1003,213,4,1,55,22,0
109503,20251228,1005,279,6,4,19,7,0.05
109504,20251228,1034,147,8,1,24,9,0
109505,20251228,1026,136,7,4,169,71,0
109506,20251228,1007,294,8,1,27,11,0
109507,20251228,1018,36,4,4,32,13,0.2
109508,20251228,1021,2,7,2,16,6,0
109509,20251228,1023,245,8,2,75,31,0
109510,20251228,1029,148,1,1,99,44,0
109511,20251228,1022,243,3,1,21,8,0
109512,20251229,1028,288,4,3,34,14,0.05
109513,20251229,1002,24,3,2,24,9,0
109514,20251229,1032,142,7,2,18,7,0
109515,20251229,1023,23,6,2,75,31,0
109516,20251229,1012,159,4,4,29,12,0.15
109517,20251229,1021,29,2,2,16,6,0.2
109518,20251229,1021,152,7,3,16,6,0
109519,20251229,1034,137,8,2,24,9,0.05
109520,20251229,1026,42,5,4,169,71,0.05
109521,20251229,1020,92,4,1,199,88,0.15
109522,20251229,1008,290,2,2,8,2,0.2
109523,20251229,1032,289,2,4,18,7,0
109524,20251229,1024,278,3,1,45,19,0
109525,20251229,1002,103,5,2,24,9,0.15
109526,20251230,1004,270,8,1,49,18,0
109527,20251230,1026,66,4,1,169,71,0.05
109528,20251230,1004,119,6,2,49,18,0
109529,20251230,1032,255,3,1,18,7,0.2
109530,20251230,1023,232,8,3,75,31,0.15
109531,20251230,1031,228,7,3,52,22,0
109532,20251230,1003,144,4,1,55,22,0.15
109533,20251230,1027,97,4,1,49,21,0.05
109534,20251230,1027,244,4,2,49,21,0
109535,20251230,1001,195,5,1,79,29,0.1
109536,20251230,1017,297,8,2,120,52,0
109537,20251230,1035,107,4,4,13,5,0.05
109538,20251231,1025,148,8,1,22,8,0
109539,20251231,1027,89,6,1,49,21,0
109540,20251231,1004,209,8,2,49,18,0.2
109541,20251231,1023,5,3,2,75,31,0
109542,20251231,1027,105,3,1,49,21,0.05
109543,20251231,1027,35,4,1,49,21,0
109544,20251231,1023,174,1,1,75,31,0
109545,20251231,1035,141,8,2,13,5,0
109546,20251231,1015,15,8,2,55,23,0
